order_id,customer_id,order_date,category,payment_method,pincode_tier,order_value,discount_percent,is_rto,is_return,outcome,return_reason,is_bad_order,past_order_count,past_return_count,past_rto_count,past_return_rate,past_rto_rate
ORD_0004519,CUST_04832,2023-01-01 00:00:00,Footwear,Prepaid,Tier_2,4043.44,32.35,0,0,Delivered,,0,0,0.0,0.0,0.0,0.0
ORD_0005725,CUST_01198,2023-01-01 01:00:00,Home,Prepaid,Tier_2,3959.72,21.97,0,0,Delivered,,0,0,0.0,0.0,0.0,0.0
ORD_0001362,CUST_02418,2023-01-01 01:00:00,Electronics,Prepaid,Tier_1,599.45,1.44,0,0,Delivered,,0,0,0.0,0.0,0.0,0.0
ORD_0008712,CUST_05059,2023-01-01 02:00:00,Fashion,COD,Tier_1,1061.47,43.81,1,0,RTO,,1,0,0.0,0.0,0.0,0.0
ORD_0008509,CUST_05083,2023-01-01 04:00:00,Fashion,Prepaid,Tier_2,713.27,49.8,0,0,Delivered,,0,0,0.0,0.0,0.0,0.0
ORD_0002349,CUST_04118,2023-01-01 04:00:00,Electronics,COD,Tier_1,652.6,20.08,0,0,Delivered,,0,0,0.0,0.0,0.0,0.0
ORD_0002579,CUST_05782,2023-01-01 05:00:00,Beauty,Prepaid,Tier_3,1436.12,6.28,0,0,Delivered,,0,0,0.0,0.0,0.0,0.0
ORD_0000417,CUST_02232,2023-01-01 06:00:00,Electronics,COD,Tier_3,345.0,17.25,0,0,Delivered,,0,0,0.0,0.0,0.0,0.0
ORD_0003069,CUST_03112,2023-01-01 08:00:00,Beauty,COD,Tier_3,1014.58,34.2,0,0,Delivered,,0,0,0.0,0.0,0.0,0.0
ORD_0001119,CUST_05101,2023-01-01 08:00:00,Footwear,Prepaid,Tier_1,403.47,1.12,0,0,Delivered,,0,0,0.0,0.0,0.0,0.0
ORD_0006223,CUST_05905,2023-01-01 08:00:00,Fashion,COD,Tier_2,2134.67,27.42,0,0,Delivered,,0,0,0.0,0.0,0.0,0.0
ORD_0004324,CUST_04801,2023-01-01 12:00:00,Home,COD,Tier_1,1072.95,15.74,1,0,RTO,,1,0,0.0,0.0,0.0,0.0
ORD_0005404,CUST_04785,2023-01-01 13:00:00,Home,Prepaid,Tier_2,494.72,38.7,0,0,Delivered,,0,0,0.0,0.0,0.0,0.0
ORD_0005652,CUST_05835,2023-01-01 14:00:00,Electronics,Prepaid,Tier_2,760.54,6.89,0,0,Delivered,,0,0,0.0,0.0,0.0,0.0
ORD_0001231,CUST_05106,2023-01-01 14:00:00,Fashion,COD,Tier_2,2416.8,15.71,0,0,Delivered,,0,0,0.0,0.0,0.0,0.0
ORD_0000277,CUST_05294,2023-01-01 14:00:00,Fashion,COD,Tier_1,2413.47,8.21,0,1,Returned,Wrong Size,1,0,0.0,0.0,0.0,0.0
ORD_0005509,CUST_00195,2023-01-01 15:00:00,Fashion,COD,Tier_3,2973.74,18.8,0,0,Delivered,,0,0,0.0,0.0,0.0,0.0
ORD_0004954,CUST_05355,2023-01-01 15:00:00,Footwear,COD,Tier_2,2107.72,11.42,1,0,RTO,,1,0,0.0,0.0,0.0,0.0
ORD_0002059,CUST_03745,2023-01-01 16:00:00,Electronics,COD,Tier_2,1988.7,27.68,1,0,RTO,,1,0,0.0,0.0,0.0,0.0
ORD_0006018,CUST_05382,2023-01-01 16:00:00,Electronics,COD,Tier_2,420.83,47.78,0,0,Delivered,,0,0,0.0,0.0,0.0,0.0
ORD_0003204,CUST_05839,2023-01-01 18:00:00,Beauty,COD,Tier_2,1952.8,18.69,1,0,RTO,,1,0,0.0,0.0,0.0,0.0
ORD_0005156,CUST_03761,2023-01-01 19:00:00,Electronics,Prepaid,Tier_3,315.51,32.97,0,0,Delivered,,0,0,0.0,0.0,0.0,0.0
ORD_0000995,CUST_05125,2023-01-01 20:00:00,Fashion,Prepaid,Tier_2,375.1,48.31,0,0,Delivered,,0,0,0.0,0.0,0.0,0.0
ORD_0002512,CUST_05023,2023-01-01 20:00:00,Fashion,Prepaid,Tier_3,1340.39,32.32,0,0,Delivered,,0,0,0.0,0.0,0.0,0.0
ORD_0009264,CUST_01687,2023-01-01 21:00:00,Fashion,COD,Tier_2,3733.46,38.27,1,0,RTO,,1,0,0.0,0.0,0.0,0.0
ORD_0007329,CUST_04743,2023-01-01 23:00:00,Fashion,Prepaid,Tier_2,2625.62,31.75,0,1,Returned,Not as Expected,1,0,0.0,0.0,0.0,0.0
ORD_0003181,CUST_00782,2023-01-01 23:00:00,Fashion,COD,Tier_3,1763.55,41.26,0,0,Delivered,,0,0,0.0,0.0,0.0,0.0
ORD_0008735,CUST_03232,2023-01-02 00:00:00,Footwear,COD,Tier_2,1444.92,0.74,1,0,RTO,,1,0,0.0,0.0,0.0,0.0
ORD_0002184,CUST_05651,2023-01-02 00:00:00,Electronics,COD,Tier_1,844.35,36.68,0,0,Delivered,,0,0,0.0,0.0,0.0,0.0
ORD_0000283,CUST_00896,2023-01-02 00:00:00,Home,Prepaid,Tier_2,400.0,10.06,0,0,Delivered,,0,0,0.0,0.0,0.0,0.0
ORD_0002598,CUST_05577,2023-01-02 01:00:00,Beauty,Prepaid,Tier_3,548.14,47.13,0,0,Delivered,,0,0,0.0,0.0,0.0,0.0
ORD_0002490,CUST_04570,2023-01-02 02:00:00,Beauty,COD,Tier_2,716.99,9.8,0,0,Delivered,,0,0,0.0,0.0,0.0,0.0
ORD_0000547,CUST_00574,2023-01-02 03:00:00,Footwear,COD,Tier_3,1218.34,31.32,0,0,Delivered,,0,0,0.0,0.0,0.0,0.0
ORD_0003750,CUST_01658,2023-01-02 03:00:00,Fashion,COD,Tier_3,1298.84,23.71,1,0,RTO,,1,0,0.0,0.0,0.0,0.0
ORD_0008231,CUST_01661,2023-01-02 08:00:00,Home,COD,Tier_1,306.34,8.45,0,0,Delivered,,0,0,0.0,0.0,0.0,0.0
ORD_0005692,CUST_02135,2023-01-02 08:00:00,Fashion,COD,Tier_2,870.65,30.84,0,0,Delivered,,0,0,0.0,0.0,0.0,0.0
ORD_0007735,CUST_05567,2023-01-02 08:00:00,Fashion,COD,Tier_3,976.25,30.21,0,1,Returned,Changed Mind,1,0,0.0,0.0,0.0,0.0
ORD_0004257,CUST_01907,2023-01-02 10:00:00,Home,Prepaid,Tier_1,429.05,28.14,0,0,Delivered,,0,0,0.0,0.0,0.0,0.0
ORD_0002200,CUST_02977,2023-01-02 10:00:00,Fashion,Prepaid,Tier_1,621.23,2.62,0,0,Delivered,,0,0,0.0,0.0,0.0,0.0
ORD_0007282,CUST_05403,2023-01-02 11:00:00,Electronics,Prepaid,Tier_3,2879.65,12.7,0,1,Returned,Wrong Size,1,0,0.0,0.0,0.0,0.0
ORD_0008072,CUST_01644,2023-01-02 11:00:00,Fashion,COD,Tier_3,654.82,8.4,1,0,RTO,,1,0,0.0,0.0,0.0,0.0
ORD_0001825,CUST_00608,2023-01-02 12:00:00,Electronics,Prepaid,Tier_1,1336.27,21.56,0,0,Delivered,,0,0,0.0,0.0,0.0,0.0
ORD_0004297,CUST_01793,2023-01-02 14:00:00,Fashion,COD,Tier_3,610.15,39.0,0,0,Delivered,,0,0,0.0,0.0,0.0,0.0
ORD_0008489,CUST_05767,2023-01-02 14:00:00,Home,COD,Tier_3,974.78,10.93,0,0,Delivered,,0,0,0.0,0.0,0.0,0.0
ORD_0006059,CUST_01854,2023-01-02 17:00:00,Home,COD,Tier_2,818.13,27.69,0,1,Returned,Changed Mind,1,0,0.0,0.0,0.0,0.0
ORD_0006402,CUST_02487,2023-01-02 19:00:00,Beauty,Prepaid,Tier_3,352.4,42.64,0,0,Delivered,,0,0,0.0,0.0,0.0,0.0
ORD_0009092,CUST_01908,2023-01-02 19:00:00,Home,COD,Tier_2,306.42,29.74,0,0,Delivered,,0,0,0.0,0.0,0.0,0.0
ORD_0005302,CUST_05820,2023-01-02 19:00:00,Electronics,COD,Tier_3,567.43,11.38,0,0,Delivered,,0,0,0.0,0.0,0.0,0.0
ORD_0006364,CUST_00235,2023-01-02 22:00:00,Fashion,COD,Tier_1,1115.11,24.2,0,0,Delivered,,0,0,0.0,0.0,0.0,0.0
ORD_0005653,CUST_05250,2023-01-02 22:00:00,Home,Prepaid,Tier_1,2167.75,4.84,0,1,Returned,Changed Mind,1,0,0.0,0.0,0.0,0.0
ORD_0007435,CUST_03888,2023-01-02 23:00:00,Beauty,Prepaid,Tier_2,578.72,25.19,1,0,RTO,,1,0,0.0,0.0,0.0,0.0
ORD_0003431,CUST_00087,2023-01-03 00:00:00,Footwear,COD,Tier_2,1071.29,14.32,0,0,Delivered,,0,0,0.0,0.0,0.0,0.0
ORD_0005732,CUST_01899,2023-01-03 02:00:00,Footwear,Prepaid,Tier_1,1063.87,19.65,0,0,Delivered,,0,0,0.0,0.0,0.0,0.0
ORD_0000032,CUST_00054,2023-01-03 02:00:00,Electronics,Prepaid,Tier_1,1287.47,2.48,0,0,Delivered,,0,0,0.0,0.0,0.0,0.0
ORD_0000558,CUST_05464,2023-01-03 03:00:00,Home,COD,Tier_3,3156.76,33.92,1,0,RTO,,1,0,0.0,0.0,0.0,0.0
ORD_0004578,CUST_03438,2023-01-03 04:00:00,Home,COD,Tier_2,806.1,40.45,0,0,Delivered,,0,0,0.0,0.0,0.0,0.0
ORD_0003642,CUST_00713,2023-01-03 05:00:00,Fashion,COD,Tier_2,772.94,16.13,1,0,RTO,,1,0,0.0,0.0,0.0,0.0
ORD_0005835,CUST_05422,2023-01-03 06:00:00,Home,Prepaid,Tier_1,2318.62,25.19,1,0,RTO,,1,0,0.0,0.0,0.0,0.0
ORD_0004334,CUST_03992,2023-01-03 07:00:00,Footwear,COD,Tier_3,3035.25,6.83,0,0,Delivered,,0,0,0.0,0.0,0.0,0.0
ORD_0008964,CUST_00486,2023-01-03 07:00:00,Electronics,Prepaid,Tier_2,324.51,48.32,0,0,Delivered,,0,0,0.0,0.0,0.0,0.0
ORD_0004916,CUST_04263,2023-01-03 08:00:00,Footwear,COD,Tier_3,1445.98,10.42,1,0,RTO,,1,0,0.0,0.0,0.0,0.0
ORD_0006168,CUST_04307,2023-01-03 08:00:00,Electronics,Prepaid,Tier_3,2262.3,47.12,0,0,Delivered,,0,0,0.0,0.0,0.0,0.0
ORD_0007991,CUST_03778,2023-01-03 09:00:00,Fashion,COD,Tier_2,887.34,34.71,0,1,Returned,Not as Expected,1,0,0.0,0.0,0.0,0.0
ORD_0006239,CUST_04236,2023-01-03 09:00:00,Fashion,Prepaid,Tier_1,1796.56,19.03,0,0,Delivered,,0,0,0.0,0.0,0.0,0.0
ORD_0003721,CUST_04379,2023-01-03 09:00:00,Fashion,COD,Tier_1,1727.61,2.35,0,0,Delivered,,0,0,0.0,0.0,0.0,0.0
ORD_0007294,CUST_05078,2023-01-03 09:00:00,Fashion,COD,Tier_2,6661.4,28.59,1,0,RTO,,1,0,0.0,0.0,0.0,0.0
ORD_0000819,CUST_02796,2023-01-03 11:00:00,Fashion,COD,Tier_2,5047.53,21.34,0,0,Delivered,,0,0,0.0,0.0,0.0,0.0
ORD_0001877,CUST_05562,2023-01-03 11:00:00,Electronics,Prepaid,Tier_2,753.07,28.67,0,0,Delivered,,0,0,0.0,0.0,0.0,0.0
ORD_0009029,CUST_00925,2023-01-03 13:00:00,Fashion,COD,Tier_2,2916.02,20.3,0,0,Delivered,,0,0,0.0,0.0,0.0,0.0
ORD_0003568,CUST_03144,2023-01-03 15:00:00,Footwear,Prepaid,Tier_2,878.17,35.64,0,0,Delivered,,0,0,0.0,0.0,0.0,0.0
ORD_0007003,CUST_01630,2023-01-03 15:00:00,Footwear,COD,Tier_1,2707.96,26.54,0,0,Delivered,,0,0,0.0,0.0,0.0,0.0
ORD_0008228,CUST_05044,2023-01-03 16:00:00,Home,COD,Tier_1,1645.85,19.87,1,0,RTO,,1,0,0.0,0.0,0.0,0.0
ORD_0007108,CUST_01892,2023-01-03 16:00:00,Beauty,COD,Tier_1,2690.39,25.68,0,0,Delivered,,0,0,0.0,0.0,0.0,0.0
ORD_0006980,CUST_00546,2023-01-03 16:00:00,Fashion,COD,Tier_2,8520.03,13.55,0,0,Delivered,,0,0,0.0,0.0,0.0,0.0
ORD_0007560,CUST_04212,2023-01-03 16:00:00,Beauty,Prepaid,Tier_3,382.81,10.67,0,0,Delivered,,0,0,0.0,0.0,0.0,0.0
ORD_0006751,CUST_03046,2023-01-03 19:00:00,Footwear,Prepaid,Tier_2,396.58,36.28,0,1,Returned,Wrong Size,1,0,0.0,0.0,0.0,0.0
ORD_0004300,CUST_03916,2023-01-03 19:00:00,Footwear,COD,Tier_2,377.62,38.34,0,0,Delivered,,0,0,0.0,0.0,0.0,0.0
ORD_0001531,CUST_02471,2023-01-03 20:00:00,Fashion,Prepaid,Tier_3,742.04,42.87,0,0,Delivered,,0,0,0.0,0.0,0.0,0.0
ORD_0009756,CUST_02017,2023-01-03 21:00:00,Fashion,COD,Tier_3,1497.83,0.42,0,0,Delivered,,0,0,0.0,0.0,0.0,0.0
ORD_0009377,CUST_03458,2023-01-03 21:00:00,Fashion,COD,Tier_3,2437.31,22.8,0,0,Delivered,,0,0,0.0,0.0,0.0,0.0
ORD_0009603,CUST_04049,2023-01-03 22:00:00,Electronics,COD,Tier_2,3379.51,7.83,0,0,Delivered,,0,0,0.0,0.0,0.0,0.0
ORD_0007015,CUST_03223,2023-01-03 22:00:00,Electronics,Prepaid,Tier_1,477.71,8.88,0,0,Delivered,,0,0,0.0,0.0,0.0,0.0
ORD_0009572,CUST_03789,2023-01-03 22:00:00,Footwear,COD,Tier_2,3472.15,36.67,0,0,Delivered,,0,0,0.0,0.0,0.0,0.0
ORD_0008443,CUST_00363,2023-01-03 23:00:00,Fashion,COD,Tier_3,322.69,22.06,0,1,Returned,Wrong Size,1,0,0.0,0.0,0.0,0.0
ORD_0009364,CUST_01935,2023-01-03 23:00:00,Fashion,Prepaid,Tier_2,1291.66,18.36,0,1,Returned,Wrong Size,1,0,0.0,0.0,0.0,0.0
ORD_0004659,CUST_01424,2023-01-03 23:00:00,Home,Prepaid,Tier_2,504.4,17.35,0,0,Delivered,,0,0,0.0,0.0,0.0,0.0
ORD_0001140,CUST_04513,2023-01-03 23:00:00,Fashion,Prepaid,Tier_1,1183.39,13.23,0,0,Delivered,,0,0,0.0,0.0,0.0,0.0
ORD_0004466,CUST_02956,2023-01-04 00:00:00,Footwear,Prepaid,Tier_3,2077.64,11.6,0,0,Delivered,,0,0,0.0,0.0,0.0,0.0
ORD_0001447,CUST_05044,2023-01-04 02:00:00,Fashion,COD,Tier_2,746.75,24.28,0,0,Delivered,,0,1,0.0,1.0,0.0,1.0
ORD_0007825,CUST_02206,2023-01-04 02:00:00,Footwear,Prepaid,Tier_2,2351.81,18.32,0,1,Returned,Changed Mind,1,0,0.0,0.0,0.0,0.0
ORD_0000849,CUST_03807,2023-01-04 04:00:00,Footwear,Prepaid,Tier_1,1985.92,28.83,0,0,Delivered,,0,0,0.0,0.0,0.0,0.0
ORD_0000059,CUST_05067,2023-01-04 05:00:00,Beauty,COD,Tier_1,372.81,45.36,0,0,Delivered,,0,0,0.0,0.0,0.0,0.0
ORD_0005073,CUST_01086,2023-01-04 05:00:00,Footwear,COD,Tier_2,1013.52,17.79,0,0,Delivered,,0,0,0.0,0.0,0.0,0.0
ORD_0006111,CUST_02158,2023-01-04 05:00:00,Beauty,Prepaid,Tier_3,1575.78,23.92,1,0,RTO,,1,0,0.0,0.0,0.0,0.0
ORD_0006171,CUST_04430,2023-01-04 06:00:00,Footwear,COD,Tier_2,408.64,2.28,0,0,Delivered,,0,0,0.0,0.0,0.0,0.0
ORD_0007857,CUST_00640,2023-01-04 06:00:00,Footwear,Prepaid,Tier_1,3796.28,6.79,0,0,Delivered,,0,0,0.0,0.0,0.0,0.0
ORD_0000958,CUST_03914,2023-01-04 07:00:00,Electronics,Prepaid,Tier_2,1340.4,25.97,0,0,Delivered,,0,0,0.0,0.0,0.0,0.0
ORD_0009982,CUST_03457,2023-01-04 08:00:00,Fashion,Prepaid,Tier_3,2560.68,22.59,0,0,Delivered,,0,0,0.0,0.0,0.0,0.0
ORD_0008591,CUST_02402,2023-01-04 10:00:00,Beauty,Prepaid,Tier_3,2004.29,23.34,0,0,Delivered,,0,0,0.0,0.0,0.0,0.0
ORD_0001613,CUST_05907,2023-01-04 10:00:00,Footwear,COD,Tier_1,4922.52,40.33,0,0,Delivered,,0,0,0.0,0.0,0.0,0.0
ORD_0009743,CUST_04168,2023-01-04 10:00:00,Fashion,Prepaid,Tier_3,1498.72,15.75,0,0,Delivered,,0,0,0.0,0.0,0.0,0.0
ORD_0004705,CUST_01694,2023-01-04 11:00:00,Footwear,Prepaid,Tier_2,2952.75,47.73,0,0,Delivered,,0,0,0.0,0.0,0.0,0.0
ORD_0006186,CUST_00097,2023-01-04 11:00:00,Home,Prepaid,Tier_2,4206.94,1.21,0,0,Delivered,,0,0,0.0,0.0,0.0,0.0
ORD_0003112,CUST_00496,2023-01-04 11:00:00,Footwear,COD,Tier_2,1469.1,48.82,0,0,Delivered,,0,0,0.0,0.0,0.0,0.0
ORD_0009814,CUST_03297,2023-01-04 14:00:00,Fashion,COD,Tier_1,5699.85,36.27,0,0,Delivered,,0,0,0.0,0.0,0.0,0.0
ORD_0004325,CUST_00828,2023-01-04 15:00:00,Footwear,COD,Tier_3,672.44,16.4,0,0,Delivered,,0,0,0.0,0.0,0.0,0.0
ORD_0005045,CUST_00779,2023-01-04 17:00:00,Fashion,COD,Tier_2,1212.88,3.64,0,0,Delivered,,0,0,0.0,0.0,0.0,0.0
ORD_0001709,CUST_00373,2023-01-04 18:00:00,Fashion,COD,Tier_1,1142.11,35.08,1,0,RTO,,1,0,0.0,0.0,0.0,0.0
ORD_0000121,CUST_02170,2023-01-04 19:00:00,Footwear,Prepaid,Tier_2,408.27,27.64,0,0,Delivered,,0,0,0.0,0.0,0.0,0.0
ORD_0004042,CUST_05102,2023-01-04 19:00:00,Fashion,COD,Tier_3,1405.16,12.63,0,0,Delivered,,0,0,0.0,0.0,0.0,0.0
ORD_0009544,CUST_03362,2023-01-04 19:00:00,Footwear,COD,Tier_2,1922.5,45.76,0,0,Delivered,,0,0,0.0,0.0,0.0,0.0
ORD_0007444,CUST_02746,2023-01-04 20:00:00,Fashion,COD,Tier_1,771.42,3.92,0,0,Delivered,,0,0,0.0,0.0,0.0,0.0
ORD_0000726,CUST_01046,2023-01-04 20:00:00,Fashion,Prepaid,Tier_3,306.92,14.82,0,0,Delivered,,0,0,0.0,0.0,0.0,0.0
ORD_0005741,CUST_02960,2023-01-04 20:00:00,Fashion,Prepaid,Tier_2,472.07,27.47,0,0,Delivered,,0,0,0.0,0.0,0.0,0.0
ORD_0004353,CUST_05971,2023-01-04 20:00:00,Electronics,Prepaid,Tier_1,826.79,5.51,0,0,Delivered,,0,0,0.0,0.0,0.0,0.0
ORD_0008935,CUST_05816,2023-01-04 20:00:00,Footwear,COD,Tier_2,385.11,9.79,1,0,RTO,,1,0,0.0,0.0,0.0,0.0
ORD_0001184,CUST_03659,2023-01-04 22:00:00,Electronics,COD,Tier_2,2101.96,17.26,0,0,Delivered,,0,0,0.0,0.0,0.0,0.0
ORD_0009464,CUST_00448,2023-01-04 22:00:00,Footwear,COD,Tier_2,741.62,1.4,1,0,RTO,,1,0,0.0,0.0,0.0,0.0
ORD_0001042,CUST_02365,2023-01-04 23:00:00,Footwear,COD,Tier_2,5381.31,6.81,0,0,Delivered,,0,0,0.0,0.0,0.0,0.0
ORD_0004250,CUST_00241,2023-01-05 00:00:00,Electronics,COD,Tier_1,303.84,3.91,0,0,Delivered,,0,0,0.0,0.0,0.0,0.0
ORD_0003596,CUST_04055,2023-01-05 01:00:00,Fashion,Prepaid,Tier_3,1135.31,48.1,1,0,RTO,,1,0,0.0,0.0,0.0,0.0
ORD_0002190,CUST_02889,2023-01-05 02:00:00,Footwear,COD,Tier_2,3812.04,49.77,0,0,Delivered,,0,0,0.0,0.0,0.0,0.0
ORD_0007826,CUST_03366,2023-01-05 04:00:00,Electronics,Prepaid,Tier_2,1266.22,45.25,0,0,Delivered,,0,0,0.0,0.0,0.0,0.0
ORD_0002544,CUST_04739,2023-01-05 04:00:00,Home,COD,Tier_1,966.69,6.44,1,0,RTO,,1,0,0.0,0.0,0.0,0.0
ORD_0000654,CUST_04489,2023-01-05 04:00:00,Footwear,COD,Tier_1,1185.78,26.71,0,0,Delivered,,0,0,0.0,0.0,0.0,0.0
ORD_0009346,CUST_01970,2023-01-05 04:00:00,Home,Prepaid,Tier_2,2636.25,8.03,0,0,Delivered,,0,0,0.0,0.0,0.0,0.0
ORD_0009517,CUST_05696,2023-01-05 04:00:00,Home,COD,Tier_1,861.3,41.28,1,0,RTO,,1,0,0.0,0.0,0.0,0.0
ORD_0006065,CUST_00039,2023-01-05 07:00:00,Electronics,Prepaid,Tier_2,638.82,25.81,0,0,Delivered,,0,0,0.0,0.0,0.0,0.0
ORD_0005163,CUST_02590,2023-01-05 07:00:00,Electronics,COD,Tier_2,455.57,7.9,0,0,Delivered,,0,0,0.0,0.0,0.0,0.0
ORD_0002012,CUST_00437,2023-01-05 08:00:00,Fashion,COD,Tier_3,1236.21,22.26,0,1,Returned,Changed Mind,1,0,0.0,0.0,0.0,0.0
ORD_0007772,CUST_01731,2023-01-05 09:00:00,Electronics,Prepaid,Tier_2,945.81,35.0,0,0,Delivered,,0,0,0.0,0.0,0.0,0.0
ORD_0001777,CUST_04182,2023-01-05 11:00:00,Fashion,COD,Tier_3,1208.72,39.07,1,0,RTO,,1,0,0.0,0.0,0.0,0.0
ORD_0005898,CUST_05716,2023-01-05 11:00:00,Beauty,Prepaid,Tier_3,1268.43,0.74,0,0,Delivered,,0,0,0.0,0.0,0.0,0.0
ORD_0006472,CUST_01524,2023-01-05 12:00:00,Electronics,COD,Tier_1,1256.68,39.15,1,0,RTO,,1,0,0.0,0.0,0.0,0.0
ORD_0009626,CUST_04776,2023-01-05 12:00:00,Fashion,COD,Tier_2,1974.64,30.31,0,0,Delivered,,0,0,0.0,0.0,0.0,0.0
ORD_0003047,CUST_03847,2023-01-05 13:00:00,Home,COD,Tier_1,2202.39,16.56,0,0,Delivered,,0,0,0.0,0.0,0.0,0.0
ORD_0001234,CUST_05324,2023-01-05 15:00:00,Home,Prepaid,Tier_3,867.26,1.08,0,0,Delivered,,0,0,0.0,0.0,0.0,0.0
ORD_0000722,CUST_03313,2023-01-05 15:00:00,Fashion,COD,Tier_1,3105.25,43.2,0,0,Delivered,,0,0,0.0,0.0,0.0,0.0
ORD_0002944,CUST_05409,2023-01-05 16:00:00,Fashion,Prepaid,Tier_3,2585.6,49.51,0,0,Delivered,,0,0,0.0,0.0,0.0,0.0
ORD_0002347,CUST_04371,2023-01-05 16:00:00,Fashion,COD,Tier_2,910.23,38.49,0,0,Delivered,,0,0,0.0,0.0,0.0,0.0
ORD_0001127,CUST_01074,2023-01-05 17:00:00,Fashion,COD,Tier_1,1077.49,1.66,0,0,Delivered,,0,0,0.0,0.0,0.0,0.0
ORD_0004163,CUST_00995,2023-01-05 17:00:00,Beauty,COD,Tier_2,889.87,17.13,0,0,Delivered,,0,0,0.0,0.0,0.0,0.0
ORD_0000827,CUST_03767,2023-01-05 18:00:00,Home,COD,Tier_1,2582.68,27.09,0,0,Delivered,,0,0,0.0,0.0,0.0,0.0
ORD_0006770,CUST_05950,2023-01-05 21:00:00,Footwear,COD,Tier_1,455.39,48.96,0,0,Delivered,,0,0,0.0,0.0,0.0,0.0
ORD_0002072,CUST_02387,2023-01-05 21:00:00,Fashion,Prepaid,Tier_2,1940.76,2.79,0,0,Delivered,,0,0,0.0,0.0,0.0,0.0
ORD_0001426,CUST_02494,2023-01-06 00:00:00,Home,Prepaid,Tier_2,497.48,45.54,0,0,Delivered,,0,0,0.0,0.0,0.0,0.0
ORD_0005209,CUST_02392,2023-01-06 00:00:00,Fashion,COD,Tier_2,1698.13,14.97,1,0,RTO,,1,0,0.0,0.0,0.0,0.0
ORD_0009967,CUST_01715,2023-01-06 01:00:00,Fashion,COD,Tier_3,1218.56,5.0,1,0,RTO,,1,0,0.0,0.0,0.0,0.0
ORD_0001688,CUST_05423,2023-01-06 02:00:00,Home,COD,Tier_2,10953.7,39.26,0,0,Delivered,,0,0,0.0,0.0,0.0,0.0
ORD_0004782,CUST_03429,2023-01-06 03:00:00,Fashion,COD,Tier_2,1241.71,8.1,0,0,Delivered,,0,0,0.0,0.0,0.0,0.0
ORD_0003990,CUST_05922,2023-01-06 04:00:00,Footwear,COD,Tier_2,3673.46,41.47,0,0,Delivered,,0,0,0.0,0.0,0.0,0.0
ORD_0001106,CUST_02649,2023-01-06 04:00:00,Fashion,COD,Tier_1,1646.68,24.63,0,1,Returned,Wrong Size,1,0,0.0,0.0,0.0,0.0
ORD_0002583,CUST_04595,2023-01-06 04:00:00,Home,COD,Tier_1,1146.26,37.38,1,0,RTO,,1,0,0.0,0.0,0.0,0.0
ORD_0008106,CUST_02183,2023-01-06 05:00:00,Fashion,COD,Tier_2,1407.04,41.92,0,0,Delivered,,0,0,0.0,0.0,0.0,0.0
ORD_0006787,CUST_04189,2023-01-06 05:00:00,Fashion,COD,Tier_2,860.38,11.43,1,0,RTO,,1,0,0.0,0.0,0.0,0.0
ORD_0002414,CUST_02192,2023-01-06 08:00:00,Home,COD,Tier_2,355.25,46.1,0,0,Delivered,,0,0,0.0,0.0,0.0,0.0
ORD_0000973,CUST_02034,2023-01-06 10:00:00,Fashion,Prepaid,Tier_2,1689.51,37.76,0,0,Delivered,,0,0,0.0,0.0,0.0,0.0
ORD_0009530,CUST_05148,2023-01-06 11:00:00,Home,COD,Tier_1,3023.32,15.54,0,0,Delivered,,0,0,0.0,0.0,0.0,0.0
ORD_0004228,CUST_04308,2023-01-06 13:00:00,Fashion,Prepaid,Tier_3,321.89,4.57,0,0,Delivered,,0,0,0.0,0.0,0.0,0.0
ORD_0008066,CUST_02116,2023-01-06 13:00:00,Fashion,COD,Tier_2,4558.79,44.3,0,0,Delivered,,0,0,0.0,0.0,0.0,0.0
ORD_0004814,CUST_05569,2023-01-06 15:00:00,Fashion,Prepaid,Tier_2,3911.41,5.87,0,0,Delivered,,0,0,0.0,0.0,0.0,0.0
ORD_0008299,CUST_04096,2023-01-06 16:00:00,Footwear,COD,Tier_1,799.3,49.7,0,0,Delivered,,0,0,0.0,0.0,0.0,0.0
ORD_0007760,CUST_03537,2023-01-06 17:00:00,Home,COD,Tier_1,1947.29,4.22,0,0,Delivered,,0,0,0.0,0.0,0.0,0.0
ORD_0001532,CUST_03753,2023-01-06 18:00:00,Beauty,COD,Tier_1,2475.17,19.04,1,0,RTO,,1,0,0.0,0.0,0.0,0.0
ORD_0007930,CUST_04879,2023-01-06 18:00:00,Footwear,Prepaid,Tier_3,313.1,48.11,0,0,Delivered,,0,0,0.0,0.0,0.0,0.0
ORD_0003836,CUST_05981,2023-01-06 18:00:00,Home,Prepaid,Tier_3,1386.11,21.72,0,0,Delivered,,0,0,0.0,0.0,0.0,0.0
ORD_0003971,CUST_02155,2023-01-06 19:00:00,Electronics,COD,Tier_1,886.96,24.78,0,0,Delivered,,0,0,0.0,0.0,0.0,0.0
ORD_0006106,CUST_02893,2023-01-06 19:00:00,Home,COD,Tier_3,373.78,41.75,0,0,Delivered,,0,0,0.0,0.0,0.0,0.0
ORD_0007781,CUST_03418,2023-01-06 19:00:00,Home,COD,Tier_1,393.26,16.6,0,1,Returned,Wrong Size,1,0,0.0,0.0,0.0,0.0
ORD_0001939,CUST_00829,2023-01-06 19:00:00,Footwear,COD,Tier_3,765.59,8.52,0,1,Returned,Changed Mind,1,0,0.0,0.0,0.0,0.0
ORD_0006189,CUST_03109,2023-01-06 20:00:00,Fashion,COD,Tier_3,783.61,26.15,0,0,Delivered,,0,0,0.0,0.0,0.0,0.0
ORD_0001399,CUST_02148,2023-01-06 23:00:00,Fashion,Prepaid,Tier_2,6296.96,7.8,0,0,Delivered,,0,0,0.0,0.0,0.0,0.0
ORD_0003621,CUST_00928,2023-01-07 00:00:00,Fashion,COD,Tier_3,1059.11,20.01,0,0,Delivered,,0,0,0.0,0.0,0.0,0.0
ORD_0001209,CUST_01247,2023-01-07 01:00:00,Fashion,COD,Tier_1,5041.25,33.28,0,0,Delivered,,0,0,0.0,0.0,0.0,0.0
ORD_0006045,CUST_01641,2023-01-07 01:00:00,Footwear,Prepaid,Tier_1,689.37,44.91,0,0,Delivered,,0,0,0.0,0.0,0.0,0.0
ORD_0002376,CUST_04080,2023-01-07 03:00:00,Fashion,Prepaid,Tier_2,785.74,15.38,0,0,Delivered,,0,0,0.0,0.0,0.0,0.0
ORD_0002222,CUST_03686,2023-01-07 03:00:00,Fashion,COD,Tier_3,680.23,4.63,0,1,Returned,Changed Mind,1,0,0.0,0.0,0.0,0.0
ORD_0007179,CUST_04229,2023-01-07 03:00:00,Fashion,Prepaid,Tier_3,3319.51,19.88,0,0,Delivered,,0,0,0.0,0.0,0.0,0.0
ORD_0009298,CUST_04351,2023-01-07 04:00:00,Home,COD,Tier_2,926.59,1.79,1,0,RTO,,1,0,0.0,0.0,0.0,0.0
ORD_0001521,CUST_04864,2023-01-07 04:00:00,Fashion,Prepaid,Tier_1,4583.6,29.64,0,0,Delivered,,0,0,0.0,0.0,0.0,0.0
ORD_0006039,CUST_03273,2023-01-07 05:00:00,Beauty,COD,Tier_2,761.92,6.96,0,1,Returned,Not as Expected,1,0,0.0,0.0,0.0,0.0
ORD_0006107,CUST_04232,2023-01-07 05:00:00,Footwear,COD,Tier_2,663.36,41.68,0,0,Delivered,,0,0,0.0,0.0,0.0,0.0
ORD_0005632,CUST_02604,2023-01-07 06:00:00,Fashion,COD,Tier_3,2491.82,13.08,0,0,Delivered,,0,0,0.0,0.0,0.0,0.0
ORD_0003436,CUST_04250,2023-01-07 07:00:00,Fashion,Prepaid,Tier_1,1215.78,27.47,0,1,Returned,Changed Mind,1,0,0.0,0.0,0.0,0.0
ORD_0001493,CUST_02272,2023-01-07 08:00:00,Fashion,Prepaid,Tier_1,374.59,4.96,0,0,Delivered,,0,0,0.0,0.0,0.0,0.0
ORD_0006282,CUST_02910,2023-01-07 09:00:00,Fashion,Prepaid,Tier_1,770.41,31.72,0,0,Delivered,,0,0,0.0,0.0,0.0,0.0
ORD_0001821,CUST_04845,2023-01-07 10:00:00,Fashion,COD,Tier_1,871.56,12.06,1,0,RTO,,1,0,0.0,0.0,0.0,0.0
ORD_0005166,CUST_05353,2023-01-07 11:00:00,Fashion,COD,Tier_2,710.92,27.34,0,1,Returned,Wrong Size,1,0,0.0,0.0,0.0,0.0
ORD_0002511,CUST_02687,2023-01-07 11:00:00,Footwear,Prepaid,Tier_2,1001.47,19.58,0,0,Delivered,,0,0,0.0,0.0,0.0,0.0
ORD_0001649,CUST_02239,2023-01-07 11:00:00,Fashion,COD,Tier_3,1203.77,31.31,0,1,Returned,Wrong Size,1,0,0.0,0.0,0.0,0.0
ORD_0009051,CUST_02556,2023-01-07 12:00:00,Fashion,Prepaid,Tier_3,7197.35,10.38,0,0,Delivered,,0,0,0.0,0.0,0.0,0.0
ORD_0005802,CUST_05532,2023-01-07 12:00:00,Home,Prepaid,Tier_3,2504.01,10.68,0,1,Returned,Defective,1,0,0.0,0.0,0.0,0.0
ORD_0005870,CUST_04132,2023-01-07 14:00:00,Beauty,COD,Tier_2,2391.63,44.5,0,0,Delivered,,0,0,0.0,0.0,0.0,0.0
ORD_0004806,CUST_02407,2023-01-07 14:00:00,Footwear,COD,Tier_2,1064.43,23.92,0,0,Delivered,,0,0,0.0,0.0,0.0,0.0
ORD_0001400,CUST_04789,2023-01-07 15:00:00,Electronics,COD,Tier_1,2149.24,22.95,0,0,Delivered,,0,0,0.0,0.0,0.0,0.0
ORD_0001897,CUST_04774,2023-01-07 16:00:00,Fashion,COD,Tier_1,857.63,43.33,1,0,RTO,,1,0,0.0,0.0,0.0,0.0
ORD_0004896,CUST_00034,2023-01-07 20:00:00,Beauty,Prepaid,Tier_3,1755.97,49.45,0,0,Delivered,,0,0,0.0,0.0,0.0,0.0
ORD_0008510,CUST_02751,2023-01-07 21:00:00,Fashion,COD,Tier_1,1208.44,0.02,0,0,Delivered,,0,0,0.0,0.0,0.0,0.0
ORD_0000963,CUST_00607,2023-01-07 21:00:00,Beauty,Prepaid,Tier_3,1442.23,44.17,0,0,Delivered,,0,0,0.0,0.0,0.0,0.0
ORD_0002912,CUST_01689,2023-01-07 22:00:00,Footwear,COD,Tier_1,1414.61,36.9,0,0,Delivered,,0,0,0.0,0.0,0.0,0.0
ORD_0003318,CUST_03967,2023-01-07 22:00:00,Electronics,COD,Tier_2,1457.33,42.18,0,0,Delivered,,0,0,0.0,0.0,0.0,0.0
ORD_0003705,CUST_02280,2023-01-07 23:00:00,Footwear,Prepaid,Tier_2,4882.0,19.12,0,0,Delivered,,0,0,0.0,0.0,0.0,0.0
ORD_0004010,CUST_02637,2023-01-07 23:00:00,Fashion,Prepaid,Tier_1,4597.32,47.86,0,1,Returned,Changed Mind,1,0,0.0,0.0,0.0,0.0
ORD_0001847,CUST_01543,2023-01-07 23:00:00,Electronics,COD,Tier_1,2724.4,35.93,0,0,Delivered,,0,0,0.0,0.0,0.0,0.0
ORD_0003348,CUST_05696,2023-01-08 01:00:00,Electronics,Prepaid,Tier_1,1389.89,20.67,0,0,Delivered,,0,1,0.0,1.0,0.0,1.0
ORD_0004797,CUST_03898,2023-01-08 01:00:00,Footwear,COD,Tier_2,728.2,31.39,0,0,Delivered,,0,0,0.0,0.0,0.0,0.0
ORD_0002247,CUST_03656,2023-01-08 02:00:00,Footwear,Prepaid,Tier_3,2927.14,38.46,0,0,Delivered,,0,0,0.0,0.0,0.0,0.0
ORD_0002565,CUST_00156,2023-01-08 03:00:00,Fashion,Prepaid,Tier_1,547.75,3.49,0,0,Delivered,,0,0,0.0,0.0,0.0,0.0
ORD_0002890,CUST_03793,2023-01-08 04:00:00,Beauty,COD,Tier_2,417.03,7.25,0,0,Delivered,,0,0,0.0,0.0,0.0,0.0
ORD_0004786,CUST_04777,2023-01-08 04:00:00,Beauty,COD,Tier_3,324.37,29.15,1,0,RTO,,1,0,0.0,0.0,0.0,0.0
ORD_0003166,CUST_03107,2023-01-08 04:00:00,Fashion,COD,Tier_2,1388.0,8.23,0,0,Delivered,,0,0,0.0,0.0,0.0,0.0
ORD_0000934,CUST_00116,2023-01-08 05:00:00,Fashion,Prepaid,Tier_1,1366.21,27.63,0,1,Returned,Wrong Size,1,0,0.0,0.0,0.0,0.0
ORD_0008362,CUST_01629,2023-01-08 05:00:00,Home,Prepaid,Tier_2,2860.5,41.78,0,0,Delivered,,0,0,0.0,0.0,0.0,0.0
ORD_0003222,CUST_02834,2023-01-08 08:00:00,Footwear,Prepaid,Tier_1,968.08,28.27,0,1,Returned,Wrong Size,1,0,0.0,0.0,0.0,0.0
ORD_0008346,CUST_00430,2023-01-08 09:00:00,Fashion,Prepaid,Tier_1,1724.63,1.4,0,0,Delivered,,0,0,0.0,0.0,0.0,0.0
ORD_0001037,CUST_00489,2023-01-08 10:00:00,Footwear,COD,Tier_3,1038.44,15.06,0,0,Delivered,,0,0,0.0,0.0,0.0,0.0
ORD_0008245,CUST_04859,2023-01-08 12:00:00,Fashion,Prepaid,Tier_2,522.46,22.37,0,1,Returned,Not as Expected,1,0,0.0,0.0,0.0,0.0
ORD_0007390,CUST_01586,2023-01-08 12:00:00,Home,COD,Tier_2,1256.26,7.36,0,1,Returned,Wrong Size,1,0,0.0,0.0,0.0,0.0
ORD_0001260,CUST_01363,2023-01-08 13:00:00,Footwear,COD,Tier_3,3467.78,16.76,0,1,Returned,Changed Mind,1,0,0.0,0.0,0.0,0.0
ORD_0003797,CUST_00581,2023-01-08 15:00:00,Fashion,Prepaid,Tier_3,6591.89,17.1,0,0,Delivered,,0,0,0.0,0.0,0.0,0.0
ORD_0006743,CUST_01296,2023-01-08 15:00:00,Electronics,COD,Tier_3,711.59,14.07,0,0,Delivered,,0,0,0.0,0.0,0.0,0.0
ORD_0003672,CUST_02191,2023-01-08 17:00:00,Fashion,COD,Tier_3,1007.56,0.07,1,0,RTO,,1,0,0.0,0.0,0.0,0.0
ORD_0007002,CUST_01528,2023-01-08 17:00:00,Home,COD,Tier_2,554.75,41.2,0,0,Delivered,,0,0,0.0,0.0,0.0,0.0
ORD_0001801,CUST_03801,2023-01-08 18:00:00,Electronics,Prepaid,Tier_3,1446.77,39.44,0,1,Returned,Wrong Size,1,0,0.0,0.0,0.0,0.0
ORD_0009280,CUST_01754,2023-01-08 19:00:00,Fashion,Prepaid,Tier_3,1689.54,46.96,0,1,Returned,Not as Expected,1,0,0.0,0.0,0.0,0.0
ORD_0005551,CUST_04969,2023-01-08 19:00:00,Beauty,Prepaid,Tier_2,6405.35,2.46,0,1,Returned,Changed Mind,1,0,0.0,0.0,0.0,0.0
ORD_0009003,CUST_01570,2023-01-08 20:00:00,Fashion,COD,Tier_1,2310.33,39.86,0,0,Delivered,,0,0,0.0,0.0,0.0,0.0
ORD_0005754,CUST_02158,2023-01-08 20:00:00,Electronics,Prepaid,Tier_2,2980.4,46.63,0,0,Delivered,,0,1,0.0,1.0,0.0,1.0
ORD_0008150,CUST_03148,2023-01-08 22:00:00,Fashion,COD,Tier_2,646.8,22.38,0,1,Returned,Not as Expected,1,0,0.0,0.0,0.0,0.0
ORD_0001066,CUST_04713,2023-01-08 22:00:00,Electronics,COD,Tier_3,1742.64,11.18,1,0,RTO,,1,0,0.0,0.0,0.0,0.0
ORD_0005985,CUST_01317,2023-01-08 22:00:00,Fashion,COD,Tier_2,3594.63,5.13,0,0,Delivered,,0,0,0.0,0.0,0.0,0.0
ORD_0008681,CUST_03753,2023-01-09 01:00:00,Fashion,COD,Tier_3,578.54,32.51,0,0,Delivered,,0,1,0.0,1.0,0.0,1.0
ORD_0008495,CUST_05659,2023-01-09 01:00:00,Beauty,COD,Tier_1,732.84,20.93,0,0,Delivered,,0,0,0.0,0.0,0.0,0.0
ORD_0002522,CUST_04361,2023-01-09 02:00:00,Home,COD,Tier_1,900.04,31.36,0,0,Delivered,,0,0,0.0,0.0,0.0,0.0
ORD_0005299,CUST_02829,2023-01-09 02:00:00,Fashion,Prepaid,Tier_2,302.62,6.28,0,0,Delivered,,0,0,0.0,0.0,0.0,0.0
ORD_0002768,CUST_03813,2023-01-09 03:00:00,Footwear,Prepaid,Tier_1,1455.17,10.65,0,0,Delivered,,0,0,0.0,0.0,0.0,0.0
ORD_0004142,CUST_00748,2023-01-09 04:00:00,Footwear,Prepaid,Tier_2,2303.58,39.26,0,1,Returned,Not as Expected,1,0,0.0,0.0,0.0,0.0
ORD_0004845,CUST_03385,2023-01-09 07:00:00,Footwear,COD,Tier_2,1998.91,29.74,0,0,Delivered,,0,0,0.0,0.0,0.0,0.0
ORD_0002710,CUST_04296,2023-01-09 07:00:00,Home,Prepaid,Tier_2,650.64,43.9,0,0,Delivered,,0,0,0.0,0.0,0.0,0.0
ORD_0003082,CUST_03776,2023-01-09 09:00:00,Fashion,COD,Tier_2,1485.73,11.48,0,0,Delivered,,0,0,0.0,0.0,0.0,0.0
ORD_0008559,CUST_03852,2023-01-09 10:00:00,Home,COD,Tier_1,3538.17,37.2,0,0,Delivered,,0,0,0.0,0.0,0.0,0.0
ORD_0007249,CUST_04633,2023-01-09 12:00:00,Footwear,COD,Tier_1,457.53,13.99,0,0,Delivered,,0,0,0.0,0.0,0.0,0.0
ORD_0009713,CUST_00448,2023-01-09 13:00:00,Fashion,COD,Tier_2,3125.11,26.34,1,0,RTO,,1,1,0.0,1.0,0.0,1.0
ORD_0003477,CUST_02460,2023-01-09 15:00:00,Electronics,COD,Tier_2,3677.96,18.31,0,0,Delivered,,0,0,0.0,0.0,0.0,0.0
ORD_0008144,CUST_02376,2023-01-09 17:00:00,Home,COD,Tier_2,2732.77,4.41,0,0,Delivered,,0,0,0.0,0.0,0.0,0.0
ORD_0006347,CUST_00852,2023-01-09 18:00:00,Beauty,Prepaid,Tier_3,301.53,16.71,0,0,Delivered,,0,0,0.0,0.0,0.0,0.0
ORD_0001249,CUST_05171,2023-01-09 18:00:00,Electronics,Prepaid,Tier_3,314.13,4.0,0,0,Delivered,,0,0,0.0,0.0,0.0,0.0
ORD_0006227,CUST_03541,2023-01-09 18:00:00,Fashion,COD,Tier_2,1235.82,3.36,0,0,Delivered,,0,0,0.0,0.0,0.0,0.0
ORD_0008378,CUST_03969,2023-01-09 19:00:00,Fashion,COD,Tier_3,381.74,28.62,0,1,Returned,Changed Mind,1,0,0.0,0.0,0.0,0.0
ORD_0001647,CUST_00238,2023-01-09 19:00:00,Footwear,COD,Tier_1,794.02,26.21,0,1,Returned,Changed Mind,1,0,0.0,0.0,0.0,0.0
ORD_0001569,CUST_05364,2023-01-09 19:00:00,Home,Prepaid,Tier_3,1846.36,25.37,0,0,Delivered,,0,0,0.0,0.0,0.0,0.0
ORD_0004609,CUST_05683,2023-01-09 21:00:00,Footwear,COD,Tier_2,1926.23,7.66,0,0,Delivered,,0,0,0.0,0.0,0.0,0.0
ORD_0003428,CUST_02717,2023-01-09 21:00:00,Fashion,COD,Tier_2,1060.25,33.25,0,0,Delivered,,0,0,0.0,0.0,0.0,0.0
ORD_0006387,CUST_05242,2023-01-09 22:00:00,Footwear,COD,Tier_1,1886.03,25.93,0,1,Returned,Wrong Size,1,0,0.0,0.0,0.0,0.0
ORD_0007250,CUST_05403,2023-01-09 22:00:00,Home,Prepaid,Tier_3,521.31,25.09,0,0,Delivered,,0,1,1.0,0.0,1.0,0.0
ORD_0003242,CUST_03076,2023-01-09 23:00:00,Home,COD,Tier_1,2114.69,38.4,0,0,Delivered,,0,0,0.0,0.0,0.0,0.0
ORD_0005697,CUST_01218,2023-01-10 00:00:00,Fashion,COD,Tier_3,2427.71,44.93,1,0,RTO,,1,0,0.0,0.0,0.0,0.0
ORD_0004655,CUST_01112,2023-01-10 00:00:00,Fashion,COD,Tier_3,4487.21,49.66,0,0,Delivered,,0,0,0.0,0.0,0.0,0.0
ORD_0009986,CUST_01249,2023-01-10 01:00:00,Electronics,COD,Tier_2,732.73,35.94,0,0,Delivered,,0,0,0.0,0.0,0.0,0.0
ORD_0004838,CUST_01594,2023-01-10 02:00:00,Electronics,COD,Tier_1,1097.78,49.29,0,0,Delivered,,0,0,0.0,0.0,0.0,0.0
ORD_0007933,CUST_03383,2023-01-10 02:00:00,Home,Prepaid,Tier_3,1190.32,14.06,0,0,Delivered,,0,0,0.0,0.0,0.0,0.0
ORD_0000311,CUST_00481,2023-01-10 02:00:00,Fashion,COD,Tier_3,1520.15,13.27,0,0,Delivered,,0,0,0.0,0.0,0.0,0.0
ORD_0003835,CUST_04830,2023-01-10 03:00:00,Fashion,COD,Tier_3,1170.49,11.64,0,1,Returned,Changed Mind,1,0,0.0,0.0,0.0,0.0
ORD_0004506,CUST_01854,2023-01-10 03:00:00,Beauty,Prepaid,Tier_1,1610.05,33.1,1,0,RTO,,1,1,1.0,0.0,1.0,0.0
ORD_0005434,CUST_03408,2023-01-10 03:00:00,Footwear,COD,Tier_2,1621.32,31.55,0,0,Delivered,,0,0,0.0,0.0,0.0,0.0
ORD_0000246,CUST_00258,2023-01-10 03:00:00,Fashion,COD,Tier_1,1330.75,4.51,0,0,Delivered,,0,0,0.0,0.0,0.0,0.0
ORD_0005385,CUST_05939,2023-01-10 04:00:00,Home,Prepaid,Tier_2,958.52,45.01,0,0,Delivered,,0,0,0.0,0.0,0.0,0.0
ORD_0005800,CUST_00929,2023-01-10 05:00:00,Footwear,COD,Tier_2,3350.67,23.18,1,0,RTO,,1,0,0.0,0.0,0.0,0.0
ORD_0003150,CUST_00648,2023-01-10 06:00:00,Footwear,COD,Tier_1,796.49,3.64,0,0,Delivered,,0,0,0.0,0.0,0.0,0.0
ORD_0002100,CUST_00134,2023-01-10 07:00:00,Footwear,COD,Tier_3,2553.79,36.31,0,1,Returned,Changed Mind,1,0,0.0,0.0,0.0,0.0
ORD_0006273,CUST_04961,2023-01-10 07:00:00,Beauty,Prepaid,Tier_1,521.78,30.31,0,0,Delivered,,0,0,0.0,0.0,0.0,0.0
ORD_0000286,CUST_01559,2023-01-10 09:00:00,Fashion,COD,Tier_1,647.26,4.49,0,0,Delivered,,0,0,0.0,0.0,0.0,0.0
ORD_0000763,CUST_00330,2023-01-10 09:00:00,Footwear,Prepaid,Tier_1,891.38,3.23,0,0,Delivered,,0,0,0.0,0.0,0.0,0.0
ORD_0007874,CUST_03449,2023-01-10 10:00:00,Electronics,Prepaid,Tier_3,811.72,46.5,0,0,Delivered,,0,0,0.0,0.0,0.0,0.0
ORD_0005794,CUST_00970,2023-01-10 12:00:00,Fashion,COD,Tier_3,6657.7,9.31,0,0,Delivered,,0,0,0.0,0.0,0.0,0.0
ORD_0006879,CUST_04111,2023-01-10 12:00:00,Fashion,Prepaid,Tier_1,588.88,5.35,0,0,Delivered,,0,0,0.0,0.0,0.0,0.0
ORD_0008360,CUST_02671,2023-01-10 12:00:00,Fashion,Prepaid,Tier_3,2062.08,18.92,0,0,Delivered,,0,0,0.0,0.0,0.0,0.0
ORD_0006844,CUST_00338,2023-01-10 12:00:00,Fashion,Prepaid,Tier_1,1494.72,11.14,0,0,Delivered,,0,0,0.0,0.0,0.0,0.0
ORD_0003262,CUST_03192,2023-01-10 12:00:00,Fashion,COD,Tier_3,884.15,15.68,0,0,Delivered,,0,0,0.0,0.0,0.0,0.0
ORD_0003679,CUST_02272,2023-01-10 13:00:00,Fashion,COD,Tier_1,1548.11,37.61,0,0,Delivered,,0,1,0.0,0.0,0.0,0.0
ORD_0006143,CUST_00983,2023-01-10 13:00:00,Footwear,COD,Tier_2,305.84,40.05,0,0,Delivered,,0,0,0.0,0.0,0.0,0.0
ORD_0000891,CUST_01994,2023-01-10 13:00:00,Footwear,COD,Tier_2,949.55,33.72,1,0,RTO,,1,0,0.0,0.0,0.0,0.0
ORD_0008683,CUST_01279,2023-01-10 13:00:00,Fashion,COD,Tier_3,409.75,41.08,0,0,Delivered,,0,0,0.0,0.0,0.0,0.0
ORD_0004255,CUST_02929,2023-01-10 13:00:00,Electronics,COD,Tier_2,1412.73,44.93,0,0,Delivered,,0,0,0.0,0.0,0.0,0.0
ORD_0000079,CUST_02911,2023-01-10 13:00:00,Home,Prepaid,Tier_1,532.53,24.11,0,0,Delivered,,0,0,0.0,0.0,0.0,0.0
ORD_0004560,CUST_02113,2023-01-10 15:00:00,Fashion,COD,Tier_3,627.51,47.9,0,0,Delivered,,0,0,0.0,0.0,0.0,0.0
ORD_0001239,CUST_03114,2023-01-10 15:00:00,Fashion,Prepaid,Tier_2,3747.55,44.33,1,0,RTO,,1,0,0.0,0.0,0.0,0.0
ORD_0000854,CUST_02756,2023-01-10 15:00:00,Fashion,COD,Tier_2,1623.08,38.66,1,0,RTO,,1,0,0.0,0.0,0.0,0.0
ORD_0005529,CUST_03548,2023-01-10 15:00:00,Home,COD,Tier_3,538.31,1.3,0,0,Delivered,,0,0,0.0,0.0,0.0,0.0
ORD_0006573,CUST_00492,2023-01-10 16:00:00,Footwear,COD,Tier_1,1959.87,39.0,0,0,Delivered,,0,0,0.0,0.0,0.0,0.0
ORD_0005498,CUST_05615,2023-01-10 17:00:00,Fashion,Prepaid,Tier_1,459.01,10.26,0,0,Delivered,,0,0,0.0,0.0,0.0,0.0
ORD_0008174,CUST_00517,2023-01-10 17:00:00,Electronics,COD,Tier_1,961.65,15.49,0,0,Delivered,,0,0,0.0,0.0,0.0,0.0
ORD_0001768,CUST_04293,2023-01-10 18:00:00,Home,COD,Tier_3,1998.65,17.43,0,0,Delivered,,0,0,0.0,0.0,0.0,0.0
ORD_0007624,CUST_01834,2023-01-10 20:00:00,Fashion,Prepaid,Tier_3,1180.23,27.03,0,1,Returned,Changed Mind,1,0,0.0,0.0,0.0,0.0
ORD_0005519,CUST_04572,2023-01-10 21:00:00,Fashion,Prepaid,Tier_1,423.32,23.84,0,0,Delivered,,0,0,0.0,0.0,0.0,0.0
ORD_0001057,CUST_00327,2023-01-10 21:00:00,Fashion,Prepaid,Tier_3,338.53,0.48,0,0,Delivered,,0,0,0.0,0.0,0.0,0.0
ORD_0001049,CUST_03298,2023-01-10 22:00:00,Home,COD,Tier_1,1020.36,46.61,0,0,Delivered,,0,0,0.0,0.0,0.0,0.0
ORD_0003039,CUST_02527,2023-01-10 22:00:00,Footwear,COD,Tier_2,437.3,16.85,0,0,Delivered,,0,0,0.0,0.0,0.0,0.0
ORD_0004769,CUST_00466,2023-01-11 02:00:00,Footwear,Prepaid,Tier_2,720.37,40.89,0,0,Delivered,,0,0,0.0,0.0,0.0,0.0
ORD_0009646,CUST_00781,2023-01-11 02:00:00,Beauty,COD,Tier_2,1012.96,36.13,0,0,Delivered,,0,0,0.0,0.0,0.0,0.0
ORD_0008171,CUST_01954,2023-01-11 03:00:00,Beauty,COD,Tier_3,353.42,14.11,1,0,RTO,,1,0,0.0,0.0,0.0,0.0
ORD_0008886,CUST_05718,2023-01-11 03:00:00,Footwear,COD,Tier_2,822.48,3.58,0,0,Delivered,,0,0,0.0,0.0,0.0,0.0
ORD_0009639,CUST_05844,2023-01-11 03:00:00,Beauty,COD,Tier_2,1601.52,20.1,0,0,Delivered,,0,0,0.0,0.0,0.0,0.0
ORD_0007549,CUST_03614,2023-01-11 04:00:00,Home,COD,Tier_2,1370.42,7.6,0,0,Delivered,,0,0,0.0,0.0,0.0,0.0
ORD_0009653,CUST_02903,2023-01-11 04:00:00,Fashion,Prepaid,Tier_2,2151.6,11.14,1,0,RTO,,1,0,0.0,0.0,0.0,0.0
ORD_0006396,CUST_03620,2023-01-11 07:00:00,Electronics,COD,Tier_2,1154.14,6.23,1,0,RTO,,1,0,0.0,0.0,0.0,0.0
ORD_0000234,CUST_04820,2023-01-11 07:00:00,Electronics,Prepaid,Tier_2,609.97,41.93,0,0,Delivered,,0,0,0.0,0.0,0.0,0.0
ORD_0001019,CUST_03720,2023-01-11 10:00:00,Home,Prepaid,Tier_3,541.61,42.73,0,1,Returned,Wrong Size,1,0,0.0,0.0,0.0,0.0
ORD_0004811,CUST_05941,2023-01-11 11:00:00,Footwear,COD,Tier_2,781.23,37.19,0,1,Returned,Changed Mind,1,0,0.0,0.0,0.0,0.0
ORD_0000743,CUST_03106,2023-01-11 11:00:00,Footwear,COD,Tier_2,1002.62,32.03,0,0,Delivered,,0,0,0.0,0.0,0.0,0.0
ORD_0009421,CUST_01951,2023-01-11 12:00:00,Electronics,Prepaid,Tier_1,562.65,42.63,0,0,Delivered,,0,0,0.0,0.0,0.0,0.0
ORD_0008215,CUST_05183,2023-01-11 12:00:00,Home,COD,Tier_1,2821.75,31.85,0,0,Delivered,,0,0,0.0,0.0,0.0,0.0
ORD_0000789,CUST_04741,2023-01-11 13:00:00,Beauty,Prepaid,Tier_1,841.44,4.88,0,0,Delivered,,0,0,0.0,0.0,0.0,0.0
ORD_0001471,CUST_05430,2023-01-11 14:00:00,Electronics,COD,Tier_2,1367.36,17.13,1,0,RTO,,1,0,0.0,0.0,0.0,0.0
ORD_0005792,CUST_04932,2023-01-11 15:00:00,Fashion,Prepaid,Tier_2,2468.48,41.21,0,0,Delivered,,0,0,0.0,0.0,0.0,0.0
ORD_0007666,CUST_05087,2023-01-11 16:00:00,Electronics,Prepaid,Tier_2,4247.52,25.72,0,0,Delivered,,0,0,0.0,0.0,0.0,0.0
ORD_0009160,CUST_02577,2023-01-11 17:00:00,Fashion,COD,Tier_2,1913.02,36.64,0,1,Returned,Changed Mind,1,0,0.0,0.0,0.0,0.0
ORD_0009076,CUST_00977,2023-01-11 18:00:00,Footwear,COD,Tier_1,794.67,27.81,0,0,Delivered,,0,0,0.0,0.0,0.0,0.0
ORD_0004055,CUST_01909,2023-01-11 18:00:00,Fashion,Prepaid,Tier_2,550.38,9.62,0,0,Delivered,,0,0,0.0,0.0,0.0,0.0
ORD_0002195,CUST_00470,2023-01-11 18:00:00,Electronics,Prepaid,Tier_2,885.62,24.4,0,0,Delivered,,0,0,0.0,0.0,0.0,0.0
ORD_0001130,CUST_05721,2023-01-11 20:00:00,Electronics,Prepaid,Tier_2,3307.69,32.29,0,0,Delivered,,0,0,0.0,0.0,0.0,0.0
ORD_0002352,CUST_04849,2023-01-11 21:00:00,Beauty,Prepaid,Tier_2,5076.29,1.42,0,0,Delivered,,0,0,0.0,0.0,0.0,0.0
ORD_0003828,CUST_05625,2023-01-11 21:00:00,Footwear,Prepaid,Tier_2,1610.32,9.25,0,0,Delivered,,0,0,0.0,0.0,0.0,0.0
ORD_0009415,CUST_05442,2023-01-11 21:00:00,Fashion,COD,Tier_2,1645.17,26.76,1,0,RTO,,1,0,0.0,0.0,0.0,0.0
ORD_0006125,CUST_04700,2023-01-11 22:00:00,Footwear,COD,Tier_2,1039.04,43.99,0,0,Delivered,,0,0,0.0,0.0,0.0,0.0
ORD_0004217,CUST_03376,2023-01-11 23:00:00,Fashion,Prepaid,Tier_2,2629.14,17.61,0,0,Delivered,,0,0,0.0,0.0,0.0,0.0
ORD_0005327,CUST_00208,2023-01-12 00:00:00,Footwear,COD,Tier_1,1339.26,41.05,1,0,RTO,,1,0,0.0,0.0,0.0,0.0
ORD_0000492,CUST_01823,2023-01-12 00:00:00,Fashion,COD,Tier_2,2170.03,32.28,0,0,Delivered,,0,0,0.0,0.0,0.0,0.0
ORD_0000965,CUST_05157,2023-01-12 01:00:00,Fashion,COD,Tier_1,829.45,23.69,1,0,RTO,,1,0,0.0,0.0,0.0,0.0
ORD_0007657,CUST_05321,2023-01-12 02:00:00,Electronics,Prepaid,Tier_3,1067.39,44.76,0,0,Delivered,,0,0,0.0,0.0,0.0,0.0
ORD_0005869,CUST_04283,2023-01-12 03:00:00,Home,COD,Tier_3,1102.89,40.74,0,0,Delivered,,0,0,0.0,0.0,0.0,0.0
ORD_0009571,CUST_00729,2023-01-12 03:00:00,Electronics,COD,Tier_3,1432.06,19.49,0,0,Delivered,,0,0,0.0,0.0,0.0,0.0
ORD_0008322,CUST_02265,2023-01-12 06:00:00,Fashion,COD,Tier_1,3538.07,3.23,0,1,Returned,Wrong Size,1,0,0.0,0.0,0.0,0.0
ORD_0000060,CUST_02963,2023-01-12 07:00:00,Footwear,Prepaid,Tier_2,1786.0,44.26,0,0,Delivered,,0,0,0.0,0.0,0.0,0.0
ORD_0006148,CUST_05029,2023-01-12 10:00:00,Footwear,Prepaid,Tier_1,1510.23,8.65,0,0,Delivered,,0,0,0.0,0.0,0.0,0.0
ORD_0006475,CUST_02206,2023-01-12 10:00:00,Home,COD,Tier_1,1438.3,38.17,0,0,Delivered,,0,1,1.0,0.0,1.0,0.0
ORD_0008954,CUST_00155,2023-01-12 11:00:00,Electronics,COD,Tier_1,965.18,2.57,0,0,Delivered,,0,0,0.0,0.0,0.0,0.0
ORD_0006455,CUST_02373,2023-01-12 13:00:00,Fashion,Prepaid,Tier_3,373.02,25.65,0,0,Delivered,,0,0,0.0,0.0,0.0,0.0
ORD_0009684,CUST_03547,2023-01-12 13:00:00,Beauty,COD,Tier_2,1957.58,21.17,0,0,Delivered,,0,0,0.0,0.0,0.0,0.0
ORD_0006794,CUST_03772,2023-01-12 13:00:00,Footwear,COD,Tier_2,979.95,12.18,1,0,RTO,,1,0,0.0,0.0,0.0,0.0
ORD_0000050,CUST_05978,2023-01-12 13:00:00,Electronics,COD,Tier_1,2513.93,2.39,0,0,Delivered,,0,0,0.0,0.0,0.0,0.0
ORD_0001880,CUST_05169,2023-01-12 15:00:00,Electronics,Prepaid,Tier_2,549.18,8.78,0,0,Delivered,,0,0,0.0,0.0,0.0,0.0
ORD_0009224,CUST_02001,2023-01-12 15:00:00,Fashion,Prepaid,Tier_2,365.18,21.55,0,0,Delivered,,0,0,0.0,0.0,0.0,0.0
ORD_0003057,CUST_00133,2023-01-12 17:00:00,Home,COD,Tier_1,1431.48,40.55,0,0,Delivered,,0,0,0.0,0.0,0.0,0.0
ORD_0006514,CUST_02025,2023-01-12 18:00:00,Footwear,Prepaid,Tier_2,1501.1,7.03,0,0,Delivered,,0,0,0.0,0.0,0.0,0.0
ORD_0000119,CUST_03759,2023-01-12 19:00:00,Fashion,COD,Tier_1,1054.1,15.82,1,0,RTO,,1,0,0.0,0.0,0.0,0.0
ORD_0006233,CUST_00080,2023-01-12 19:00:00,Home,COD,Tier_2,1939.18,27.88,0,0,Delivered,,0,0,0.0,0.0,0.0,0.0
ORD_0007575,CUST_02551,2023-01-12 21:00:00,Home,Prepaid,Tier_2,896.36,29.96,0,0,Delivered,,0,0,0.0,0.0,0.0,0.0
ORD_0001870,CUST_01301,2023-01-12 23:00:00,Footwear,COD,Tier_1,371.7,9.77,0,0,Delivered,,0,0,0.0,0.0,0.0,0.0
ORD_0001830,CUST_00467,2023-01-12 23:00:00,Electronics,COD,Tier_1,1095.55,30.97,0,1,Returned,Wrong Size,1,0,0.0,0.0,0.0,0.0
ORD_0002929,CUST_00463,2023-01-13 01:00:00,Footwear,COD,Tier_1,1885.15,40.18,0,0,Delivered,,0,0,0.0,0.0,0.0,0.0
ORD_0007383,CUST_04078,2023-01-13 01:00:00,Footwear,COD,Tier_2,3211.45,40.65,0,0,Delivered,,0,0,0.0,0.0,0.0,0.0
ORD_0009662,CUST_05077,2023-01-13 03:00:00,Footwear,COD,Tier_3,1201.85,39.13,0,0,Delivered,,0,0,0.0,0.0,0.0,0.0
ORD_0000346,CUST_00562,2023-01-13 06:00:00,Footwear,Prepaid,Tier_1,2846.64,27.77,1,0,RTO,,1,0,0.0,0.0,0.0,0.0
ORD_0009907,CUST_03220,2023-01-13 08:00:00,Fashion,Prepaid,Tier_3,651.54,38.4,0,0,Delivered,,0,0,0.0,0.0,0.0,0.0
ORD_0004445,CUST_01684,2023-01-13 08:00:00,Electronics,Prepaid,Tier_1,7650.44,27.23,0,0,Delivered,,0,0,0.0,0.0,0.0,0.0
ORD_0006992,CUST_01894,2023-01-13 10:00:00,Fashion,COD,Tier_3,436.08,33.1,0,0,Delivered,,0,0,0.0,0.0,0.0,0.0
ORD_0001766,CUST_04825,2023-01-13 10:00:00,Beauty,COD,Tier_2,325.52,24.25,0,0,Delivered,,0,0,0.0,0.0,0.0,0.0
ORD_0002842,CUST_00179,2023-01-13 10:00:00,Fashion,Prepaid,Tier_1,823.7,23.99,0,0,Delivered,,0,0,0.0,0.0,0.0,0.0
ORD_0009712,CUST_01218,2023-01-13 11:00:00,Fashion,COD,Tier_2,426.98,4.91,0,0,Delivered,,0,1,0.0,1.0,0.0,1.0
ORD_0005859,CUST_04887,2023-01-13 12:00:00,Home,COD,Tier_1,1123.14,40.22,0,0,Delivered,,0,0,0.0,0.0,0.0,0.0
ORD_0003437,CUST_04572,2023-01-13 12:00:00,Beauty,COD,Tier_2,2563.54,7.1,0,0,Delivered,,0,1,0.0,0.0,0.0,0.0
ORD_0004879,CUST_03518,2023-01-13 13:00:00,Beauty,COD,Tier_2,5392.47,27.05,1,0,RTO,,1,0,0.0,0.0,0.0,0.0
ORD_0009586,CUST_01394,2023-01-13 14:00:00,Fashion,Prepaid,Tier_1,1762.18,43.55,0,0,Delivered,,0,0,0.0,0.0,0.0,0.0
ORD_0008779,CUST_04304,2023-01-13 15:00:00,Electronics,COD,Tier_1,1247.55,23.87,0,0,Delivered,,0,0,0.0,0.0,0.0,0.0
ORD_0000493,CUST_01635,2023-01-13 15:00:00,Fashion,Prepaid,Tier_3,3229.12,8.09,0,0,Delivered,,0,0,0.0,0.0,0.0,0.0
ORD_0003033,CUST_02319,2023-01-13 16:00:00,Home,COD,Tier_1,2744.47,3.09,0,0,Delivered,,0,0,0.0,0.0,0.0,0.0
ORD_0006839,CUST_05179,2023-01-13 16:00:00,Fashion,COD,Tier_3,475.85,6.58,0,0,Delivered,,0,0,0.0,0.0,0.0,0.0
ORD_0008845,CUST_03058,2023-01-13 17:00:00,Beauty,COD,Tier_3,2555.68,27.82,1,0,RTO,,1,0,0.0,0.0,0.0,0.0
ORD_0009361,CUST_02101,2023-01-13 18:00:00,Fashion,COD,Tier_1,589.04,0.7,0,0,Delivered,,0,0,0.0,0.0,0.0,0.0
ORD_0005410,CUST_01269,2023-01-13 18:00:00,Beauty,COD,Tier_3,3623.55,30.63,0,1,Returned,Wrong Size,1,0,0.0,0.0,0.0,0.0
ORD_0000238,CUST_01805,2023-01-13 18:00:00,Fashion,COD,Tier_1,859.59,1.01,0,0,Delivered,,0,0,0.0,0.0,0.0,0.0
ORD_0008272,CUST_00060,2023-01-13 18:00:00,Home,COD,Tier_1,4044.59,43.26,0,0,Delivered,,0,0,0.0,0.0,0.0,0.0
ORD_0001243,CUST_03998,2023-01-13 19:00:00,Home,Prepaid,Tier_2,1420.2,18.37,0,0,Delivered,,0,0,0.0,0.0,0.0,0.0
ORD_0009838,CUST_04613,2023-01-13 19:00:00,Fashion,COD,Tier_1,589.47,27.27,0,0,Delivered,,0,0,0.0,0.0,0.0,0.0
ORD_0001274,CUST_03376,2023-01-13 20:00:00,Fashion,Prepaid,Tier_3,9577.88,20.61,1,0,RTO,,1,1,0.0,0.0,0.0,0.0
ORD_0008801,CUST_04019,2023-01-14 00:00:00,Electronics,COD,Tier_2,359.13,28.19,0,0,Delivered,,0,0,0.0,0.0,0.0,0.0
ORD_0009222,CUST_00463,2023-01-14 00:00:00,Fashion,Prepaid,Tier_3,1298.64,38.41,1,0,RTO,,1,1,0.0,0.0,0.0,0.0
ORD_0007421,CUST_05619,2023-01-14 00:00:00,Fashion,Prepaid,Tier_1,534.1,31.89,0,1,Returned,Not as Expected,1,0,0.0,0.0,0.0,0.0
ORD_0003639,CUST_03685,2023-01-14 02:00:00,Footwear,Prepaid,Tier_3,3829.62,9.86,0,0,Delivered,,0,0,0.0,0.0,0.0,0.0
ORD_0002362,CUST_00338,2023-01-14 03:00:00,Fashion,COD,Tier_2,4006.9,18.38,0,0,Delivered,,0,1,0.0,0.0,0.0,0.0
ORD_0005252,CUST_03546,2023-01-14 04:00:00,Beauty,Prepaid,Tier_1,5413.49,13.35,0,0,Delivered,,0,0,0.0,0.0,0.0,0.0
ORD_0008047,CUST_03826,2023-01-14 04:00:00,Fashion,COD,Tier_3,2838.48,14.36,1,0,RTO,,1,0,0.0,0.0,0.0,0.0
ORD_0006395,CUST_00734,2023-01-14 05:00:00,Beauty,COD,Tier_1,397.95,6.06,0,0,Delivered,,0,0,0.0,0.0,0.0,0.0
ORD_0004105,CUST_02673,2023-01-14 05:00:00,Fashion,Prepaid,Tier_2,1616.5,2.42,0,0,Delivered,,0,0,0.0,0.0,0.0,0.0
ORD_0009723,CUST_00951,2023-01-14 06:00:00,Fashion,COD,Tier_3,1210.59,9.97,0,0,Delivered,,0,0,0.0,0.0,0.0,0.0
ORD_0008496,CUST_02728,2023-01-14 06:00:00,Beauty,Prepaid,Tier_1,4424.31,27.14,0,0,Delivered,,0,0,0.0,0.0,0.0,0.0
ORD_0000598,CUST_05439,2023-01-14 06:00:00,Fashion,COD,Tier_1,5498.0,37.58,0,0,Delivered,,0,0,0.0,0.0,0.0,0.0
ORD_0001134,CUST_05162,2023-01-14 07:00:00,Electronics,COD,Tier_2,3790.51,14.79,0,0,Delivered,,0,0,0.0,0.0,0.0,0.0
ORD_0005791,CUST_02968,2023-01-14 12:00:00,Home,Prepaid,Tier_3,1777.38,33.52,0,1,Returned,Defective,1,0,0.0,0.0,0.0,0.0
ORD_0002574,CUST_04111,2023-01-14 13:00:00,Electronics,COD,Tier_1,354.1,38.04,0,0,Delivered,,0,1,0.0,0.0,0.0,0.0
ORD_0008218,CUST_00798,2023-01-14 13:00:00,Fashion,COD,Tier_1,1217.77,29.78,0,0,Delivered,,0,0,0.0,0.0,0.0,0.0
ORD_0000520,CUST_00314,2023-01-14 13:00:00,Fashion,COD,Tier_2,1278.09,15.09,0,1,Returned,Not as Expected,1,0,0.0,0.0,0.0,0.0
ORD_0001108,CUST_03312,2023-01-14 15:00:00,Fashion,Prepaid,Tier_2,765.98,40.69,0,0,Delivered,,0,0,0.0,0.0,0.0,0.0
ORD_0006662,CUST_01464,2023-01-14 16:00:00,Fashion,COD,Tier_2,2758.35,26.33,0,0,Delivered,,0,0,0.0,0.0,0.0,0.0
ORD_0005703,CUST_01097,2023-01-14 17:00:00,Fashion,Prepaid,Tier_1,829.42,10.21,0,0,Delivered,,0,0,0.0,0.0,0.0,0.0
ORD_0006670,CUST_04678,2023-01-14 17:00:00,Footwear,Prepaid,Tier_2,3707.22,39.56,0,0,Delivered,,0,0,0.0,0.0,0.0,0.0
ORD_0007386,CUST_04993,2023-01-14 21:00:00,Fashion,Prepaid,Tier_3,786.33,11.28,0,0,Delivered,,0,0,0.0,0.0,0.0,0.0
ORD_0007777,CUST_01542,2023-01-14 21:00:00,Electronics,COD,Tier_3,855.22,27.25,1,0,RTO,,1,0,0.0,0.0,0.0,0.0
ORD_0005857,CUST_02808,2023-01-14 22:00:00,Electronics,COD,Tier_2,665.74,48.18,0,0,Delivered,,0,0,0.0,0.0,0.0,0.0
ORD_0002205,CUST_01170,2023-01-14 22:00:00,Home,COD,Tier_3,2023.07,16.27,0,0,Delivered,,0,0,0.0,0.0,0.0,0.0
ORD_0006986,CUST_02951,2023-01-14 22:00:00,Home,COD,Tier_2,627.06,30.91,0,1,Returned,Not as Expected,1,0,0.0,0.0,0.0,0.0
ORD_0004287,CUST_04033,2023-01-14 23:00:00,Electronics,COD,Tier_3,1000.78,8.13,0,0,Delivered,,0,0,0.0,0.0,0.0,0.0
ORD_0008757,CUST_03651,2023-01-15 00:00:00,Electronics,Prepaid,Tier_1,1840.12,13.67,0,0,Delivered,,0,0,0.0,0.0,0.0,0.0
ORD_0001983,CUST_03430,2023-01-15 00:00:00,Fashion,COD,Tier_2,1432.05,4.87,0,0,Delivered,,0,0,0.0,0.0,0.0,0.0
ORD_0005790,CUST_01290,2023-01-15 00:00:00,Fashion,Prepaid,Tier_1,2215.17,10.36,0,0,Delivered,,0,0,0.0,0.0,0.0,0.0
ORD_0004123,CUST_04391,2023-01-15 01:00:00,Fashion,COD,Tier_2,2844.0,37.69,0,1,Returned,Changed Mind,1,0,0.0,0.0,0.0,0.0
ORD_0007988,CUST_05361,2023-01-15 03:00:00,Electronics,COD,Tier_3,910.75,33.01,0,0,Delivered,,0,0,0.0,0.0,0.0,0.0
ORD_0005285,CUST_02449,2023-01-15 04:00:00,Home,COD,Tier_2,544.2,42.87,0,0,Delivered,,0,0,0.0,0.0,0.0,0.0
ORD_0004002,CUST_01230,2023-01-15 04:00:00,Home,COD,Tier_1,590.93,13.16,0,0,Delivered,,0,0,0.0,0.0,0.0,0.0
ORD_0000193,CUST_02520,2023-01-15 06:00:00,Fashion,COD,Tier_2,970.36,19.59,0,0,Delivered,,0,0,0.0,0.0,0.0,0.0
ORD_0001449,CUST_02292,2023-01-15 07:00:00,Footwear,COD,Tier_1,403.87,3.31,0,1,Returned,Wrong Size,1,0,0.0,0.0,0.0,0.0
ORD_0005281,CUST_03382,2023-01-15 09:00:00,Footwear,Prepaid,Tier_3,320.51,24.53,1,0,RTO,,1,0,0.0,0.0,0.0,0.0
ORD_0003457,CUST_00704,2023-01-15 10:00:00,Footwear,Prepaid,Tier_3,517.99,17.73,0,0,Delivered,,0,0,0.0,0.0,0.0,0.0
ORD_0008890,CUST_04378,2023-01-15 11:00:00,Fashion,COD,Tier_2,1228.39,20.94,0,0,Delivered,,0,0,0.0,0.0,0.0,0.0
ORD_0009368,CUST_01229,2023-01-15 14:00:00,Fashion,COD,Tier_3,1324.76,2.78,0,0,Delivered,,0,0,0.0,0.0,0.0,0.0
ORD_0000475,CUST_01940,2023-01-15 15:00:00,Home,Prepaid,Tier_1,988.09,30.82,0,0,Delivered,,0,0,0.0,0.0,0.0,0.0
ORD_0005300,CUST_05509,2023-01-15 15:00:00,Fashion,COD,Tier_3,571.46,28.49,0,0,Delivered,,0,0,0.0,0.0,0.0,0.0
ORD_0000406,CUST_05472,2023-01-15 16:00:00,Fashion,COD,Tier_1,896.71,44.6,1,0,RTO,,1,0,0.0,0.0,0.0,0.0
ORD_0002792,CUST_04500,2023-01-15 16:00:00,Fashion,COD,Tier_3,3026.65,38.72,0,0,Delivered,,0,0,0.0,0.0,0.0,0.0
ORD_0008412,CUST_04945,2023-01-15 18:00:00,Electronics,Prepaid,Tier_1,987.05,24.57,0,0,Delivered,,0,0,0.0,0.0,0.0,0.0
ORD_0003924,CUST_05197,2023-01-15 18:00:00,Footwear,COD,Tier_1,2194.59,25.25,0,0,Delivered,,0,0,0.0,0.0,0.0,0.0
ORD_0004625,CUST_04028,2023-01-15 19:00:00,Footwear,COD,Tier_3,389.23,24.3,0,1,Returned,Not as Expected,1,0,0.0,0.0,0.0,0.0
ORD_0008110,CUST_03206,2023-01-15 19:00:00,Fashion,COD,Tier_3,646.66,41.16,0,1,Returned,Changed Mind,1,0,0.0,0.0,0.0,0.0
ORD_0004476,CUST_00795,2023-01-15 21:00:00,Fashion,COD,Tier_1,708.54,36.59,0,1,Returned,Changed Mind,1,0,0.0,0.0,0.0,0.0
ORD_0005865,CUST_01084,2023-01-15 22:00:00,Home,COD,Tier_2,1267.02,32.53,0,0,Delivered,,0,0,0.0,0.0,0.0,0.0
ORD_0009053,CUST_03637,2023-01-15 22:00:00,Electronics,Prepaid,Tier_1,3769.37,46.79,0,0,Delivered,,0,0,0.0,0.0,0.0,0.0
ORD_0003614,CUST_02365,2023-01-15 23:00:00,Fashion,COD,Tier_2,3516.79,38.75,1,0,RTO,,1,1,0.0,0.0,0.0,0.0
ORD_0007275,CUST_04453,2023-01-16 00:00:00,Fashion,Prepaid,Tier_1,2397.5,39.03,0,1,Returned,Defective,1,0,0.0,0.0,0.0,0.0
ORD_0001827,CUST_03783,2023-01-16 04:00:00,Electronics,COD,Tier_1,3020.63,27.58,0,0,Delivered,,0,0,0.0,0.0,0.0,0.0
ORD_0003704,CUST_04224,2023-01-16 04:00:00,Footwear,COD,Tier_2,1260.42,25.14,0,1,Returned,Wrong Size,1,0,0.0,0.0,0.0,0.0
ORD_0000844,CUST_02012,2023-01-16 04:00:00,Footwear,COD,Tier_2,2731.43,48.63,1,0,RTO,,1,0,0.0,0.0,0.0,0.0
ORD_0000569,CUST_03106,2023-01-16 05:00:00,Fashion,COD,Tier_1,798.53,15.35,1,0,RTO,,1,1,0.0,0.0,0.0,0.0
ORD_0009777,CUST_03931,2023-01-16 05:00:00,Footwear,COD,Tier_1,898.69,23.86,1,0,RTO,,1,0,0.0,0.0,0.0,0.0
ORD_0003095,CUST_00278,2023-01-16 05:00:00,Fashion,Prepaid,Tier_1,4261.35,17.93,0,0,Delivered,,0,0,0.0,0.0,0.0,0.0
ORD_0000719,CUST_02754,2023-01-16 05:00:00,Fashion,Prepaid,Tier_3,823.63,4.51,0,1,Returned,Changed Mind,1,0,0.0,0.0,0.0,0.0
ORD_0000152,CUST_04533,2023-01-16 07:00:00,Home,COD,Tier_3,814.5,22.72,0,0,Delivered,,0,0,0.0,0.0,0.0,0.0
ORD_0005409,CUST_05814,2023-01-16 07:00:00,Footwear,COD,Tier_2,1953.94,44.07,0,0,Delivered,,0,0,0.0,0.0,0.0,0.0
ORD_0008001,CUST_01474,2023-01-16 09:00:00,Beauty,Prepaid,Tier_1,1526.38,37.8,0,0,Delivered,,0,0,0.0,0.0,0.0,0.0
ORD_0003499,CUST_01512,2023-01-16 12:00:00,Footwear,Prepaid,Tier_2,891.45,45.83,0,0,Delivered,,0,0,0.0,0.0,0.0,0.0
ORD_0000554,CUST_05897,2023-01-16 13:00:00,Fashion,Prepaid,Tier_2,850.54,7.7,0,0,Delivered,,0,0,0.0,0.0,0.0,0.0
ORD_0005090,CUST_00237,2023-01-16 13:00:00,Home,Prepaid,Tier_3,402.83,4.87,0,0,Delivered,,0,0,0.0,0.0,0.0,0.0
ORD_0006659,CUST_00547,2023-01-16 13:00:00,Fashion,COD,Tier_1,5259.63,17.98,1,0,RTO,,1,0,0.0,0.0,0.0,0.0
ORD_0005330,CUST_00435,2023-01-16 14:00:00,Fashion,COD,Tier_3,498.2,18.1,0,1,Returned,Changed Mind,1,0,0.0,0.0,0.0,0.0
ORD_0007893,CUST_05377,2023-01-16 14:00:00,Electronics,Prepaid,Tier_2,2621.57,2.67,0,0,Delivered,,0,0,0.0,0.0,0.0,0.0
ORD_0000297,CUST_04509,2023-01-16 15:00:00,Fashion,COD,Tier_2,953.52,41.35,0,1,Returned,Wrong Size,1,0,0.0,0.0,0.0,0.0
ORD_0009065,CUST_00105,2023-01-16 17:00:00,Fashion,Prepaid,Tier_2,1850.23,8.86,0,1,Returned,Defective,1,0,0.0,0.0,0.0,0.0
ORD_0008524,CUST_01436,2023-01-16 18:00:00,Footwear,COD,Tier_3,1497.69,49.31,1,0,RTO,,1,0,0.0,0.0,0.0,0.0
ORD_0000999,CUST_00666,2023-01-16 20:00:00,Fashion,COD,Tier_3,1393.39,46.82,1,0,RTO,,1,0,0.0,0.0,0.0,0.0
ORD_0004050,CUST_02009,2023-01-16 20:00:00,Fashion,COD,Tier_2,5750.49,37.79,0,0,Delivered,,0,0,0.0,0.0,0.0,0.0
ORD_0004713,CUST_03884,2023-01-16 20:00:00,Fashion,COD,Tier_2,3310.6,41.65,0,0,Delivered,,0,0,0.0,0.0,0.0,0.0
ORD_0002454,CUST_03856,2023-01-16 21:00:00,Footwear,COD,Tier_3,2066.77,18.03,0,0,Delivered,,0,0,0.0,0.0,0.0,0.0
ORD_0005914,CUST_00687,2023-01-16 22:00:00,Footwear,Prepaid,Tier_1,665.91,13.36,0,0,Delivered,,0,0,0.0,0.0,0.0,0.0
ORD_0000116,CUST_04090,2023-01-17 01:00:00,Electronics,COD,Tier_1,543.29,39.13,0,0,Delivered,,0,0,0.0,0.0,0.0,0.0
ORD_0009106,CUST_04942,2023-01-17 02:00:00,Home,COD,Tier_1,2045.03,4.93,0,0,Delivered,,0,0,0.0,0.0,0.0,0.0
ORD_0004066,CUST_02520,2023-01-17 02:00:00,Fashion,Prepaid,Tier_1,2023.88,24.49,0,0,Delivered,,0,1,0.0,0.0,0.0,0.0
ORD_0003921,CUST_02677,2023-01-17 03:00:00,Fashion,Prepaid,Tier_2,750.92,28.46,0,0,Delivered,,0,0,0.0,0.0,0.0,0.0
ORD_0007201,CUST_05920,2023-01-17 04:00:00,Footwear,COD,Tier_2,3773.62,30.44,1,0,RTO,,1,0,0.0,0.0,0.0,0.0
ORD_0005476,CUST_04214,2023-01-17 06:00:00,Fashion,COD,Tier_1,3819.86,12.88,0,0,Delivered,,0,0,0.0,0.0,0.0,0.0
ORD_0000294,CUST_02047,2023-01-17 08:00:00,Electronics,COD,Tier_1,2400.56,35.79,0,0,Delivered,,0,0,0.0,0.0,0.0,0.0
ORD_0008278,CUST_02325,2023-01-17 08:00:00,Electronics,COD,Tier_1,448.8,38.72,1,0,RTO,,1,0,0.0,0.0,0.0,0.0
ORD_0007455,CUST_04390,2023-01-17 11:00:00,Footwear,COD,Tier_1,470.16,4.09,0,0,Delivered,,0,0,0.0,0.0,0.0,0.0
ORD_0003036,CUST_04372,2023-01-17 12:00:00,Footwear,COD,Tier_1,3311.38,43.28,0,0,Delivered,,0,0,0.0,0.0,0.0,0.0
ORD_0005238,CUST_05507,2023-01-17 12:00:00,Fashion,Prepaid,Tier_2,5764.27,12.28,0,0,Delivered,,0,0,0.0,0.0,0.0,0.0
ORD_0007458,CUST_04731,2023-01-17 13:00:00,Footwear,Prepaid,Tier_3,411.39,39.14,0,0,Delivered,,0,0,0.0,0.0,0.0,0.0
ORD_0004984,CUST_03432,2023-01-17 16:00:00,Fashion,COD,Tier_3,437.58,12.17,0,0,Delivered,,0,0,0.0,0.0,0.0,0.0
ORD_0003555,CUST_01955,2023-01-17 16:00:00,Electronics,COD,Tier_3,6389.09,15.84,0,1,Returned,Defective,1,0,0.0,0.0,0.0,0.0
ORD_0008888,CUST_02970,2023-01-17 17:00:00,Fashion,Prepaid,Tier_3,1881.3,23.82,0,1,Returned,Wrong Size,1,0,0.0,0.0,0.0,0.0
ORD_0004940,CUST_03004,2023-01-17 17:00:00,Footwear,COD,Tier_2,2302.29,39.86,0,0,Delivered,,0,0,0.0,0.0,0.0,0.0
ORD_0007523,CUST_00949,2023-01-17 17:00:00,Electronics,Prepaid,Tier_3,2574.72,36.58,0,0,Delivered,,0,0,0.0,0.0,0.0,0.0
ORD_0000956,CUST_00421,2023-01-17 18:00:00,Footwear,COD,Tier_2,805.35,17.53,1,0,RTO,,1,0,0.0,0.0,0.0,0.0
ORD_0006496,CUST_00658,2023-01-17 21:00:00,Fashion,Prepaid,Tier_2,7362.59,25.89,0,0,Delivered,,0,0,0.0,0.0,0.0,0.0
ORD_0006694,CUST_02957,2023-01-17 22:00:00,Fashion,COD,Tier_3,1305.07,30.55,1,0,RTO,,1,0,0.0,0.0,0.0,0.0
ORD_0001633,CUST_04704,2023-01-17 23:00:00,Footwear,Prepaid,Tier_1,1481.93,17.42,0,0,Delivered,,0,0,0.0,0.0,0.0,0.0
ORD_0009615,CUST_01478,2023-01-18 02:00:00,Electronics,COD,Tier_3,3916.93,6.43,0,1,Returned,Wrong Size,1,0,0.0,0.0,0.0,0.0
ORD_0001330,CUST_04637,2023-01-18 05:00:00,Electronics,COD,Tier_2,311.54,31.31,0,0,Delivered,,0,0,0.0,0.0,0.0,0.0
ORD_0008461,CUST_05995,2023-01-18 05:00:00,Home,Prepaid,Tier_2,3252.74,0.04,0,0,Delivered,,0,0,0.0,0.0,0.0,0.0
ORD_0001105,CUST_02068,2023-01-18 05:00:00,Footwear,COD,Tier_2,4416.89,33.07,0,1,Returned,Wrong Size,1,0,0.0,0.0,0.0,0.0
ORD_0002882,CUST_03220,2023-01-18 06:00:00,Fashion,COD,Tier_2,1698.04,29.19,0,0,Delivered,,0,1,0.0,0.0,0.0,0.0
ORD_0001165,CUST_01562,2023-01-18 07:00:00,Footwear,Prepaid,Tier_3,513.48,13.27,0,0,Delivered,,0,0,0.0,0.0,0.0,0.0
ORD_0003860,CUST_04175,2023-01-18 09:00:00,Electronics,COD,Tier_1,2669.83,47.81,0,0,Delivered,,0,0,0.0,0.0,0.0,0.0
ORD_0001736,CUST_00591,2023-01-18 09:00:00,Fashion,COD,Tier_2,751.48,14.48,0,0,Delivered,,0,0,0.0,0.0,0.0,0.0
ORD_0003187,CUST_04644,2023-01-18 11:00:00,Fashion,COD,Tier_2,4247.74,8.59,0,0,Delivered,,0,0,0.0,0.0,0.0,0.0
ORD_0008769,CUST_05969,2023-01-18 13:00:00,Footwear,Prepaid,Tier_2,751.78,32.78,0,0,Delivered,,0,0,0.0,0.0,0.0,0.0
ORD_0000551,CUST_02572,2023-01-18 14:00:00,Fashion,COD,Tier_2,1196.59,35.79,0,0,Delivered,,0,0,0.0,0.0,0.0,0.0
ORD_0009879,CUST_02421,2023-01-18 15:00:00,Beauty,COD,Tier_1,1592.42,12.89,0,0,Delivered,,0,0,0.0,0.0,0.0,0.0
ORD_0003292,CUST_00102,2023-01-18 16:00:00,Fashion,COD,Tier_3,1621.57,1.99,1,0,RTO,,1,0,0.0,0.0,0.0,0.0
ORD_0008117,CUST_03573,2023-01-18 17:00:00,Fashion,Prepaid,Tier_3,3033.79,32.95,0,1,Returned,Wrong Size,1,0,0.0,0.0,0.0,0.0
ORD_0003010,CUST_04814,2023-01-18 19:00:00,Footwear,COD,Tier_2,9124.59,20.63,0,0,Delivered,,0,0,0.0,0.0,0.0,0.0
ORD_0003472,CUST_05915,2023-01-18 19:00:00,Footwear,COD,Tier_2,1822.58,21.58,0,0,Delivered,,0,0,0.0,0.0,0.0,0.0
ORD_0006608,CUST_01529,2023-01-18 22:00:00,Home,COD,Tier_3,2943.92,16.27,1,0,RTO,,1,0,0.0,0.0,0.0,0.0
ORD_0009658,CUST_00373,2023-01-18 23:00:00,Fashion,Prepaid,Tier_1,1385.81,41.59,0,1,Returned,Wrong Size,1,1,0.0,1.0,0.0,1.0
ORD_0004502,CUST_02157,2023-01-19 00:00:00,Fashion,Prepaid,Tier_2,978.06,22.33,0,0,Delivered,,0,0,0.0,0.0,0.0,0.0
ORD_0005654,CUST_03573,2023-01-19 01:00:00,Beauty,COD,Tier_2,563.24,13.69,1,0,RTO,,1,1,1.0,0.0,1.0,0.0
ORD_0005906,CUST_05708,2023-01-19 02:00:00,Fashion,COD,Tier_2,791.29,15.78,0,1,Returned,Wrong Size,1,0,0.0,0.0,0.0,0.0
ORD_0002588,CUST_03087,2023-01-19 04:00:00,Electronics,COD,Tier_2,621.16,16.66,0,0,Delivered,,0,0,0.0,0.0,0.0,0.0
ORD_0006708,CUST_04256,2023-01-19 04:00:00,Home,Prepaid,Tier_2,797.26,9.15,1,0,RTO,,1,0,0.0,0.0,0.0,0.0
ORD_0005760,CUST_05355,2023-01-19 04:00:00,Home,COD,Tier_2,2196.99,37.39,1,0,RTO,,1,1,0.0,1.0,0.0,1.0
ORD_0004081,CUST_03384,2023-01-19 05:00:00,Fashion,Prepaid,Tier_3,4814.27,3.66,0,1,Returned,Wrong Size,1,0,0.0,0.0,0.0,0.0
ORD_0006576,CUST_05281,2023-01-19 05:00:00,Fashion,Prepaid,Tier_2,1080.99,26.96,0,1,Returned,Wrong Size,1,0,0.0,0.0,0.0,0.0
ORD_0007113,CUST_00214,2023-01-19 06:00:00,Home,COD,Tier_1,3533.68,4.04,0,0,Delivered,,0,0,0.0,0.0,0.0,0.0
ORD_0002894,CUST_03475,2023-01-19 09:00:00,Footwear,COD,Tier_2,1724.17,44.54,0,0,Delivered,,0,0,0.0,0.0,0.0,0.0
ORD_0005306,CUST_04445,2023-01-19 11:00:00,Fashion,Prepaid,Tier_3,892.97,8.46,0,1,Returned,Wrong Size,1,0,0.0,0.0,0.0,0.0
ORD_0008386,CUST_03174,2023-01-19 11:00:00,Home,Prepaid,Tier_1,422.95,21.34,0,0,Delivered,,0,0,0.0,0.0,0.0,0.0
ORD_0002331,CUST_02644,2023-01-19 11:00:00,Fashion,COD,Tier_3,1656.9,5.4,0,0,Delivered,,0,0,0.0,0.0,0.0,0.0
ORD_0003224,CUST_00801,2023-01-19 13:00:00,Home,COD,Tier_1,566.81,12.27,0,0,Delivered,,0,0,0.0,0.0,0.0,0.0
ORD_0002959,CUST_00385,2023-01-19 15:00:00,Fashion,COD,Tier_2,2453.33,41.6,0,0,Delivered,,0,0,0.0,0.0,0.0,0.0
ORD_0005313,CUST_04607,2023-01-19 16:00:00,Footwear,COD,Tier_2,887.82,37.87,0,1,Returned,Wrong Size,1,0,0.0,0.0,0.0,0.0
ORD_0005200,CUST_03708,2023-01-19 18:00:00,Fashion,COD,Tier_2,6859.3,28.12,0,0,Delivered,,0,0,0.0,0.0,0.0,0.0
ORD_0007588,CUST_00441,2023-01-19 20:00:00,Fashion,Prepaid,Tier_1,1841.99,6.94,0,0,Delivered,,0,0,0.0,0.0,0.0,0.0
ORD_0004444,CUST_02713,2023-01-19 22:00:00,Beauty,COD,Tier_2,1059.7,45.98,0,1,Returned,Wrong Size,1,0,0.0,0.0,0.0,0.0
ORD_0002957,CUST_04554,2023-01-19 23:00:00,Home,Prepaid,Tier_1,1335.73,48.8,0,0,Delivered,,0,0,0.0,0.0,0.0,0.0
ORD_0008247,CUST_02749,2023-01-20 01:00:00,Fashion,COD,Tier_3,3012.85,34.06,1,0,RTO,,1,0,0.0,0.0,0.0,0.0
ORD_0005813,CUST_01048,2023-01-20 02:00:00,Fashion,COD,Tier_1,3840.89,5.22,0,1,Returned,Defective,1,0,0.0,0.0,0.0,0.0
ORD_0001535,CUST_00499,2023-01-20 02:00:00,Fashion,Prepaid,Tier_3,2636.25,8.63,0,0,Delivered,,0,0,0.0,0.0,0.0,0.0
ORD_0009261,CUST_00820,2023-01-20 02:00:00,Footwear,COD,Tier_2,314.35,8.86,0,0,Delivered,,0,0,0.0,0.0,0.0,0.0
ORD_0008778,CUST_03889,2023-01-20 02:00:00,Home,COD,Tier_3,634.0,18.11,0,0,Delivered,,0,0,0.0,0.0,0.0,0.0
ORD_0004857,CUST_01478,2023-01-20 04:00:00,Electronics,Prepaid,Tier_1,9857.55,36.06,0,1,Returned,Not as Expected,1,1,1.0,0.0,1.0,0.0
ORD_0004498,CUST_03027,2023-01-20 05:00:00,Footwear,COD,Tier_3,808.77,0.69,1,0,RTO,,1,0,0.0,0.0,0.0,0.0
ORD_0006386,CUST_04289,2023-01-20 05:00:00,Beauty,Prepaid,Tier_3,346.18,10.07,0,1,Returned,Changed Mind,1,0,0.0,0.0,0.0,0.0
ORD_0004532,CUST_02449,2023-01-20 06:00:00,Footwear,COD,Tier_3,667.25,36.68,0,0,Delivered,,0,1,0.0,0.0,0.0,0.0
ORD_0009267,CUST_04119,2023-01-20 07:00:00,Fashion,COD,Tier_2,599.68,11.63,0,0,Delivered,,0,0,0.0,0.0,0.0,0.0
ORD_0007878,CUST_01373,2023-01-20 07:00:00,Fashion,COD,Tier_1,980.42,22.05,0,0,Delivered,,0,0,0.0,0.0,0.0,0.0
ORD_0004577,CUST_04281,2023-01-20 09:00:00,Fashion,COD,Tier_1,1720.77,48.92,0,0,Delivered,,0,0,0.0,0.0,0.0,0.0
ORD_0008956,CUST_03533,2023-01-20 09:00:00,Footwear,COD,Tier_2,2539.63,27.44,0,0,Delivered,,0,0,0.0,0.0,0.0,0.0
ORD_0003479,CUST_05823,2023-01-20 09:00:00,Electronics,Prepaid,Tier_2,1239.03,29.52,1,0,RTO,,1,0,0.0,0.0,0.0,0.0
ORD_0001539,CUST_05621,2023-01-20 10:00:00,Fashion,Prepaid,Tier_1,1774.23,48.51,0,0,Delivered,,0,0,0.0,0.0,0.0,0.0
ORD_0008857,CUST_01110,2023-01-20 10:00:00,Fashion,COD,Tier_2,3617.93,5.23,0,0,Delivered,,0,0,0.0,0.0,0.0,0.0
ORD_0001051,CUST_04100,2023-01-20 10:00:00,Fashion,Prepaid,Tier_2,3338.74,36.71,0,0,Delivered,,0,0,0.0,0.0,0.0,0.0
ORD_0000890,CUST_05668,2023-01-20 10:00:00,Fashion,COD,Tier_3,1253.28,35.43,0,0,Delivered,,0,0,0.0,0.0,0.0,0.0
ORD_0002370,CUST_01727,2023-01-20 10:00:00,Fashion,COD,Tier_3,2941.42,49.39,0,0,Delivered,,0,0,0.0,0.0,0.0,0.0
ORD_0002492,CUST_01182,2023-01-20 11:00:00,Footwear,COD,Tier_1,2739.23,1.96,0,0,Delivered,,0,0,0.0,0.0,0.0,0.0
ORD_0002473,CUST_04533,2023-01-20 11:00:00,Home,COD,Tier_2,415.07,14.33,0,0,Delivered,,0,1,0.0,0.0,0.0,0.0
ORD_0005081,CUST_03955,2023-01-20 11:00:00,Fashion,COD,Tier_3,1011.63,17.01,1,0,RTO,,1,0,0.0,0.0,0.0,0.0
ORD_0000846,CUST_02285,2023-01-20 12:00:00,Fashion,COD,Tier_1,445.82,33.0,0,0,Delivered,,0,0,0.0,0.0,0.0,0.0
ORD_0001783,CUST_02863,2023-01-20 14:00:00,Fashion,COD,Tier_1,1544.56,5.59,1,0,RTO,,1,0,0.0,0.0,0.0,0.0
ORD_0005981,CUST_05711,2023-01-20 18:00:00,Home,COD,Tier_2,1145.9,5.79,0,0,Delivered,,0,0,0.0,0.0,0.0,0.0
ORD_0002220,CUST_01257,2023-01-20 19:00:00,Fashion,COD,Tier_3,543.8,38.92,1,0,RTO,,1,0,0.0,0.0,0.0,0.0
ORD_0002937,CUST_04731,2023-01-20 20:00:00,Footwear,Prepaid,Tier_2,1368.28,20.6,0,0,Delivered,,0,1,0.0,0.0,0.0,0.0
ORD_0004723,CUST_05839,2023-01-20 20:00:00,Electronics,Prepaid,Tier_1,2314.63,3.13,1,0,RTO,,1,1,0.0,1.0,0.0,1.0
ORD_0009379,CUST_00304,2023-01-20 21:00:00,Fashion,COD,Tier_2,2240.54,25.84,1,0,RTO,,1,0,0.0,0.0,0.0,0.0
ORD_0001511,CUST_00430,2023-01-20 22:00:00,Electronics,COD,Tier_2,1114.97,42.52,0,0,Delivered,,0,1,0.0,0.0,0.0,0.0
ORD_0003686,CUST_05828,2023-01-20 22:00:00,Fashion,Prepaid,Tier_3,356.9,37.3,0,0,Delivered,,0,0,0.0,0.0,0.0,0.0
ORD_0004128,CUST_03796,2023-01-20 22:00:00,Fashion,COD,Tier_3,1059.63,13.13,0,0,Delivered,,0,0,0.0,0.0,0.0,0.0
ORD_0006393,CUST_04421,2023-01-21 00:00:00,Electronics,Prepaid,Tier_3,1588.56,21.25,0,0,Delivered,,0,0,0.0,0.0,0.0,0.0
ORD_0003154,CUST_04629,2023-01-21 01:00:00,Home,Prepaid,Tier_2,715.52,23.06,0,0,Delivered,,0,0,0.0,0.0,0.0,0.0
ORD_0003035,CUST_03820,2023-01-21 01:00:00,Footwear,Prepaid,Tier_3,498.7,27.27,0,1,Returned,Not as Expected,1,0,0.0,0.0,0.0,0.0
ORD_0003320,CUST_02959,2023-01-21 02:00:00,Fashion,COD,Tier_3,2671.72,39.1,0,1,Returned,Changed Mind,1,0,0.0,0.0,0.0,0.0
ORD_0009725,CUST_00335,2023-01-21 05:00:00,Beauty,Prepaid,Tier_2,3733.04,26.87,0,0,Delivered,,0,0,0.0,0.0,0.0,0.0
ORD_0000495,CUST_02865,2023-01-21 05:00:00,Fashion,COD,Tier_2,2144.1,44.46,0,1,Returned,Changed Mind,1,0,0.0,0.0,0.0,0.0
ORD_0001040,CUST_04875,2023-01-21 07:00:00,Electronics,COD,Tier_3,1777.96,20.41,1,0,RTO,,1,0,0.0,0.0,0.0,0.0
ORD_0008326,CUST_01223,2023-01-21 08:00:00,Fashion,COD,Tier_3,971.38,16.39,0,1,Returned,Wrong Size,1,0,0.0,0.0,0.0,0.0
ORD_0006651,CUST_02643,2023-01-21 08:00:00,Footwear,COD,Tier_2,1456.93,45.42,1,0,RTO,,1,0,0.0,0.0,0.0,0.0
ORD_0005429,CUST_01507,2023-01-21 08:00:00,Fashion,COD,Tier_2,932.93,7.19,0,0,Delivered,,0,0,0.0,0.0,0.0,0.0
ORD_0006108,CUST_04389,2023-01-21 09:00:00,Beauty,Prepaid,Tier_2,852.96,48.47,0,0,Delivered,,0,0,0.0,0.0,0.0,0.0
ORD_0009631,CUST_00085,2023-01-21 13:00:00,Fashion,COD,Tier_2,877.89,26.71,0,0,Delivered,,0,0,0.0,0.0,0.0,0.0
ORD_0009299,CUST_03894,2023-01-21 14:00:00,Footwear,Prepaid,Tier_1,1453.81,7.9,0,0,Delivered,,0,0,0.0,0.0,0.0,0.0
ORD_0001820,CUST_02251,2023-01-21 15:00:00,Fashion,COD,Tier_3,1719.85,41.27,1,0,RTO,,1,0,0.0,0.0,0.0,0.0
ORD_0003817,CUST_05000,2023-01-21 15:00:00,Electronics,Prepaid,Tier_2,1839.06,10.35,0,0,Delivered,,0,0,0.0,0.0,0.0,0.0
ORD_0009169,CUST_02483,2023-01-21 17:00:00,Beauty,Prepaid,Tier_1,1012.2,16.45,1,0,RTO,,1,0,0.0,0.0,0.0,0.0
ORD_0004748,CUST_04990,2023-01-21 17:00:00,Footwear,COD,Tier_3,1042.51,44.24,0,0,Delivered,,0,0,0.0,0.0,0.0,0.0
ORD_0000663,CUST_04271,2023-01-21 18:00:00,Footwear,COD,Tier_2,5114.88,9.25,1,0,RTO,,1,0,0.0,0.0,0.0,0.0
ORD_0000260,CUST_03873,2023-01-21 18:00:00,Electronics,Prepaid,Tier_1,928.0,46.54,0,0,Delivered,,0,0,0.0,0.0,0.0,0.0
ORD_0003324,CUST_05121,2023-01-21 19:00:00,Fashion,COD,Tier_3,720.22,11.24,1,0,RTO,,1,0,0.0,0.0,0.0,0.0
ORD_0003528,CUST_02150,2023-01-21 20:00:00,Home,Prepaid,Tier_2,4406.73,17.22,0,0,Delivered,,0,0,0.0,0.0,0.0,0.0
ORD_0003916,CUST_00648,2023-01-21 20:00:00,Beauty,COD,Tier_2,1373.66,22.0,0,0,Delivered,,0,1,0.0,0.0,0.0,0.0
ORD_0002356,CUST_05397,2023-01-21 20:00:00,Electronics,COD,Tier_2,422.48,1.46,0,0,Delivered,,0,0,0.0,0.0,0.0,0.0
ORD_0009118,CUST_01891,2023-01-21 21:00:00,Electronics,COD,Tier_1,5883.96,14.54,1,0,RTO,,1,0,0.0,0.0,0.0,0.0
ORD_0000758,CUST_02867,2023-01-21 21:00:00,Beauty,Prepaid,Tier_1,493.38,49.39,0,0,Delivered,,0,0,0.0,0.0,0.0,0.0
ORD_0002031,CUST_03871,2023-01-21 22:00:00,Electronics,Prepaid,Tier_1,413.67,8.98,0,0,Delivered,,0,0,0.0,0.0,0.0,0.0
ORD_0002225,CUST_03637,2023-01-21 22:00:00,Fashion,COD,Tier_1,1065.45,20.6,0,0,Delivered,,0,1,0.0,0.0,0.0,0.0
ORD_0002615,CUST_05776,2023-01-21 22:00:00,Fashion,Prepaid,Tier_2,2759.21,33.18,0,0,Delivered,,0,0,0.0,0.0,0.0,0.0
ORD_0006846,CUST_04424,2023-01-21 23:00:00,Home,COD,Tier_3,3393.99,21.35,0,0,Delivered,,0,0,0.0,0.0,0.0,0.0
ORD_0002383,CUST_02007,2023-01-21 23:00:00,Footwear,COD,Tier_3,772.83,13.89,0,0,Delivered,,0,0,0.0,0.0,0.0,0.0
ORD_0000158,CUST_04399,2023-01-21 23:00:00,Fashion,Prepaid,Tier_2,4562.95,9.98,0,0,Delivered,,0,0,0.0,0.0,0.0,0.0
ORD_0002029,CUST_00314,2023-01-21 23:00:00,Footwear,Prepaid,Tier_1,2784.64,32.07,0,0,Delivered,,0,1,1.0,0.0,1.0,0.0
ORD_0005060,CUST_01499,2023-01-22 00:00:00,Electronics,Prepaid,Tier_2,1656.09,48.19,0,0,Delivered,,0,0,0.0,0.0,0.0,0.0
ORD_0008507,CUST_05609,2023-01-22 00:00:00,Home,COD,Tier_1,3035.58,16.88,0,0,Delivered,,0,0,0.0,0.0,0.0,0.0
ORD_0001337,CUST_04974,2023-01-22 00:00:00,Fashion,COD,Tier_3,1775.58,46.13,0,0,Delivered,,0,0,0.0,0.0,0.0,0.0
ORD_0006123,CUST_02897,2023-01-22 01:00:00,Footwear,Prepaid,Tier_3,428.99,32.58,0,0,Delivered,,0,0,0.0,0.0,0.0,0.0
ORD_0002570,CUST_03383,2023-01-22 02:00:00,Footwear,COD,Tier_2,380.56,38.41,0,0,Delivered,,0,1,0.0,0.0,0.0,0.0
ORD_0009551,CUST_05632,2023-01-22 03:00:00,Home,COD,Tier_1,3067.75,33.23,0,0,Delivered,,0,0,0.0,0.0,0.0,0.0
ORD_0000468,CUST_05464,2023-01-22 06:00:00,Home,COD,Tier_1,1419.02,11.68,0,0,Delivered,,0,1,0.0,1.0,0.0,1.0
ORD_0003340,CUST_02743,2023-01-22 07:00:00,Footwear,COD,Tier_1,1236.08,5.25,0,0,Delivered,,0,0,0.0,0.0,0.0,0.0
ORD_0004718,CUST_00070,2023-01-22 08:00:00,Home,Prepaid,Tier_1,1377.26,13.24,0,0,Delivered,,0,0,0.0,0.0,0.0,0.0
ORD_0000542,CUST_05894,2023-01-22 08:00:00,Fashion,COD,Tier_2,1586.21,27.55,0,1,Returned,Changed Mind,1,0,0.0,0.0,0.0,0.0
ORD_0008981,CUST_02880,2023-01-22 09:00:00,Electronics,COD,Tier_2,4469.73,46.67,0,1,Returned,Not as Expected,1,0,0.0,0.0,0.0,0.0
ORD_0000697,CUST_04785,2023-01-22 10:00:00,Footwear,COD,Tier_3,2927.23,17.31,1,0,RTO,,1,1,0.0,0.0,0.0,0.0
ORD_0001749,CUST_05245,2023-01-22 11:00:00,Electronics,COD,Tier_2,3631.28,39.63,0,0,Delivered,,0,0,0.0,0.0,0.0,0.0
ORD_0007001,CUST_00722,2023-01-22 11:00:00,Footwear,COD,Tier_2,2163.12,15.14,0,0,Delivered,,0,0,0.0,0.0,0.0,0.0
ORD_0001893,CUST_04938,2023-01-22 11:00:00,Footwear,COD,Tier_1,889.28,4.12,0,0,Delivered,,0,0,0.0,0.0,0.0,0.0
ORD_0003996,CUST_00101,2023-01-22 13:00:00,Beauty,Prepaid,Tier_1,1883.63,22.56,0,0,Delivered,,0,0,0.0,0.0,0.0,0.0
ORD_0007332,CUST_00763,2023-01-22 15:00:00,Home,COD,Tier_2,5371.1,22.75,0,0,Delivered,,0,0,0.0,0.0,0.0,0.0
ORD_0003553,CUST_02566,2023-01-22 16:00:00,Footwear,Prepaid,Tier_2,1482.87,47.76,0,0,Delivered,,0,0,0.0,0.0,0.0,0.0
ORD_0008742,CUST_00460,2023-01-22 17:00:00,Fashion,Prepaid,Tier_1,2286.55,10.45,0,0,Delivered,,0,0,0.0,0.0,0.0,0.0
ORD_0007746,CUST_01045,2023-01-22 18:00:00,Footwear,COD,Tier_1,2091.36,11.19,0,1,Returned,Changed Mind,1,0,0.0,0.0,0.0,0.0
ORD_0008417,CUST_04736,2023-01-22 20:00:00,Fashion,Prepaid,Tier_1,4284.11,27.54,0,1,Returned,Wrong Size,1,0,0.0,0.0,0.0,0.0
ORD_0007722,CUST_03711,2023-01-22 20:00:00,Footwear,Prepaid,Tier_1,475.8,31.4,0,0,Delivered,,0,0,0.0,0.0,0.0,0.0
ORD_0009732,CUST_04039,2023-01-22 22:00:00,Electronics,Prepaid,Tier_2,2657.97,30.49,0,1,Returned,Changed Mind,1,0,0.0,0.0,0.0,0.0
ORD_0006307,CUST_01870,2023-01-22 23:00:00,Footwear,Prepaid,Tier_1,1714.52,2.96,0,0,Delivered,,0,0,0.0,0.0,0.0,0.0
ORD_0000791,CUST_02556,2023-01-23 02:00:00,Fashion,Prepaid,Tier_3,4795.63,33.54,1,0,RTO,,1,1,0.0,0.0,0.0,0.0
ORD_0004079,CUST_01897,2023-01-23 02:00:00,Home,COD,Tier_1,492.76,0.42,1,0,RTO,,1,0,0.0,0.0,0.0,0.0
ORD_0005015,CUST_05503,2023-01-23 03:00:00,Fashion,COD,Tier_3,866.47,41.12,1,0,RTO,,1,0,0.0,0.0,0.0,0.0
ORD_0002436,CUST_02528,2023-01-23 04:00:00,Footwear,Prepaid,Tier_2,1891.65,23.3,0,0,Delivered,,0,0,0.0,0.0,0.0,0.0
ORD_0006380,CUST_04896,2023-01-23 04:00:00,Footwear,COD,Tier_3,2462.3,16.49,0,0,Delivered,,0,0,0.0,0.0,0.0,0.0
ORD_0005833,CUST_05895,2023-01-23 05:00:00,Fashion,COD,Tier_2,1458.23,37.75,0,1,Returned,Changed Mind,1,0,0.0,0.0,0.0,0.0
ORD_0002426,CUST_02683,2023-01-23 05:00:00,Fashion,COD,Tier_1,723.58,20.95,0,0,Delivered,,0,0,0.0,0.0,0.0,0.0
ORD_0008095,CUST_02053,2023-01-23 05:00:00,Home,COD,Tier_2,1978.53,28.07,0,0,Delivered,,0,0,0.0,0.0,0.0,0.0
ORD_0003640,CUST_02153,2023-01-23 05:00:00,Beauty,COD,Tier_1,4390.3,16.46,0,0,Delivered,,0,0,0.0,0.0,0.0,0.0
ORD_0007678,CUST_03567,2023-01-23 07:00:00,Fashion,Prepaid,Tier_2,1124.01,33.01,1,0,RTO,,1,0,0.0,0.0,0.0,0.0
ORD_0003120,CUST_00129,2023-01-23 07:00:00,Home,COD,Tier_3,709.33,14.03,0,0,Delivered,,0,0,0.0,0.0,0.0,0.0
ORD_0004955,CUST_00162,2023-01-23 07:00:00,Fashion,COD,Tier_1,1597.5,36.53,0,1,Returned,Wrong Size,1,0,0.0,0.0,0.0,0.0
ORD_0004262,CUST_01976,2023-01-23 09:00:00,Electronics,COD,Tier_3,1427.61,4.87,1,0,RTO,,1,0,0.0,0.0,0.0,0.0
ORD_0006263,CUST_02952,2023-01-23 09:00:00,Electronics,COD,Tier_2,558.52,22.98,0,0,Delivered,,0,0,0.0,0.0,0.0,0.0
ORD_0005360,CUST_05677,2023-01-23 10:00:00,Fashion,COD,Tier_2,1068.23,44.26,0,0,Delivered,,0,0,0.0,0.0,0.0,0.0
ORD_0008006,CUST_00070,2023-01-23 10:00:00,Electronics,COD,Tier_2,828.01,4.06,0,0,Delivered,,0,1,0.0,0.0,0.0,0.0
ORD_0004989,CUST_00965,2023-01-23 10:00:00,Footwear,Prepaid,Tier_2,5797.0,7.67,0,0,Delivered,,0,0,0.0,0.0,0.0,0.0
ORD_0008289,CUST_03690,2023-01-23 11:00:00,Fashion,Prepaid,Tier_3,2201.47,6.9,0,0,Delivered,,0,0,0.0,0.0,0.0,0.0
ORD_0003869,CUST_00924,2023-01-23 11:00:00,Home,COD,Tier_2,504.49,43.18,0,0,Delivered,,0,0,0.0,0.0,0.0,0.0
ORD_0004859,CUST_03995,2023-01-23 14:00:00,Electronics,COD,Tier_3,547.47,20.1,0,0,Delivered,,0,0,0.0,0.0,0.0,0.0
ORD_0007965,CUST_03562,2023-01-23 14:00:00,Fashion,Prepaid,Tier_2,840.37,41.37,0,0,Delivered,,0,0,0.0,0.0,0.0,0.0
ORD_0009251,CUST_04817,2023-01-23 14:00:00,Home,COD,Tier_3,3517.49,23.12,0,0,Delivered,,0,0,0.0,0.0,0.0,0.0
ORD_0004978,CUST_04263,2023-01-23 15:00:00,Fashion,Prepaid,Tier_3,1916.09,49.25,0,0,Delivered,,0,1,0.0,1.0,0.0,1.0
ORD_0002599,CUST_05270,2023-01-23 16:00:00,Home,Prepaid,Tier_3,1360.84,27.4,0,0,Delivered,,0,0,0.0,0.0,0.0,0.0
ORD_0004327,CUST_02473,2023-01-23 16:00:00,Beauty,Prepaid,Tier_3,746.8,20.99,0,1,Returned,Wrong Size,1,0,0.0,0.0,0.0,0.0
ORD_0007555,CUST_02242,2023-01-23 16:00:00,Fashion,Prepaid,Tier_1,2038.07,7.14,0,0,Delivered,,0,0,0.0,0.0,0.0,0.0
ORD_0004083,CUST_03052,2023-01-23 17:00:00,Fashion,COD,Tier_1,412.54,9.69,0,0,Delivered,,0,0,0.0,0.0,0.0,0.0
ORD_0006051,CUST_04503,2023-01-23 18:00:00,Fashion,Prepaid,Tier_2,369.62,20.54,0,0,Delivered,,0,0,0.0,0.0,0.0,0.0
ORD_0005763,CUST_04815,2023-01-23 19:00:00,Fashion,COD,Tier_1,1809.47,0.92,0,0,Delivered,,0,0,0.0,0.0,0.0,0.0
ORD_0004301,CUST_00006,2023-01-23 20:00:00,Footwear,COD,Tier_1,2481.28,28.54,0,0,Delivered,,0,0,0.0,0.0,0.0,0.0
ORD_0001802,CUST_04619,2023-01-23 22:00:00,Fashion,COD,Tier_2,3002.6,13.42,0,0,Delivered,,0,0,0.0,0.0,0.0,0.0
ORD_0002958,CUST_04061,2023-01-24 00:00:00,Footwear,COD,Tier_1,3424.01,38.95,0,0,Delivered,,0,0,0.0,0.0,0.0,0.0
ORD_0006840,CUST_03134,2023-01-24 02:00:00,Footwear,Prepaid,Tier_1,448.3,40.43,0,0,Delivered,,0,0,0.0,0.0,0.0,0.0
ORD_0007672,CUST_00542,2023-01-24 04:00:00,Electronics,COD,Tier_3,1372.03,26.68,0,1,Returned,Not as Expected,1,0,0.0,0.0,0.0,0.0
ORD_0000546,CUST_03534,2023-01-24 04:00:00,Fashion,COD,Tier_3,2413.8,30.22,1,0,RTO,,1,0,0.0,0.0,0.0,0.0
ORD_0009130,CUST_04953,2023-01-24 05:00:00,Fashion,COD,Tier_2,3416.98,18.47,0,0,Delivered,,0,0,0.0,0.0,0.0,0.0
ORD_0005258,CUST_04740,2023-01-24 05:00:00,Fashion,COD,Tier_2,2624.62,45.2,0,1,Returned,Not as Expected,1,0,0.0,0.0,0.0,0.0
ORD_0004683,CUST_03655,2023-01-24 07:00:00,Footwear,COD,Tier_3,1220.75,28.4,1,0,RTO,,1,0,0.0,0.0,0.0,0.0
ORD_0009318,CUST_03713,2023-01-24 07:00:00,Fashion,COD,Tier_2,921.7,23.42,0,1,Returned,Wrong Size,1,0,0.0,0.0,0.0,0.0
ORD_0003230,CUST_05029,2023-01-24 07:00:00,Electronics,COD,Tier_3,1711.7,38.76,0,0,Delivered,,0,1,0.0,0.0,0.0,0.0
ORD_0005112,CUST_05488,2023-01-24 08:00:00,Footwear,COD,Tier_2,916.49,28.95,0,0,Delivered,,0,0,0.0,0.0,0.0,0.0
ORD_0005419,CUST_02468,2023-01-24 09:00:00,Footwear,Prepaid,Tier_2,796.74,25.22,0,0,Delivered,,0,0,0.0,0.0,0.0,0.0
ORD_0003968,CUST_02229,2023-01-24 09:00:00,Fashion,Prepaid,Tier_3,589.46,40.82,0,0,Delivered,,0,0,0.0,0.0,0.0,0.0
ORD_0005169,CUST_03305,2023-01-24 09:00:00,Beauty,Prepaid,Tier_1,683.05,41.79,0,0,Delivered,,0,0,0.0,0.0,0.0,0.0
ORD_0007747,CUST_02410,2023-01-24 10:00:00,Footwear,COD,Tier_1,682.57,18.37,1,0,RTO,,1,0,0.0,0.0,0.0,0.0
ORD_0008899,CUST_03973,2023-01-24 10:00:00,Home,COD,Tier_3,985.0,2.71,1,0,RTO,,1,0,0.0,0.0,0.0,0.0
ORD_0006972,CUST_01645,2023-01-24 10:00:00,Electronics,COD,Tier_3,1908.18,43.22,0,0,Delivered,,0,0,0.0,0.0,0.0,0.0
ORD_0006301,CUST_04683,2023-01-24 11:00:00,Fashion,COD,Tier_2,654.76,18.16,0,0,Delivered,,0,0,0.0,0.0,0.0,0.0
ORD_0008441,CUST_00042,2023-01-24 12:00:00,Electronics,Prepaid,Tier_1,332.81,33.78,0,0,Delivered,,0,0,0.0,0.0,0.0,0.0
ORD_0004790,CUST_02812,2023-01-24 13:00:00,Fashion,COD,Tier_2,985.76,10.5,0,0,Delivered,,0,0,0.0,0.0,0.0,0.0
ORD_0008834,CUST_02964,2023-01-24 15:00:00,Footwear,COD,Tier_2,386.2,3.22,0,0,Delivered,,0,0,0.0,0.0,0.0,0.0
ORD_0001624,CUST_05380,2023-01-24 17:00:00,Fashion,COD,Tier_3,2833.48,49.96,1,0,RTO,,1,0,0.0,0.0,0.0,0.0
ORD_0004774,CUST_05577,2023-01-24 17:00:00,Home,COD,Tier_2,1800.85,48.27,1,0,RTO,,1,1,0.0,0.0,0.0,0.0
ORD_0003144,CUST_05078,2023-01-24 17:00:00,Fashion,Prepaid,Tier_1,2372.9,31.42,0,1,Returned,Wrong Size,1,1,0.0,1.0,0.0,1.0
ORD_0003207,CUST_02452,2023-01-24 18:00:00,Footwear,COD,Tier_1,1682.21,31.35,0,0,Delivered,,0,0,0.0,0.0,0.0,0.0
ORD_0000484,CUST_02033,2023-01-24 18:00:00,Fashion,Prepaid,Tier_3,3626.03,16.07,0,0,Delivered,,0,0,0.0,0.0,0.0,0.0
ORD_0001247,CUST_00561,2023-01-24 19:00:00,Home,COD,Tier_2,1511.78,46.99,0,0,Delivered,,0,0,0.0,0.0,0.0,0.0
ORD_0007111,CUST_01892,2023-01-24 20:00:00,Fashion,COD,Tier_2,865.45,26.94,0,0,Delivered,,0,1,0.0,0.0,0.0,0.0
ORD_0000408,CUST_02453,2023-01-24 20:00:00,Fashion,COD,Tier_3,907.31,9.59,0,0,Delivered,,0,0,0.0,0.0,0.0,0.0
ORD_0003300,CUST_04686,2023-01-24 21:00:00,Electronics,COD,Tier_3,584.35,18.88,0,1,Returned,Not as Expected,1,0,0.0,0.0,0.0,0.0
ORD_0008903,CUST_00840,2023-01-24 23:00:00,Fashion,COD,Tier_3,2178.81,49.15,0,0,Delivered,,0,0,0.0,0.0,0.0,0.0
ORD_0007118,CUST_01099,2023-01-25 00:00:00,Footwear,Prepaid,Tier_1,3710.31,37.6,0,0,Delivered,,0,0,0.0,0.0,0.0,0.0
ORD_0006210,CUST_05741,2023-01-25 01:00:00,Electronics,Prepaid,Tier_2,1253.81,39.57,0,0,Delivered,,0,0,0.0,0.0,0.0,0.0
ORD_0007398,CUST_05041,2023-01-25 01:00:00,Fashion,COD,Tier_1,1937.81,10.04,0,0,Delivered,,0,0,0.0,0.0,0.0,0.0
ORD_0000595,CUST_00695,2023-01-25 02:00:00,Fashion,COD,Tier_3,1640.21,21.24,0,0,Delivered,,0,0,0.0,0.0,0.0,0.0
ORD_0001745,CUST_03517,2023-01-25 02:00:00,Fashion,COD,Tier_3,2260.0,41.72,0,1,Returned,Defective,1,0,0.0,0.0,0.0,0.0
ORD_0003915,CUST_02539,2023-01-25 02:00:00,Footwear,COD,Tier_3,3156.77,49.13,0,0,Delivered,,0,0,0.0,0.0,0.0,0.0
ORD_0001705,CUST_03987,2023-01-25 02:00:00,Electronics,Prepaid,Tier_1,1279.87,32.37,0,0,Delivered,,0,0,0.0,0.0,0.0,0.0
ORD_0009286,CUST_03294,2023-01-25 04:00:00,Electronics,COD,Tier_1,2700.56,39.65,0,0,Delivered,,0,0,0.0,0.0,0.0,0.0
ORD_0007925,CUST_04321,2023-01-25 07:00:00,Footwear,COD,Tier_2,1153.54,27.4,0,0,Delivered,,0,0,0.0,0.0,0.0,0.0
ORD_0008292,CUST_01430,2023-01-25 07:00:00,Fashion,Prepaid,Tier_3,1174.49,25.63,1,0,RTO,,1,0,0.0,0.0,0.0,0.0
ORD_0008902,CUST_01336,2023-01-25 08:00:00,Home,COD,Tier_1,5589.98,0.22,0,1,Returned,Wrong Size,1,0,0.0,0.0,0.0,0.0
ORD_0000077,CUST_01333,2023-01-25 09:00:00,Fashion,Prepaid,Tier_2,3049.14,48.27,0,0,Delivered,,0,0,0.0,0.0,0.0,0.0
ORD_0005193,CUST_05078,2023-01-25 09:00:00,Fashion,Prepaid,Tier_1,2019.07,48.59,0,0,Delivered,,0,2,1.0,1.0,0.5,0.5
ORD_0004528,CUST_03890,2023-01-25 09:00:00,Fashion,COD,Tier_1,3532.48,8.69,0,0,Delivered,,0,0,0.0,0.0,0.0,0.0
ORD_0007097,CUST_01540,2023-01-25 10:00:00,Fashion,COD,Tier_1,385.71,13.64,1,0,RTO,,1,0,0.0,0.0,0.0,0.0
ORD_0007729,CUST_01603,2023-01-25 12:00:00,Fashion,COD,Tier_3,1162.81,48.82,1,0,RTO,,1,0,0.0,0.0,0.0,0.0
ORD_0003314,CUST_03561,2023-01-25 14:00:00,Beauty,Prepaid,Tier_1,1884.66,0.35,0,0,Delivered,,0,0,0.0,0.0,0.0,0.0
ORD_0007247,CUST_01400,2023-01-25 14:00:00,Footwear,Prepaid,Tier_1,1655.37,21.34,0,1,Returned,Wrong Size,1,0,0.0,0.0,0.0,0.0
ORD_0006909,CUST_02854,2023-01-25 18:00:00,Beauty,COD,Tier_2,1266.16,33.98,1,0,RTO,,1,0,0.0,0.0,0.0,0.0
ORD_0008689,CUST_05780,2023-01-25 20:00:00,Fashion,COD,Tier_3,694.03,27.72,1,0,RTO,,1,0,0.0,0.0,0.0,0.0
ORD_0001867,CUST_04294,2023-01-25 21:00:00,Home,Prepaid,Tier_3,498.87,6.75,0,0,Delivered,,0,0,0.0,0.0,0.0,0.0
ORD_0009952,CUST_05520,2023-01-25 21:00:00,Beauty,COD,Tier_2,2260.32,1.38,0,0,Delivered,,0,0,0.0,0.0,0.0,0.0
ORD_0009798,CUST_00455,2023-01-25 21:00:00,Electronics,COD,Tier_1,3142.92,46.11,1,0,RTO,,1,0,0.0,0.0,0.0,0.0
ORD_0006031,CUST_00296,2023-01-25 23:00:00,Fashion,COD,Tier_2,2535.91,39.03,0,0,Delivered,,0,0,0.0,0.0,0.0,0.0
ORD_0007492,CUST_02477,2023-01-26 00:00:00,Fashion,COD,Tier_3,1419.7,30.95,0,0,Delivered,,0,0,0.0,0.0,0.0,0.0
ORD_0006487,CUST_02801,2023-01-26 02:00:00,Fashion,COD,Tier_1,1140.13,9.15,0,0,Delivered,,0,0,0.0,0.0,0.0,0.0
ORD_0002127,CUST_00303,2023-01-26 03:00:00,Fashion,COD,Tier_2,374.39,1.83,1,0,RTO,,1,0,0.0,0.0,0.0,0.0
ORD_0007920,CUST_02141,2023-01-26 03:00:00,Fashion,Prepaid,Tier_1,1553.13,25.13,0,0,Delivered,,0,0,0.0,0.0,0.0,0.0
ORD_0004496,CUST_03040,2023-01-26 04:00:00,Fashion,COD,Tier_1,420.03,9.73,0,1,Returned,Wrong Size,1,0,0.0,0.0,0.0,0.0
ORD_0004386,CUST_01718,2023-01-26 07:00:00,Home,COD,Tier_2,508.28,9.53,1,0,RTO,,1,0,0.0,0.0,0.0,0.0
ORD_0007524,CUST_00034,2023-01-26 07:00:00,Electronics,COD,Tier_3,1141.27,16.54,0,1,Returned,Changed Mind,1,1,0.0,0.0,0.0,0.0
ORD_0004471,CUST_05424,2023-01-26 08:00:00,Fashion,COD,Tier_1,345.64,12.46,0,0,Delivered,,0,0,0.0,0.0,0.0,0.0
ORD_0000657,CUST_03889,2023-01-26 09:00:00,Fashion,COD,Tier_3,1334.24,6.37,1,0,RTO,,1,1,0.0,0.0,0.0,0.0
ORD_0001393,CUST_04396,2023-01-26 10:00:00,Electronics,Prepaid,Tier_1,4047.72,3.41,0,0,Delivered,,0,0,0.0,0.0,0.0,0.0
ORD_0006128,CUST_05597,2023-01-26 11:00:00,Fashion,COD,Tier_3,1373.94,4.47,1,0,RTO,,1,0,0.0,0.0,0.0,0.0
ORD_0005460,CUST_05028,2023-01-26 12:00:00,Footwear,COD,Tier_2,663.47,44.99,0,0,Delivered,,0,0,0.0,0.0,0.0,0.0
ORD_0008028,CUST_01777,2023-01-26 12:00:00,Footwear,Prepaid,Tier_2,2631.11,39.75,0,0,Delivered,,0,0,0.0,0.0,0.0,0.0
ORD_0007122,CUST_05833,2023-01-26 13:00:00,Fashion,COD,Tier_3,495.97,33.81,1,0,RTO,,1,0,0.0,0.0,0.0,0.0
ORD_0006745,CUST_04915,2023-01-26 14:00:00,Electronics,COD,Tier_3,1352.46,34.51,0,0,Delivered,,0,0,0.0,0.0,0.0,0.0
ORD_0000445,CUST_03504,2023-01-26 14:00:00,Fashion,COD,Tier_3,1132.21,39.49,0,0,Delivered,,0,0,0.0,0.0,0.0,0.0
ORD_0007565,CUST_04501,2023-01-26 15:00:00,Footwear,Prepaid,Tier_3,2451.02,48.84,0,1,Returned,Wrong Size,1,0,0.0,0.0,0.0,0.0
ORD_0008499,CUST_02430,2023-01-26 17:00:00,Fashion,COD,Tier_2,1319.66,2.04,1,0,RTO,,1,0,0.0,0.0,0.0,0.0
ORD_0000102,CUST_02657,2023-01-26 18:00:00,Footwear,COD,Tier_3,2689.49,9.6,0,0,Delivered,,0,0,0.0,0.0,0.0,0.0
ORD_0003513,CUST_05774,2023-01-26 18:00:00,Beauty,COD,Tier_1,571.93,43.08,0,0,Delivered,,0,0,0.0,0.0,0.0,0.0
ORD_0003711,CUST_04768,2023-01-26 19:00:00,Fashion,Prepaid,Tier_3,1605.3,9.93,0,0,Delivered,,0,0,0.0,0.0,0.0,0.0
ORD_0000927,CUST_00824,2023-01-26 20:00:00,Footwear,COD,Tier_2,914.33,33.74,0,1,Returned,Wrong Size,1,0,0.0,0.0,0.0,0.0
ORD_0000879,CUST_05658,2023-01-26 21:00:00,Home,COD,Tier_2,1373.06,30.35,0,0,Delivered,,0,0,0.0,0.0,0.0,0.0
ORD_0003650,CUST_05823,2023-01-26 22:00:00,Footwear,COD,Tier_3,312.36,23.14,0,1,Returned,Wrong Size,1,1,0.0,1.0,0.0,1.0
ORD_0000896,CUST_03877,2023-01-26 23:00:00,Fashion,Prepaid,Tier_1,1302.26,31.72,0,1,Returned,Wrong Size,1,0,0.0,0.0,0.0,0.0
ORD_0001319,CUST_04686,2023-01-27 01:00:00,Electronics,COD,Tier_1,302.98,45.22,0,0,Delivered,,0,1,1.0,0.0,1.0,0.0
ORD_0007998,CUST_02765,2023-01-27 01:00:00,Electronics,COD,Tier_2,312.09,2.36,0,0,Delivered,,0,0,0.0,0.0,0.0,0.0
ORD_0002906,CUST_00264,2023-01-27 03:00:00,Electronics,COD,Tier_2,1082.48,47.84,0,0,Delivered,,0,0,0.0,0.0,0.0,0.0
ORD_0003940,CUST_05016,2023-01-27 03:00:00,Fashion,COD,Tier_3,642.55,44.04,0,0,Delivered,,0,0,0.0,0.0,0.0,0.0
ORD_0000161,CUST_02787,2023-01-27 04:00:00,Electronics,COD,Tier_2,1278.5,9.32,1,0,RTO,,1,0,0.0,0.0,0.0,0.0
ORD_0006942,CUST_02500,2023-01-27 05:00:00,Beauty,Prepaid,Tier_2,849.26,35.87,0,0,Delivered,,0,0,0.0,0.0,0.0,0.0
ORD_0008932,CUST_04286,2023-01-27 06:00:00,Home,COD,Tier_1,2935.41,20.06,1,0,RTO,,1,0,0.0,0.0,0.0,0.0
ORD_0002939,CUST_05510,2023-01-27 06:00:00,Fashion,COD,Tier_3,2296.08,11.92,0,0,Delivered,,0,0,0.0,0.0,0.0,0.0
ORD_0003449,CUST_04100,2023-01-27 08:00:00,Beauty,COD,Tier_2,831.42,18.15,0,0,Delivered,,0,1,0.0,0.0,0.0,0.0
ORD_0008658,CUST_03612,2023-01-27 10:00:00,Fashion,COD,Tier_2,350.99,2.59,0,1,Returned,Wrong Size,1,0,0.0,0.0,0.0,0.0
ORD_0005781,CUST_01357,2023-01-27 12:00:00,Fashion,Prepaid,Tier_2,8706.2,15.88,0,0,Delivered,,0,0,0.0,0.0,0.0,0.0
ORD_0006810,CUST_00633,2023-01-27 12:00:00,Electronics,COD,Tier_2,1072.84,34.2,0,0,Delivered,,0,0,0.0,0.0,0.0,0.0
ORD_0003782,CUST_01088,2023-01-27 14:00:00,Home,COD,Tier_2,6566.89,36.38,0,0,Delivered,,0,0,0.0,0.0,0.0,0.0
ORD_0008641,CUST_01318,2023-01-27 16:00:00,Footwear,COD,Tier_2,564.62,10.96,1,0,RTO,,1,0,0.0,0.0,0.0,0.0
ORD_0000852,CUST_05474,2023-01-27 17:00:00,Fashion,Prepaid,Tier_2,1434.56,37.7,0,0,Delivered,,0,0,0.0,0.0,0.0,0.0
ORD_0001546,CUST_02639,2023-01-27 19:00:00,Fashion,Prepaid,Tier_3,1873.93,3.19,0,0,Delivered,,0,0,0.0,0.0,0.0,0.0
ORD_0005723,CUST_04636,2023-01-27 20:00:00,Footwear,COD,Tier_3,1993.88,49.09,1,0,RTO,,1,0,0.0,0.0,0.0,0.0
ORD_0006056,CUST_02852,2023-01-27 20:00:00,Home,COD,Tier_2,5360.38,40.03,0,0,Delivered,,0,0,0.0,0.0,0.0,0.0
ORD_0003743,CUST_00134,2023-01-27 21:00:00,Fashion,Prepaid,Tier_2,2456.37,35.65,0,0,Delivered,,0,1,1.0,0.0,1.0,0.0
ORD_0000142,CUST_05575,2023-01-27 21:00:00,Home,Prepaid,Tier_2,1482.75,41.65,0,1,Returned,Not as Expected,1,0,0.0,0.0,0.0,0.0
ORD_0004880,CUST_03305,2023-01-27 22:00:00,Fashion,COD,Tier_1,430.47,0.27,0,0,Delivered,,0,1,0.0,0.0,0.0,0.0
ORD_0002963,CUST_03123,2023-01-27 23:00:00,Home,COD,Tier_2,2772.16,30.18,0,0,Delivered,,0,0,0.0,0.0,0.0,0.0
ORD_0001226,CUST_01265,2023-01-28 00:00:00,Footwear,COD,Tier_2,1865.71,30.43,1,0,RTO,,1,0,0.0,0.0,0.0,0.0
ORD_0002025,CUST_05325,2023-01-28 02:00:00,Fashion,Prepaid,Tier_2,871.6,20.92,0,0,Delivered,,0,0,0.0,0.0,0.0,0.0
ORD_0009340,CUST_00491,2023-01-28 03:00:00,Fashion,COD,Tier_2,1081.49,5.61,0,0,Delivered,,0,0,0.0,0.0,0.0,0.0
ORD_0008420,CUST_00709,2023-01-28 04:00:00,Footwear,Prepaid,Tier_1,1025.52,40.91,0,0,Delivered,,0,0,0.0,0.0,0.0,0.0
ORD_0003629,CUST_05890,2023-01-28 04:00:00,Home,COD,Tier_2,4978.28,26.2,0,0,Delivered,,0,0,0.0,0.0,0.0,0.0
ORD_0001006,CUST_00022,2023-01-28 05:00:00,Fashion,COD,Tier_1,1147.77,28.63,0,0,Delivered,,0,0,0.0,0.0,0.0,0.0
ORD_0006497,CUST_01197,2023-01-28 05:00:00,Electronics,Prepaid,Tier_2,1368.32,6.88,0,0,Delivered,,0,0,0.0,0.0,0.0,0.0
ORD_0000170,CUST_02158,2023-01-28 10:00:00,Home,COD,Tier_1,1474.42,35.88,0,0,Delivered,,0,2,0.0,1.0,0.0,0.5
ORD_0009829,CUST_00788,2023-01-28 10:00:00,Fashion,COD,Tier_2,2953.17,24.86,1,0,RTO,,1,0,0.0,0.0,0.0,0.0
ORD_0008114,CUST_05797,2023-01-28 11:00:00,Beauty,Prepaid,Tier_3,662.69,32.28,0,1,Returned,Defective,1,0,0.0,0.0,0.0,0.0
ORD_0003149,CUST_03252,2023-01-28 11:00:00,Electronics,COD,Tier_2,1596.76,43.53,0,0,Delivered,,0,0,0.0,0.0,0.0,0.0
ORD_0006422,CUST_04491,2023-01-28 12:00:00,Fashion,COD,Tier_2,1638.68,43.82,0,1,Returned,Changed Mind,1,0,0.0,0.0,0.0,0.0
ORD_0001342,CUST_05087,2023-01-28 13:00:00,Fashion,COD,Tier_3,2180.03,28.32,1,0,RTO,,1,1,0.0,0.0,0.0,0.0
ORD_0006921,CUST_05106,2023-01-28 13:00:00,Beauty,COD,Tier_1,709.11,22.87,1,0,RTO,,1,1,0.0,0.0,0.0,0.0
ORD_0000869,CUST_00084,2023-01-28 14:00:00,Fashion,Prepaid,Tier_3,639.63,17.82,0,0,Delivered,,0,0,0.0,0.0,0.0,0.0
ORD_0006354,CUST_02535,2023-01-28 16:00:00,Fashion,COD,Tier_1,2043.05,12.65,0,0,Delivered,,0,0,0.0,0.0,0.0,0.0
ORD_0004268,CUST_03182,2023-01-28 17:00:00,Fashion,COD,Tier_3,2027.96,31.56,0,0,Delivered,,0,0,0.0,0.0,0.0,0.0
ORD_0003427,CUST_03274,2023-01-28 17:00:00,Fashion,COD,Tier_2,492.29,25.47,0,0,Delivered,,0,0,0.0,0.0,0.0,0.0
ORD_0003979,CUST_02951,2023-01-28 17:00:00,Fashion,COD,Tier_3,1017.78,2.18,1,0,RTO,,1,1,1.0,0.0,1.0,0.0
ORD_0004429,CUST_00763,2023-01-28 21:00:00,Fashion,Prepaid,Tier_3,5310.38,49.81,0,0,Delivered,,0,1,0.0,0.0,0.0,0.0
ORD_0005130,CUST_01218,2023-01-28 21:00:00,Footwear,COD,Tier_1,687.98,1.95,0,0,Delivered,,0,2,0.0,1.0,0.0,0.5
ORD_0000863,CUST_02789,2023-01-28 21:00:00,Fashion,Prepaid,Tier_2,2069.01,10.89,0,0,Delivered,,0,0,0.0,0.0,0.0,0.0
ORD_0005607,CUST_04497,2023-01-28 23:00:00,Home,Prepaid,Tier_3,3647.23,47.19,0,0,Delivered,,0,0,0.0,0.0,0.0,0.0
ORD_0000120,CUST_01171,2023-01-29 02:00:00,Electronics,COD,Tier_2,986.12,23.55,1,0,RTO,,1,0,0.0,0.0,0.0,0.0
ORD_0009366,CUST_01954,2023-01-29 03:00:00,Beauty,Prepaid,Tier_2,656.39,34.39,0,0,Delivered,,0,1,0.0,1.0,0.0,1.0
ORD_0005462,CUST_01998,2023-01-29 05:00:00,Fashion,COD,Tier_2,1404.47,2.63,0,0,Delivered,,0,0,0.0,0.0,0.0,0.0
ORD_0002819,CUST_03620,2023-01-29 06:00:00,Home,COD,Tier_2,501.37,12.44,0,1,Returned,Wrong Size,1,1,0.0,1.0,0.0,1.0
ORD_0009903,CUST_05420,2023-01-29 06:00:00,Footwear,Prepaid,Tier_3,301.93,36.02,0,0,Delivered,,0,0,0.0,0.0,0.0,0.0
ORD_0003689,CUST_05540,2023-01-29 06:00:00,Fashion,COD,Tier_2,740.56,8.42,0,0,Delivered,,0,0,0.0,0.0,0.0,0.0
ORD_0004117,CUST_01347,2023-01-29 07:00:00,Footwear,COD,Tier_2,2896.09,36.37,1,0,RTO,,1,0,0.0,0.0,0.0,0.0
ORD_0008717,CUST_02674,2023-01-29 07:00:00,Fashion,COD,Tier_1,1501.93,11.5,0,0,Delivered,,0,0,0.0,0.0,0.0,0.0
ORD_0007599,CUST_03653,2023-01-29 08:00:00,Home,COD,Tier_1,515.91,28.12,0,0,Delivered,,0,0,0.0,0.0,0.0,0.0
ORD_0006926,CUST_01636,2023-01-29 11:00:00,Fashion,Prepaid,Tier_2,5142.07,21.13,0,0,Delivered,,0,0,0.0,0.0,0.0,0.0
ORD_0003734,CUST_04638,2023-01-29 12:00:00,Electronics,COD,Tier_1,598.01,31.55,0,0,Delivered,,0,0,0.0,0.0,0.0,0.0
ORD_0003700,CUST_00619,2023-01-29 13:00:00,Fashion,COD,Tier_2,814.27,31.42,0,0,Delivered,,0,0,0.0,0.0,0.0,0.0
ORD_0008486,CUST_03035,2023-01-29 15:00:00,Home,Prepaid,Tier_2,5841.29,25.92,0,0,Delivered,,0,0,0.0,0.0,0.0,0.0
ORD_0006288,CUST_00643,2023-01-29 16:00:00,Home,COD,Tier_2,2858.8,43.4,0,0,Delivered,,0,0,0.0,0.0,0.0,0.0
ORD_0006113,CUST_02354,2023-01-29 16:00:00,Beauty,COD,Tier_1,1315.62,16.53,0,0,Delivered,,0,0,0.0,0.0,0.0,0.0
ORD_0008963,CUST_04860,2023-01-29 17:00:00,Beauty,Prepaid,Tier_1,1213.79,37.64,0,0,Delivered,,0,0,0.0,0.0,0.0,0.0
ORD_0008019,CUST_02064,2023-01-29 17:00:00,Fashion,Prepaid,Tier_1,1714.41,47.49,0,1,Returned,Wrong Size,1,0,0.0,0.0,0.0,0.0
ORD_0002799,CUST_04881,2023-01-29 18:00:00,Fashion,Prepaid,Tier_2,1752.3,45.25,1,0,RTO,,1,0,0.0,0.0,0.0,0.0
ORD_0003931,CUST_03584,2023-01-29 20:00:00,Electronics,COD,Tier_3,2201.97,13.37,0,0,Delivered,,0,0,0.0,0.0,0.0,0.0
ORD_0000081,CUST_05491,2023-01-29 20:00:00,Fashion,COD,Tier_3,371.34,7.93,1,0,RTO,,1,0,0.0,0.0,0.0,0.0
ORD_0001798,CUST_01452,2023-01-29 21:00:00,Electronics,COD,Tier_1,1340.81,33.99,0,0,Delivered,,0,0,0.0,0.0,0.0,0.0
ORD_0006024,CUST_04183,2023-01-29 21:00:00,Home,COD,Tier_1,4431.04,35.6,0,0,Delivered,,0,0,0.0,0.0,0.0,0.0
ORD_0008097,CUST_00154,2023-01-30 00:00:00,Fashion,COD,Tier_2,1491.12,13.34,0,0,Delivered,,0,0,0.0,0.0,0.0,0.0
ORD_0006431,CUST_05857,2023-01-30 00:00:00,Footwear,Prepaid,Tier_1,3034.91,0.12,0,0,Delivered,,0,0,0.0,0.0,0.0,0.0
ORD_0001340,CUST_05216,2023-01-30 01:00:00,Home,COD,Tier_2,1763.99,20.09,0,0,Delivered,,0,0,0.0,0.0,0.0,0.0
ORD_0004928,CUST_03305,2023-01-30 02:00:00,Fashion,Prepaid,Tier_2,3079.89,45.88,0,1,Returned,Changed Mind,1,2,0.0,0.0,0.0,0.0
ORD_0005536,CUST_00049,2023-01-30 03:00:00,Fashion,COD,Tier_3,919.72,28.24,0,1,Returned,Wrong Size,1,0,0.0,0.0,0.0,0.0
ORD_0007234,CUST_02974,2023-01-30 04:00:00,Fashion,Prepaid,Tier_1,579.73,19.07,0,0,Delivered,,0,0,0.0,0.0,0.0,0.0
ORD_0001014,CUST_01897,2023-01-30 06:00:00,Footwear,Prepaid,Tier_1,1138.45,11.93,0,0,Delivered,,0,1,0.0,1.0,0.0,1.0
ORD_0005034,CUST_03804,2023-01-30 06:00:00,Footwear,COD,Tier_1,696.74,5.47,0,0,Delivered,,0,0,0.0,0.0,0.0,0.0
ORD_0005839,CUST_03680,2023-01-30 06:00:00,Electronics,COD,Tier_3,909.04,13.91,1,0,RTO,,1,0,0.0,0.0,0.0,0.0
ORD_0005104,CUST_00102,2023-01-30 06:00:00,Fashion,COD,Tier_2,926.42,1.94,0,0,Delivered,,0,1,0.0,1.0,0.0,1.0
ORD_0009709,CUST_03605,2023-01-30 07:00:00,Electronics,COD,Tier_2,565.79,29.93,1,0,RTO,,1,0,0.0,0.0,0.0,0.0
ORD_0006430,CUST_01338,2023-01-30 08:00:00,Footwear,Prepaid,Tier_3,1135.49,5.99,0,1,Returned,Not as Expected,1,0,0.0,0.0,0.0,0.0
ORD_0005910,CUST_01097,2023-01-30 10:00:00,Home,COD,Tier_3,1194.99,26.67,0,0,Delivered,,0,1,0.0,0.0,0.0,0.0
ORD_0005427,CUST_04305,2023-01-30 13:00:00,Footwear,Prepaid,Tier_1,338.32,25.3,0,0,Delivered,,0,0,0.0,0.0,0.0,0.0
ORD_0002885,CUST_05963,2023-01-30 13:00:00,Fashion,COD,Tier_2,691.33,39.77,0,0,Delivered,,0,0,0.0,0.0,0.0,0.0
ORD_0003540,CUST_02851,2023-01-30 15:00:00,Fashion,COD,Tier_1,2693.25,24.51,0,0,Delivered,,0,0,0.0,0.0,0.0,0.0
ORD_0000729,CUST_00221,2023-01-30 15:00:00,Beauty,COD,Tier_3,954.67,6.63,0,0,Delivered,,0,0,0.0,0.0,0.0,0.0
ORD_0002637,CUST_02838,2023-01-30 16:00:00,Footwear,COD,Tier_2,6181.58,26.61,0,0,Delivered,,0,0,0.0,0.0,0.0,0.0
ORD_0004459,CUST_00407,2023-01-30 16:00:00,Home,COD,Tier_1,439.35,22.01,1,0,RTO,,1,0,0.0,0.0,0.0,0.0
ORD_0001608,CUST_01002,2023-01-30 17:00:00,Fashion,Prepaid,Tier_3,2293.72,48.55,1,0,RTO,,1,0,0.0,0.0,0.0,0.0
ORD_0003302,CUST_01390,2023-01-30 18:00:00,Footwear,Prepaid,Tier_2,693.8,29.25,0,0,Delivered,,0,0,0.0,0.0,0.0,0.0
ORD_0005731,CUST_03995,2023-01-30 18:00:00,Fashion,COD,Tier_1,1947.48,33.49,0,0,Delivered,,0,1,0.0,0.0,0.0,0.0
ORD_0005849,CUST_01490,2023-01-30 18:00:00,Fashion,COD,Tier_1,969.03,48.56,1,0,RTO,,1,0,0.0,0.0,0.0,0.0
ORD_0008516,CUST_00910,2023-01-30 20:00:00,Fashion,COD,Tier_1,1044.21,37.38,1,0,RTO,,1,0,0.0,0.0,0.0,0.0
ORD_0007536,CUST_02560,2023-01-30 21:00:00,Beauty,COD,Tier_2,2117.89,37.26,0,0,Delivered,,0,0,0.0,0.0,0.0,0.0
ORD_0000358,CUST_05074,2023-01-30 22:00:00,Electronics,COD,Tier_3,6214.59,1.97,1,0,RTO,,1,0,0.0,0.0,0.0,0.0
ORD_0004203,CUST_01759,2023-01-30 22:00:00,Fashion,COD,Tier_2,923.14,27.72,0,0,Delivered,,0,0,0.0,0.0,0.0,0.0
ORD_0006146,CUST_05435,2023-01-31 00:00:00,Fashion,Prepaid,Tier_3,4305.38,41.59,0,0,Delivered,,0,0,0.0,0.0,0.0,0.0
ORD_0003630,CUST_03616,2023-01-31 01:00:00,Fashion,COD,Tier_3,924.42,30.2,0,0,Delivered,,0,0,0.0,0.0,0.0,0.0
ORD_0001762,CUST_03578,2023-01-31 01:00:00,Footwear,COD,Tier_2,1496.56,11.97,0,0,Delivered,,0,0,0.0,0.0,0.0,0.0
ORD_0005245,CUST_04131,2023-01-31 03:00:00,Fashion,Prepaid,Tier_2,1430.54,48.62,1,0,RTO,,1,0,0.0,0.0,0.0,0.0
ORD_0005062,CUST_03284,2023-01-31 03:00:00,Electronics,COD,Tier_1,383.96,45.86,0,0,Delivered,,0,0,0.0,0.0,0.0,0.0
ORD_0005965,CUST_05780,2023-01-31 04:00:00,Fashion,COD,Tier_2,2119.34,44.99,0,0,Delivered,,0,1,0.0,1.0,0.0,1.0
ORD_0000795,CUST_03250,2023-01-31 04:00:00,Electronics,COD,Tier_3,940.27,22.79,1,0,RTO,,1,0,0.0,0.0,0.0,0.0
ORD_0008002,CUST_02567,2023-01-31 05:00:00,Home,Prepaid,Tier_1,450.8,3.67,1,0,RTO,,1,0,0.0,0.0,0.0,0.0
ORD_0003502,CUST_05385,2023-01-31 05:00:00,Fashion,COD,Tier_2,599.53,7.71,0,0,Delivered,,0,0,0.0,0.0,0.0,0.0
ORD_0002974,CUST_03880,2023-01-31 07:00:00,Fashion,Prepaid,Tier_1,1175.48,4.78,0,0,Delivered,,0,0,0.0,0.0,0.0,0.0
ORD_0008424,CUST_01774,2023-01-31 08:00:00,Home,COD,Tier_1,1721.59,48.58,0,0,Delivered,,0,0,0.0,0.0,0.0,0.0
ORD_0007256,CUST_00421,2023-01-31 09:00:00,Fashion,COD,Tier_2,556.54,7.82,0,0,Delivered,,0,1,0.0,1.0,0.0,1.0
ORD_0007656,CUST_04556,2023-01-31 09:00:00,Fashion,Prepaid,Tier_1,390.81,31.3,1,0,RTO,,1,0,0.0,0.0,0.0,0.0
ORD_0008744,CUST_02958,2023-01-31 10:00:00,Fashion,COD,Tier_2,336.44,5.18,0,0,Delivered,,0,0,0.0,0.0,0.0,0.0
ORD_0008459,CUST_00102,2023-01-31 11:00:00,Fashion,COD,Tier_2,783.5,23.52,0,0,Delivered,,0,2,0.0,1.0,0.0,0.5
ORD_0005537,CUST_05255,2023-01-31 13:00:00,Fashion,Prepaid,Tier_2,335.75,47.54,1,0,RTO,,1,0,0.0,0.0,0.0,0.0
ORD_0009676,CUST_04038,2023-01-31 14:00:00,Electronics,COD,Tier_2,2190.09,35.06,0,0,Delivered,,0,0,0.0,0.0,0.0,0.0
ORD_0004665,CUST_03740,2023-01-31 14:00:00,Fashion,COD,Tier_2,755.65,24.78,0,0,Delivered,,0,0,0.0,0.0,0.0,0.0
ORD_0008431,CUST_03508,2023-01-31 15:00:00,Fashion,COD,Tier_1,2234.16,28.75,0,0,Delivered,,0,0,0.0,0.0,0.0,0.0
ORD_0007467,CUST_03074,2023-01-31 15:00:00,Electronics,COD,Tier_2,408.38,18.19,0,0,Delivered,,0,0,0.0,0.0,0.0,0.0
ORD_0005310,CUST_05820,2023-01-31 17:00:00,Beauty,COD,Tier_3,1949.87,39.96,1,0,RTO,,1,1,0.0,0.0,0.0,0.0
ORD_0005287,CUST_04488,2023-01-31 22:00:00,Fashion,COD,Tier_2,354.13,32.2,0,0,Delivered,,0,0,0.0,0.0,0.0,0.0
ORD_0003225,CUST_03581,2023-01-31 23:00:00,Home,Prepaid,Tier_2,401.28,8.06,0,0,Delivered,,0,0,0.0,0.0,0.0,0.0
ORD_0007611,CUST_01080,2023-02-01 00:00:00,Footwear,COD,Tier_2,662.09,16.88,1,0,RTO,,1,0,0.0,0.0,0.0,0.0
ORD_0005824,CUST_01363,2023-02-01 01:00:00,Fashion,COD,Tier_1,4957.64,22.64,0,0,Delivered,,0,1,1.0,0.0,1.0,0.0
ORD_0003981,CUST_04093,2023-02-01 03:00:00,Beauty,Prepaid,Tier_3,2959.26,14.47,0,0,Delivered,,0,0,0.0,0.0,0.0,0.0
ORD_0007764,CUST_05122,2023-02-01 04:00:00,Fashion,COD,Tier_2,1862.53,36.11,0,0,Delivered,,0,0,0.0,0.0,0.0,0.0
ORD_0008643,CUST_04386,2023-02-01 04:00:00,Footwear,Prepaid,Tier_3,5955.82,41.84,0,0,Delivered,,0,0,0.0,0.0,0.0,0.0
ORD_0000875,CUST_03330,2023-02-01 05:00:00,Footwear,Prepaid,Tier_2,2149.29,44.34,0,0,Delivered,,0,0,0.0,0.0,0.0,0.0
ORD_0001948,CUST_04893,2023-02-01 05:00:00,Fashion,COD,Tier_2,935.35,39.55,0,0,Delivered,,0,0,0.0,0.0,0.0,0.0
ORD_0004319,CUST_00595,2023-02-01 05:00:00,Electronics,Prepaid,Tier_1,4743.45,8.84,0,0,Delivered,,0,0,0.0,0.0,0.0,0.0
ORD_0005384,CUST_01610,2023-02-01 07:00:00,Fashion,COD,Tier_2,1159.94,17.45,0,0,Delivered,,0,0,0.0,0.0,0.0,0.0
ORD_0002412,CUST_03822,2023-02-01 08:00:00,Footwear,COD,Tier_2,1206.72,6.1,0,0,Delivered,,0,0,0.0,0.0,0.0,0.0
ORD_0006086,CUST_03962,2023-02-01 08:00:00,Beauty,COD,Tier_3,536.14,2.61,0,1,Returned,Changed Mind,1,0,0.0,0.0,0.0,0.0
ORD_0006136,CUST_01878,2023-02-01 09:00:00,Home,Prepaid,Tier_2,3351.32,16.62,0,0,Delivered,,0,0,0.0,0.0,0.0,0.0
ORD_0008491,CUST_00012,2023-02-01 11:00:00,Fashion,COD,Tier_3,1001.29,28.84,0,0,Delivered,,0,0,0.0,0.0,0.0,0.0
ORD_0005036,CUST_00818,2023-02-01 11:00:00,Home,COD,Tier_3,985.75,36.75,0,0,Delivered,,0,0,0.0,0.0,0.0,0.0
ORD_0003733,CUST_01070,2023-02-01 11:00:00,Fashion,COD,Tier_2,581.98,32.57,0,0,Delivered,,0,0,0.0,0.0,0.0,0.0
ORD_0009623,CUST_03695,2023-02-01 12:00:00,Fashion,COD,Tier_1,403.73,45.96,0,0,Delivered,,0,0,0.0,0.0,0.0,0.0
ORD_0008008,CUST_00098,2023-02-01 12:00:00,Fashion,COD,Tier_2,3755.71,1.83,0,0,Delivered,,0,0,0.0,0.0,0.0,0.0
ORD_0002204,CUST_00256,2023-02-01 13:00:00,Fashion,Prepaid,Tier_3,527.17,2.84,0,0,Delivered,,0,0,0.0,0.0,0.0,0.0
ORD_0009505,CUST_01314,2023-02-01 13:00:00,Fashion,Prepaid,Tier_3,1101.79,43.47,1,0,RTO,,1,0,0.0,0.0,0.0,0.0
ORD_0002571,CUST_05657,2023-02-01 14:00:00,Footwear,Prepaid,Tier_1,2080.8,36.54,0,0,Delivered,,0,0,0.0,0.0,0.0,0.0
ORD_0004706,CUST_02205,2023-02-01 14:00:00,Home,COD,Tier_2,2465.32,7.96,0,0,Delivered,,0,0,0.0,0.0,0.0,0.0
ORD_0007513,CUST_04229,2023-02-01 15:00:00,Beauty,COD,Tier_1,2972.47,38.94,1,0,RTO,,1,1,0.0,0.0,0.0,0.0
ORD_0006929,CUST_01278,2023-02-01 15:00:00,Fashion,COD,Tier_3,2890.47,11.51,0,0,Delivered,,0,0,0.0,0.0,0.0,0.0
ORD_0008662,CUST_01681,2023-02-01 15:00:00,Home,COD,Tier_2,4715.34,28.89,0,0,Delivered,,0,0,0.0,0.0,0.0,0.0
ORD_0001740,CUST_00154,2023-02-01 19:00:00,Fashion,COD,Tier_2,368.78,21.29,0,0,Delivered,,0,1,0.0,0.0,0.0,0.0
ORD_0008978,CUST_01639,2023-02-01 22:00:00,Fashion,Prepaid,Tier_2,2435.3,47.95,0,0,Delivered,,0,0,0.0,0.0,0.0,0.0
ORD_0006985,CUST_05408,2023-02-01 22:00:00,Home,Prepaid,Tier_2,5770.53,43.36,0,0,Delivered,,0,0,0.0,0.0,0.0,0.0
ORD_0003581,CUST_01150,2023-02-01 22:00:00,Home,COD,Tier_3,318.34,42.78,1,0,RTO,,1,0,0.0,0.0,0.0,0.0
ORD_0004232,CUST_00160,2023-02-01 23:00:00,Footwear,Prepaid,Tier_3,1222.56,45.45,0,0,Delivered,,0,0,0.0,0.0,0.0,0.0
ORD_0008358,CUST_04856,2023-02-02 01:00:00,Home,COD,Tier_3,1935.2,14.58,0,0,Delivered,,0,0,0.0,0.0,0.0,0.0
ORD_0002864,CUST_05975,2023-02-02 01:00:00,Footwear,COD,Tier_2,4419.25,36.18,1,0,RTO,,1,0,0.0,0.0,0.0,0.0
ORD_0001975,CUST_05557,2023-02-02 02:00:00,Beauty,COD,Tier_3,879.93,27.01,0,0,Delivered,,0,0,0.0,0.0,0.0,0.0
ORD_0004744,CUST_03066,2023-02-02 02:00:00,Fashion,COD,Tier_1,1670.69,15.8,0,0,Delivered,,0,0,0.0,0.0,0.0,0.0
ORD_0005353,CUST_05302,2023-02-02 03:00:00,Fashion,COD,Tier_3,1377.41,25.62,0,0,Delivered,,0,0,0.0,0.0,0.0,0.0
ORD_0005355,CUST_03186,2023-02-02 04:00:00,Footwear,Prepaid,Tier_1,1491.94,2.8,0,0,Delivered,,0,0,0.0,0.0,0.0,0.0
ORD_0008693,CUST_04700,2023-02-02 05:00:00,Fashion,COD,Tier_3,1505.56,7.11,0,0,Delivered,,0,1,0.0,0.0,0.0,0.0
ORD_0009332,CUST_02195,2023-02-02 06:00:00,Beauty,Prepaid,Tier_3,4290.63,22.16,0,0,Delivered,,0,0,0.0,0.0,0.0,0.0
ORD_0001936,CUST_01270,2023-02-02 07:00:00,Electronics,COD,Tier_2,1264.79,0.76,1,0,RTO,,1,0,0.0,0.0,0.0,0.0
ORD_0000895,CUST_03024,2023-02-02 08:00:00,Electronics,COD,Tier_2,2589.19,27.6,0,0,Delivered,,0,0,0.0,0.0,0.0,0.0
ORD_0002314,CUST_04239,2023-02-02 09:00:00,Home,Prepaid,Tier_3,1743.83,12.83,0,0,Delivered,,0,0,0.0,0.0,0.0,0.0
ORD_0001392,CUST_02167,2023-02-02 09:00:00,Beauty,COD,Tier_3,433.52,26.56,0,0,Delivered,,0,0,0.0,0.0,0.0,0.0
ORD_0006166,CUST_01051,2023-02-02 10:00:00,Fashion,COD,Tier_1,1084.61,4.07,1,0,RTO,,1,0,0.0,0.0,0.0,0.0
ORD_0007423,CUST_02797,2023-02-02 11:00:00,Fashion,Prepaid,Tier_2,1120.36,22.67,0,0,Delivered,,0,0,0.0,0.0,0.0,0.0
ORD_0004243,CUST_03182,2023-02-02 12:00:00,Home,Prepaid,Tier_1,366.9,37.97,0,0,Delivered,,0,1,0.0,0.0,0.0,0.0
ORD_0004025,CUST_04226,2023-02-02 12:00:00,Beauty,COD,Tier_3,1101.21,1.82,0,0,Delivered,,0,0,0.0,0.0,0.0,0.0
ORD_0001958,CUST_00358,2023-02-02 12:00:00,Fashion,Prepaid,Tier_3,2581.18,32.66,0,0,Delivered,,0,0,0.0,0.0,0.0,0.0
ORD_0002189,CUST_05955,2023-02-02 12:00:00,Fashion,COD,Tier_2,2672.19,24.68,0,0,Delivered,,0,0,0.0,0.0,0.0,0.0
ORD_0003380,CUST_02387,2023-02-02 13:00:00,Footwear,Prepaid,Tier_2,1882.92,21.3,0,0,Delivered,,0,1,0.0,0.0,0.0,0.0
ORD_0009114,CUST_01001,2023-02-02 13:00:00,Fashion,COD,Tier_2,1199.12,33.73,1,0,RTO,,1,0,0.0,0.0,0.0,0.0
ORD_0008039,CUST_05308,2023-02-02 14:00:00,Electronics,COD,Tier_3,3462.58,37.63,0,0,Delivered,,0,0,0.0,0.0,0.0,0.0
ORD_0000820,CUST_00104,2023-02-02 14:00:00,Electronics,Prepaid,Tier_3,1140.12,33.83,0,0,Delivered,,0,0,0.0,0.0,0.0,0.0
ORD_0000380,CUST_00595,2023-02-02 14:00:00,Electronics,COD,Tier_3,2275.82,37.09,0,0,Delivered,,0,1,0.0,0.0,0.0,0.0
ORD_0000015,CUST_00768,2023-02-02 16:00:00,Home,COD,Tier_3,4093.69,21.37,1,0,RTO,,1,0,0.0,0.0,0.0,0.0
ORD_0002886,CUST_01825,2023-02-02 18:00:00,Fashion,COD,Tier_2,925.84,15.65,0,0,Delivered,,0,0,0.0,0.0,0.0,0.0
ORD_0005889,CUST_04418,2023-02-02 20:00:00,Footwear,COD,Tier_1,1699.23,40.92,0,0,Delivered,,0,0,0.0,0.0,0.0,0.0
ORD_0001281,CUST_04993,2023-02-02 20:00:00,Fashion,COD,Tier_2,1941.33,36.69,1,0,RTO,,1,1,0.0,0.0,0.0,0.0
ORD_0002497,CUST_04097,2023-02-02 21:00:00,Electronics,COD,Tier_2,377.58,49.65,0,0,Delivered,,0,0,0.0,0.0,0.0,0.0
ORD_0006568,CUST_00749,2023-02-02 21:00:00,Home,COD,Tier_3,921.9,36.59,0,1,Returned,Not as Expected,1,0,0.0,0.0,0.0,0.0
ORD_0001166,CUST_04911,2023-02-02 23:00:00,Fashion,COD,Tier_3,726.38,43.57,0,0,Delivered,,0,0,0.0,0.0,0.0,0.0
ORD_0003735,CUST_03976,2023-02-02 23:00:00,Electronics,COD,Tier_3,1447.02,24.73,1,0,RTO,,1,0,0.0,0.0,0.0,0.0
ORD_0006218,CUST_01075,2023-02-03 02:00:00,Fashion,COD,Tier_2,5922.76,26.27,1,0,RTO,,1,0,0.0,0.0,0.0,0.0
ORD_0007119,CUST_04116,2023-02-03 05:00:00,Electronics,COD,Tier_1,7988.28,17.61,0,0,Delivered,,0,0,0.0,0.0,0.0,0.0
ORD_0004326,CUST_02758,2023-02-03 05:00:00,Fashion,Prepaid,Tier_2,1008.38,46.36,0,1,Returned,Wrong Size,1,0,0.0,0.0,0.0,0.0
ORD_0009768,CUST_04837,2023-02-03 06:00:00,Footwear,Prepaid,Tier_3,2014.25,3.42,0,0,Delivered,,0,0,0.0,0.0,0.0,0.0
ORD_0007898,CUST_03972,2023-02-03 07:00:00,Fashion,COD,Tier_3,1480.55,17.62,0,0,Delivered,,0,0,0.0,0.0,0.0,0.0
ORD_0000562,CUST_05712,2023-02-03 08:00:00,Footwear,Prepaid,Tier_1,999.56,46.6,0,1,Returned,Defective,1,0,0.0,0.0,0.0,0.0
ORD_0002219,CUST_04957,2023-02-03 13:00:00,Electronics,Prepaid,Tier_2,340.14,5.65,0,0,Delivered,,0,0,0.0,0.0,0.0,0.0
ORD_0008080,CUST_04429,2023-02-03 13:00:00,Footwear,COD,Tier_2,1384.55,21.44,0,0,Delivered,,0,0,0.0,0.0,0.0,0.0
ORD_0003376,CUST_03782,2023-02-03 13:00:00,Home,Prepaid,Tier_1,1296.87,25.95,0,1,Returned,Wrong Size,1,0,0.0,0.0,0.0,0.0
ORD_0006890,CUST_04681,2023-02-03 15:00:00,Home,COD,Tier_2,2467.79,28.9,0,0,Delivered,,0,0,0.0,0.0,0.0,0.0
ORD_0009666,CUST_05499,2023-02-03 15:00:00,Fashion,COD,Tier_3,3896.7,7.63,0,1,Returned,Changed Mind,1,0,0.0,0.0,0.0,0.0
ORD_0002925,CUST_03596,2023-02-03 16:00:00,Home,Prepaid,Tier_1,1615.19,42.11,1,0,RTO,,1,0,0.0,0.0,0.0,0.0
ORD_0002348,CUST_00766,2023-02-03 16:00:00,Home,COD,Tier_2,2419.37,30.27,0,0,Delivered,,0,0,0.0,0.0,0.0,0.0
ORD_0001773,CUST_01816,2023-02-03 16:00:00,Fashion,COD,Tier_3,1405.23,11.68,0,1,Returned,Changed Mind,1,0,0.0,0.0,0.0,0.0
ORD_0006728,CUST_04724,2023-02-03 17:00:00,Fashion,COD,Tier_3,664.08,38.2,0,0,Delivered,,0,0,0.0,0.0,0.0,0.0
ORD_0002995,CUST_03685,2023-02-03 18:00:00,Footwear,COD,Tier_2,4937.85,31.12,0,1,Returned,Wrong Size,1,1,0.0,0.0,0.0,0.0
ORD_0009243,CUST_03461,2023-02-03 18:00:00,Fashion,Prepaid,Tier_2,3798.46,20.02,0,0,Delivered,,0,0,0.0,0.0,0.0,0.0
ORD_0008632,CUST_03047,2023-02-03 20:00:00,Home,Prepaid,Tier_2,604.98,5.4,0,0,Delivered,,0,0,0.0,0.0,0.0,0.0
ORD_0006618,CUST_00565,2023-02-03 20:00:00,Electronics,Prepaid,Tier_3,4375.5,7.26,0,1,Returned,Not as Expected,1,0,0.0,0.0,0.0,0.0
ORD_0001644,CUST_05389,2023-02-03 20:00:00,Home,Prepaid,Tier_2,328.3,36.19,0,0,Delivered,,0,0,0.0,0.0,0.0,0.0
ORD_0004130,CUST_00983,2023-02-03 20:00:00,Fashion,COD,Tier_3,4149.81,43.68,0,0,Delivered,,0,1,0.0,0.0,0.0,0.0
ORD_0009960,CUST_00114,2023-02-03 21:00:00,Electronics,Prepaid,Tier_2,7141.54,34.67,1,0,RTO,,1,0,0.0,0.0,0.0,0.0
ORD_0006668,CUST_00809,2023-02-03 21:00:00,Fashion,COD,Tier_2,5775.47,4.67,0,1,Returned,Wrong Size,1,0,0.0,0.0,0.0,0.0
ORD_0000464,CUST_02932,2023-02-03 23:00:00,Fashion,Prepaid,Tier_3,392.87,19.57,0,0,Delivered,,0,0,0.0,0.0,0.0,0.0
ORD_0006821,CUST_05262,2023-02-04 00:00:00,Electronics,COD,Tier_3,431.81,43.96,0,0,Delivered,,0,0,0.0,0.0,0.0,0.0
ORD_0003362,CUST_03081,2023-02-04 01:00:00,Footwear,COD,Tier_1,1315.64,42.17,0,0,Delivered,,0,0,0.0,0.0,0.0,0.0
ORD_0009926,CUST_04949,2023-02-04 01:00:00,Fashion,COD,Tier_2,413.14,18.75,1,0,RTO,,1,0,0.0,0.0,0.0,0.0
ORD_0005887,CUST_01068,2023-02-04 02:00:00,Fashion,COD,Tier_1,1690.26,22.84,0,0,Delivered,,0,0,0.0,0.0,0.0,0.0
ORD_0006206,CUST_04086,2023-02-04 03:00:00,Footwear,COD,Tier_1,1055.89,1.81,0,0,Delivered,,0,0,0.0,0.0,0.0,0.0
ORD_0004712,CUST_00073,2023-02-04 04:00:00,Home,COD,Tier_1,1176.98,20.37,0,0,Delivered,,0,0,0.0,0.0,0.0,0.0
ORD_0006199,CUST_01943,2023-02-04 04:00:00,Fashion,COD,Tier_2,345.4,33.45,1,0,RTO,,1,0,0.0,0.0,0.0,0.0
ORD_0000684,CUST_05787,2023-02-04 10:00:00,Fashion,Prepaid,Tier_2,8611.32,24.49,0,0,Delivered,,0,0,0.0,0.0,0.0,0.0
ORD_0003061,CUST_04745,2023-02-04 11:00:00,Fashion,COD,Tier_2,2761.8,23.44,0,0,Delivered,,0,0,0.0,0.0,0.0,0.0
ORD_0007823,CUST_05834,2023-02-04 11:00:00,Electronics,COD,Tier_2,1032.71,33.28,0,0,Delivered,,0,0,0.0,0.0,0.0,0.0
ORD_0001671,CUST_01290,2023-02-04 12:00:00,Fashion,COD,Tier_1,703.46,20.1,0,0,Delivered,,0,1,0.0,0.0,0.0,0.0
ORD_0000800,CUST_05658,2023-02-04 12:00:00,Footwear,COD,Tier_1,876.38,18.7,0,0,Delivered,,0,1,0.0,0.0,0.0,0.0
ORD_0006474,CUST_02312,2023-02-04 12:00:00,Home,Prepaid,Tier_1,1772.21,2.75,0,0,Delivered,,0,0,0.0,0.0,0.0,0.0
ORD_0009949,CUST_05053,2023-02-04 13:00:00,Fashion,Prepaid,Tier_1,472.35,22.18,0,1,Returned,Changed Mind,1,0,0.0,0.0,0.0,0.0
ORD_0003350,CUST_03925,2023-02-04 16:00:00,Fashion,COD,Tier_2,425.39,45.53,0,0,Delivered,,0,0,0.0,0.0,0.0,0.0
ORD_0009894,CUST_04657,2023-02-04 16:00:00,Electronics,COD,Tier_3,400.15,15.96,0,1,Returned,Changed Mind,1,0,0.0,0.0,0.0,0.0
ORD_0001853,CUST_00507,2023-02-04 16:00:00,Electronics,COD,Tier_2,2640.72,36.95,0,0,Delivered,,0,0,0.0,0.0,0.0,0.0
ORD_0004951,CUST_00393,2023-02-04 17:00:00,Footwear,COD,Tier_1,937.58,10.74,0,0,Delivered,,0,0,0.0,0.0,0.0,0.0
ORD_0004563,CUST_00549,2023-02-04 17:00:00,Electronics,COD,Tier_2,4031.38,48.93,0,0,Delivered,,0,0,0.0,0.0,0.0,0.0
ORD_0004677,CUST_05581,2023-02-04 18:00:00,Electronics,COD,Tier_2,1231.9,8.37,1,0,RTO,,1,0,0.0,0.0,0.0,0.0
ORD_0009649,CUST_00427,2023-02-04 18:00:00,Beauty,COD,Tier_2,1651.96,43.83,0,0,Delivered,,0,0,0.0,0.0,0.0,0.0
ORD_0004119,CUST_03818,2023-02-04 19:00:00,Fashion,Prepaid,Tier_1,2406.71,33.47,0,1,Returned,Not as Expected,1,0,0.0,0.0,0.0,0.0
ORD_0007771,CUST_04466,2023-02-04 19:00:00,Fashion,Prepaid,Tier_3,1999.7,42.49,0,0,Delivered,,0,0,0.0,0.0,0.0,0.0
ORD_0002804,CUST_05766,2023-02-04 20:00:00,Fashion,Prepaid,Tier_2,3403.08,20.89,0,0,Delivered,,0,0,0.0,0.0,0.0,0.0
ORD_0000700,CUST_04717,2023-02-04 22:00:00,Beauty,Prepaid,Tier_3,6790.17,34.86,0,0,Delivered,,0,0,0.0,0.0,0.0,0.0
ORD_0001164,CUST_03143,2023-02-04 22:00:00,Footwear,COD,Tier_2,7325.82,13.49,0,1,Returned,Changed Mind,1,0,0.0,0.0,0.0,0.0
ORD_0003195,CUST_04617,2023-02-04 22:00:00,Electronics,Prepaid,Tier_3,2092.66,12.01,1,0,RTO,,1,0,0.0,0.0,0.0,0.0
ORD_0001822,CUST_00461,2023-02-04 23:00:00,Beauty,Prepaid,Tier_1,711.04,47.29,0,0,Delivered,,0,0,0.0,0.0,0.0,0.0
ORD_0008159,CUST_02944,2023-02-05 00:00:00,Footwear,COD,Tier_1,1272.19,36.67,0,0,Delivered,,0,0,0.0,0.0,0.0,0.0
ORD_0004355,CUST_05751,2023-02-05 00:00:00,Home,COD,Tier_3,685.34,49.46,0,0,Delivered,,0,0,0.0,0.0,0.0,0.0
ORD_0008671,CUST_03674,2023-02-05 00:00:00,Footwear,COD,Tier_2,511.94,19.53,0,0,Delivered,,0,0,0.0,0.0,0.0,0.0
ORD_0007617,CUST_02543,2023-02-05 00:00:00,Footwear,COD,Tier_2,3015.67,30.17,0,0,Delivered,,0,0,0.0,0.0,0.0,0.0
ORD_0003530,CUST_04010,2023-02-05 01:00:00,Footwear,COD,Tier_3,606.57,18.93,0,0,Delivered,,0,0,0.0,0.0,0.0,0.0
ORD_0002857,CUST_03868,2023-02-05 02:00:00,Fashion,Prepaid,Tier_2,4793.13,16.61,1,0,RTO,,1,0,0.0,0.0,0.0,0.0
ORD_0002824,CUST_04778,2023-02-05 05:00:00,Home,COD,Tier_2,1309.34,10.25,0,0,Delivered,,0,0,0.0,0.0,0.0,0.0
ORD_0004269,CUST_02907,2023-02-05 06:00:00,Fashion,COD,Tier_2,3786.28,5.36,0,0,Delivered,,0,0,0.0,0.0,0.0,0.0
ORD_0005905,CUST_04826,2023-02-05 06:00:00,Fashion,Prepaid,Tier_1,1428.23,42.78,0,0,Delivered,,0,0,0.0,0.0,0.0,0.0
ORD_0006621,CUST_03682,2023-02-05 09:00:00,Home,COD,Tier_1,413.11,35.6,0,0,Delivered,,0,0,0.0,0.0,0.0,0.0
ORD_0003006,CUST_04940,2023-02-05 09:00:00,Home,COD,Tier_1,5030.53,5.27,0,0,Delivered,,0,0,0.0,0.0,0.0,0.0
ORD_0007459,CUST_05616,2023-02-05 10:00:00,Fashion,Prepaid,Tier_3,1093.23,37.61,0,0,Delivered,,0,0,0.0,0.0,0.0,0.0
ORD_0005828,CUST_03322,2023-02-05 10:00:00,Fashion,COD,Tier_1,414.25,9.68,0,1,Returned,Changed Mind,1,0,0.0,0.0,0.0,0.0
ORD_0004615,CUST_01947,2023-02-05 10:00:00,Beauty,Prepaid,Tier_3,1084.56,4.58,0,0,Delivered,,0,0,0.0,0.0,0.0,0.0
ORD_0001849,CUST_04957,2023-02-05 13:00:00,Fashion,Prepaid,Tier_1,1886.63,18.86,0,0,Delivered,,0,1,0.0,0.0,0.0,0.0
ORD_0009598,CUST_05846,2023-02-05 20:00:00,Fashion,Prepaid,Tier_3,491.22,11.53,1,0,RTO,,1,0,0.0,0.0,0.0,0.0
ORD_0000314,CUST_00018,2023-02-05 21:00:00,Footwear,COD,Tier_2,956.97,3.02,0,0,Delivered,,0,0,0.0,0.0,0.0,0.0
ORD_0000438,CUST_01072,2023-02-05 22:00:00,Beauty,COD,Tier_2,620.28,9.04,1,0,RTO,,1,0,0.0,0.0,0.0,0.0
ORD_0000487,CUST_05745,2023-02-05 23:00:00,Electronics,COD,Tier_1,1366.42,46.09,0,0,Delivered,,0,0,0.0,0.0,0.0,0.0
ORD_0003951,CUST_05747,2023-02-05 23:00:00,Electronics,Prepaid,Tier_1,1294.84,7.01,0,0,Delivered,,0,0,0.0,0.0,0.0,0.0
ORD_0009866,CUST_02382,2023-02-06 00:00:00,Home,COD,Tier_1,2052.25,5.05,0,1,Returned,Changed Mind,1,0,0.0,0.0,0.0,0.0
ORD_0008980,CUST_05494,2023-02-06 00:00:00,Fashion,COD,Tier_3,557.29,45.17,1,0,RTO,,1,0,0.0,0.0,0.0,0.0
ORD_0004206,CUST_02293,2023-02-06 01:00:00,Home,COD,Tier_3,1482.38,17.96,1,0,RTO,,1,0,0.0,0.0,0.0,0.0
ORD_0005107,CUST_04300,2023-02-06 01:00:00,Fashion,Prepaid,Tier_2,1578.75,0.48,0,0,Delivered,,0,0,0.0,0.0,0.0,0.0
ORD_0001457,CUST_02972,2023-02-06 03:00:00,Fashion,COD,Tier_2,1156.38,25.97,1,0,RTO,,1,0,0.0,0.0,0.0,0.0
ORD_0002322,CUST_03545,2023-02-06 04:00:00,Fashion,COD,Tier_3,4096.23,46.44,0,0,Delivered,,0,0,0.0,0.0,0.0,0.0
ORD_0002881,CUST_04402,2023-02-06 05:00:00,Electronics,COD,Tier_1,2377.46,48.89,0,0,Delivered,,0,0,0.0,0.0,0.0,0.0
ORD_0004460,CUST_03219,2023-02-06 06:00:00,Fashion,COD,Tier_2,1985.05,28.24,0,0,Delivered,,0,0,0.0,0.0,0.0,0.0
ORD_0005982,CUST_05608,2023-02-06 07:00:00,Footwear,COD,Tier_2,986.88,17.16,1,0,RTO,,1,0,0.0,0.0,0.0,0.0
ORD_0005375,CUST_01848,2023-02-06 07:00:00,Fashion,Prepaid,Tier_3,1074.29,38.27,0,0,Delivered,,0,0,0.0,0.0,0.0,0.0
ORD_0007561,CUST_00839,2023-02-06 09:00:00,Beauty,COD,Tier_1,2139.72,48.77,0,0,Delivered,,0,0,0.0,0.0,0.0,0.0
ORD_0008425,CUST_04847,2023-02-06 09:00:00,Fashion,COD,Tier_1,3104.88,20.08,0,1,Returned,Wrong Size,1,0,0.0,0.0,0.0,0.0
ORD_0003055,CUST_01813,2023-02-06 09:00:00,Beauty,COD,Tier_2,639.19,22.06,0,0,Delivered,,0,0,0.0,0.0,0.0,0.0
ORD_0001824,CUST_04157,2023-02-06 09:00:00,Home,Prepaid,Tier_2,2503.92,47.35,0,0,Delivered,,0,0,0.0,0.0,0.0,0.0
ORD_0002891,CUST_05518,2023-02-06 10:00:00,Fashion,Prepaid,Tier_3,446.3,40.19,0,0,Delivered,,0,0,0.0,0.0,0.0,0.0
ORD_0005862,CUST_01883,2023-02-06 12:00:00,Fashion,COD,Tier_1,596.12,17.35,0,0,Delivered,,0,0,0.0,0.0,0.0,0.0
ORD_0005126,CUST_05438,2023-02-06 12:00:00,Fashion,COD,Tier_2,1572.61,47.62,0,0,Delivered,,0,0,0.0,0.0,0.0,0.0
ORD_0000506,CUST_02287,2023-02-06 13:00:00,Fashion,Prepaid,Tier_3,5679.41,9.51,0,0,Delivered,,0,0,0.0,0.0,0.0,0.0
ORD_0000431,CUST_00757,2023-02-06 13:00:00,Fashion,COD,Tier_2,560.78,44.43,0,0,Delivered,,0,0,0.0,0.0,0.0,0.0
ORD_0000608,CUST_01208,2023-02-06 15:00:00,Footwear,Prepaid,Tier_3,2535.58,20.22,0,1,Returned,Changed Mind,1,0,0.0,0.0,0.0,0.0
ORD_0000623,CUST_04050,2023-02-06 15:00:00,Beauty,Prepaid,Tier_1,4645.65,39.79,0,0,Delivered,,0,0,0.0,0.0,0.0,0.0
ORD_0008027,CUST_05379,2023-02-06 15:00:00,Fashion,COD,Tier_2,956.73,32.24,0,0,Delivered,,0,0,0.0,0.0,0.0,0.0
ORD_0008677,CUST_00205,2023-02-06 16:00:00,Fashion,COD,Tier_3,636.32,33.64,0,0,Delivered,,0,0,0.0,0.0,0.0,0.0
ORD_0004597,CUST_03978,2023-02-06 17:00:00,Fashion,COD,Tier_2,2575.66,14.48,0,0,Delivered,,0,0,0.0,0.0,0.0,0.0
ORD_0000339,CUST_04120,2023-02-06 18:00:00,Beauty,COD,Tier_2,781.85,28.97,1,0,RTO,,1,0,0.0,0.0,0.0,0.0
ORD_0004395,CUST_00395,2023-02-06 20:00:00,Fashion,COD,Tier_2,2685.54,10.26,0,0,Delivered,,0,0,0.0,0.0,0.0,0.0
ORD_0006447,CUST_05313,2023-02-06 20:00:00,Home,COD,Tier_2,616.83,31.85,0,0,Delivered,,0,0,0.0,0.0,0.0,0.0
ORD_0006947,CUST_01713,2023-02-06 20:00:00,Fashion,COD,Tier_1,739.72,33.98,0,0,Delivered,,0,0,0.0,0.0,0.0,0.0
ORD_0002180,CUST_04937,2023-02-06 22:00:00,Beauty,Prepaid,Tier_2,1097.2,23.75,0,0,Delivered,,0,0,0.0,0.0,0.0,0.0
ORD_0008860,CUST_00434,2023-02-06 22:00:00,Fashion,Prepaid,Tier_2,2252.88,12.57,0,0,Delivered,,0,0,0.0,0.0,0.0,0.0
ORD_0003935,CUST_02003,2023-02-06 23:00:00,Electronics,Prepaid,Tier_2,2590.79,4.86,0,0,Delivered,,0,0,0.0,0.0,0.0,0.0
ORD_0007849,CUST_04288,2023-02-06 23:00:00,Fashion,COD,Tier_2,576.47,45.98,0,0,Delivered,,0,0,0.0,0.0,0.0,0.0
ORD_0000702,CUST_03908,2023-02-06 23:00:00,Footwear,Prepaid,Tier_2,2112.16,46.6,0,0,Delivered,,0,0,0.0,0.0,0.0,0.0
ORD_0000196,CUST_01974,2023-02-07 00:00:00,Fashion,Prepaid,Tier_3,1879.68,20.67,0,1,Returned,Changed Mind,1,0,0.0,0.0,0.0,0.0
ORD_0004064,CUST_03083,2023-02-07 02:00:00,Home,COD,Tier_3,443.14,29.76,1,0,RTO,,1,0,0.0,0.0,0.0,0.0
ORD_0009773,CUST_00665,2023-02-07 02:00:00,Fashion,COD,Tier_1,6051.08,49.16,1,0,RTO,,1,0,0.0,0.0,0.0,0.0
ORD_0001229,CUST_02172,2023-02-07 02:00:00,Home,COD,Tier_2,4812.56,18.55,1,0,RTO,,1,0,0.0,0.0,0.0,0.0
ORD_0008770,CUST_03394,2023-02-07 02:00:00,Electronics,COD,Tier_3,2791.36,42.44,0,0,Delivered,,0,0,0.0,0.0,0.0,0.0
ORD_0007289,CUST_04917,2023-02-07 03:00:00,Beauty,Prepaid,Tier_3,2983.66,2.66,0,0,Delivered,,0,0,0.0,0.0,0.0,0.0
ORD_0007639,CUST_03894,2023-02-07 04:00:00,Fashion,COD,Tier_3,2508.68,44.55,0,0,Delivered,,0,1,0.0,0.0,0.0,0.0
ORD_0008526,CUST_04578,2023-02-07 05:00:00,Fashion,COD,Tier_3,885.61,19.98,1,0,RTO,,1,0,0.0,0.0,0.0,0.0
ORD_0004689,CUST_02821,2023-02-07 06:00:00,Footwear,COD,Tier_1,1519.15,23.36,1,0,RTO,,1,0,0.0,0.0,0.0,0.0
ORD_0002122,CUST_01494,2023-02-07 07:00:00,Fashion,COD,Tier_3,1245.31,3.93,0,0,Delivered,,0,0,0.0,0.0,0.0,0.0
ORD_0009328,CUST_04090,2023-02-07 07:00:00,Footwear,Prepaid,Tier_3,891.96,17.02,0,0,Delivered,,0,1,0.0,0.0,0.0,0.0
ORD_0008335,CUST_05283,2023-02-07 09:00:00,Fashion,Prepaid,Tier_2,1675.3,24.22,0,0,Delivered,,0,0,0.0,0.0,0.0,0.0
ORD_0002060,CUST_00515,2023-02-07 10:00:00,Fashion,COD,Tier_3,610.7,0.5,0,0,Delivered,,0,0,0.0,0.0,0.0,0.0
ORD_0004562,CUST_05957,2023-02-07 11:00:00,Fashion,COD,Tier_1,1941.47,36.36,0,0,Delivered,,0,0,0.0,0.0,0.0,0.0
ORD_0007757,CUST_02312,2023-02-07 12:00:00,Fashion,COD,Tier_1,394.56,8.44,0,0,Delivered,,0,1,0.0,0.0,0.0,0.0
ORD_0004174,CUST_00689,2023-02-07 13:00:00,Fashion,COD,Tier_1,514.81,35.61,0,1,Returned,Changed Mind,1,0,0.0,0.0,0.0,0.0
ORD_0004894,CUST_00147,2023-02-07 13:00:00,Footwear,COD,Tier_1,3329.51,19.77,1,0,RTO,,1,0,0.0,0.0,0.0,0.0
ORD_0000978,CUST_04884,2023-02-07 13:00:00,Home,COD,Tier_3,1982.02,18.51,1,0,RTO,,1,0,0.0,0.0,0.0,0.0
ORD_0000122,CUST_01144,2023-02-07 14:00:00,Footwear,Prepaid,Tier_3,477.42,8.89,0,0,Delivered,,0,0,0.0,0.0,0.0,0.0
ORD_0009387,CUST_05396,2023-02-07 15:00:00,Beauty,COD,Tier_3,476.06,31.46,1,0,RTO,,1,0,0.0,0.0,0.0,0.0
ORD_0008108,CUST_05735,2023-02-07 15:00:00,Beauty,COD,Tier_1,2893.0,25.21,1,0,RTO,,1,0,0.0,0.0,0.0,0.0
ORD_0003805,CUST_03012,2023-02-07 16:00:00,Home,Prepaid,Tier_1,710.94,21.5,0,0,Delivered,,0,0,0.0,0.0,0.0,0.0
ORD_0009886,CUST_00882,2023-02-07 20:00:00,Beauty,Prepaid,Tier_3,597.32,13.67,0,0,Delivered,,0,0,0.0,0.0,0.0,0.0
ORD_0004073,CUST_00491,2023-02-07 20:00:00,Electronics,COD,Tier_2,1865.6,23.17,0,0,Delivered,,0,1,0.0,0.0,0.0,0.0
ORD_0001482,CUST_01682,2023-02-07 21:00:00,Beauty,Prepaid,Tier_2,3079.26,13.07,0,0,Delivered,,0,0,0.0,0.0,0.0,0.0
ORD_0002657,CUST_04351,2023-02-07 22:00:00,Beauty,COD,Tier_2,1232.92,5.81,0,0,Delivered,,0,1,0.0,1.0,0.0,1.0
ORD_0002642,CUST_01753,2023-02-07 23:00:00,Fashion,COD,Tier_2,4853.1,45.22,0,0,Delivered,,0,0,0.0,0.0,0.0,0.0
ORD_0007968,CUST_03677,2023-02-08 02:00:00,Footwear,Prepaid,Tier_1,1651.11,21.3,0,0,Delivered,,0,0,0.0,0.0,0.0,0.0
ORD_0002706,CUST_02332,2023-02-08 02:00:00,Footwear,Prepaid,Tier_2,1230.91,15.48,0,1,Returned,Defective,1,0,0.0,0.0,0.0,0.0
ORD_0009819,CUST_00988,2023-02-08 04:00:00,Beauty,Prepaid,Tier_1,795.35,15.18,0,0,Delivered,,0,0,0.0,0.0,0.0,0.0
ORD_0003605,CUST_00678,2023-02-08 04:00:00,Fashion,COD,Tier_1,1034.55,18.52,0,0,Delivered,,0,0,0.0,0.0,0.0,0.0
ORD_0009535,CUST_00908,2023-02-08 06:00:00,Fashion,COD,Tier_2,1008.93,29.87,0,0,Delivered,,0,0,0.0,0.0,0.0,0.0
ORD_0004993,CUST_04078,2023-02-08 06:00:00,Footwear,COD,Tier_3,1495.84,29.03,0,0,Delivered,,0,1,0.0,0.0,0.0,0.0
ORD_0007125,CUST_01508,2023-02-08 08:00:00,Home,COD,Tier_3,822.73,4.2,0,0,Delivered,,0,0,0.0,0.0,0.0,0.0
ORD_0004028,CUST_00565,2023-02-08 08:00:00,Footwear,COD,Tier_1,447.53,21.18,0,0,Delivered,,0,1,1.0,0.0,1.0,0.0
ORD_0008427,CUST_03791,2023-02-08 09:00:00,Beauty,Prepaid,Tier_2,9284.64,36.16,0,0,Delivered,,0,0,0.0,0.0,0.0,0.0
ORD_0000853,CUST_03105,2023-02-08 09:00:00,Home,COD,Tier_1,668.13,21.92,0,0,Delivered,,0,0,0.0,0.0,0.0,0.0
ORD_0008827,CUST_02005,2023-02-08 10:00:00,Home,COD,Tier_1,795.39,23.53,0,0,Delivered,,0,0,0.0,0.0,0.0,0.0
ORD_0008898,CUST_03056,2023-02-08 13:00:00,Fashion,COD,Tier_3,673.82,24.46,1,0,RTO,,1,0,0.0,0.0,0.0,0.0
ORD_0002359,CUST_04958,2023-02-08 13:00:00,Home,COD,Tier_1,1990.0,4.85,0,0,Delivered,,0,0,0.0,0.0,0.0,0.0
ORD_0003234,CUST_00243,2023-02-08 15:00:00,Electronics,COD,Tier_3,402.34,49.35,0,0,Delivered,,0,0,0.0,0.0,0.0,0.0
ORD_0009993,CUST_04795,2023-02-08 15:00:00,Fashion,COD,Tier_1,961.08,31.15,0,1,Returned,Changed Mind,1,0,0.0,0.0,0.0,0.0
ORD_0001515,CUST_00932,2023-02-08 15:00:00,Fashion,Prepaid,Tier_2,1883.38,15.79,1,0,RTO,,1,0,0.0,0.0,0.0,0.0
ORD_0008549,CUST_02271,2023-02-08 17:00:00,Fashion,COD,Tier_1,2274.07,32.19,0,0,Delivered,,0,0,0.0,0.0,0.0,0.0
ORD_0000039,CUST_01764,2023-02-08 17:00:00,Electronics,COD,Tier_2,357.05,38.44,0,1,Returned,Not as Expected,1,0,0.0,0.0,0.0,0.0
ORD_0008232,CUST_03492,2023-02-08 17:00:00,Fashion,Prepaid,Tier_1,3251.73,37.23,0,0,Delivered,,0,0,0.0,0.0,0.0,0.0
ORD_0009703,CUST_02585,2023-02-08 18:00:00,Home,Prepaid,Tier_2,1302.48,36.81,0,0,Delivered,,0,0,0.0,0.0,0.0,0.0
ORD_0006457,CUST_05218,2023-02-08 20:00:00,Home,COD,Tier_3,2630.64,47.46,0,0,Delivered,,0,0,0.0,0.0,0.0,0.0
ORD_0009914,CUST_04811,2023-02-08 20:00:00,Fashion,Prepaid,Tier_1,4729.78,14.93,1,0,RTO,,1,0,0.0,0.0,0.0,0.0
ORD_0007886,CUST_00504,2023-02-08 21:00:00,Fashion,Prepaid,Tier_1,5184.91,49.26,0,1,Returned,Wrong Size,1,0,0.0,0.0,0.0,0.0
ORD_0004166,CUST_01821,2023-02-08 21:00:00,Footwear,COD,Tier_1,2685.41,25.02,0,0,Delivered,,0,0,0.0,0.0,0.0,0.0
ORD_0006064,CUST_04710,2023-02-08 21:00:00,Footwear,COD,Tier_2,5027.49,4.23,0,0,Delivered,,0,0,0.0,0.0,0.0,0.0
ORD_0004548,CUST_01736,2023-02-08 23:00:00,Fashion,COD,Tier_3,1067.33,21.27,1,0,RTO,,1,0,0.0,0.0,0.0,0.0
ORD_0006642,CUST_03175,2023-02-09 00:00:00,Beauty,COD,Tier_1,1728.53,16.59,0,0,Delivered,,0,0,0.0,0.0,0.0,0.0
ORD_0008301,CUST_00722,2023-02-09 00:00:00,Electronics,COD,Tier_3,308.62,37.62,0,0,Delivered,,0,1,0.0,0.0,0.0,0.0
ORD_0003763,CUST_05444,2023-02-09 01:00:00,Fashion,COD,Tier_1,821.95,29.86,0,0,Delivered,,0,0,0.0,0.0,0.0,0.0
ORD_0005922,CUST_05810,2023-02-09 01:00:00,Fashion,COD,Tier_1,303.73,30.66,0,0,Delivered,,0,0,0.0,0.0,0.0,0.0
ORD_0008944,CUST_01857,2023-02-09 02:00:00,Electronics,COD,Tier_1,4754.58,10.66,0,0,Delivered,,0,0,0.0,0.0,0.0,0.0
ORD_0002290,CUST_03023,2023-02-09 03:00:00,Electronics,Prepaid,Tier_3,533.2,34.91,0,0,Delivered,,0,0,0.0,0.0,0.0,0.0
ORD_0002923,CUST_00363,2023-02-09 03:00:00,Electronics,COD,Tier_3,1164.56,19.81,0,0,Delivered,,0,1,1.0,0.0,1.0,0.0
ORD_0003243,CUST_03538,2023-02-09 04:00:00,Fashion,COD,Tier_3,333.32,1.69,1,0,RTO,,1,0,0.0,0.0,0.0,0.0
ORD_0000765,CUST_02026,2023-02-09 04:00:00,Home,Prepaid,Tier_1,364.25,10.21,0,0,Delivered,,0,0,0.0,0.0,0.0,0.0
ORD_0005162,CUST_03663,2023-02-09 05:00:00,Footwear,Prepaid,Tier_1,484.22,49.99,0,0,Delivered,,0,0,0.0,0.0,0.0,0.0
ORD_0007682,CUST_05687,2023-02-09 05:00:00,Footwear,COD,Tier_3,304.66,33.57,1,0,RTO,,1,0,0.0,0.0,0.0,0.0
ORD_0007290,CUST_00054,2023-02-09 06:00:00,Beauty,COD,Tier_2,1456.42,34.39,0,0,Delivered,,0,1,0.0,0.0,0.0,0.0
ORD_0005085,CUST_01485,2023-02-09 07:00:00,Fashion,COD,Tier_2,344.15,17.04,0,0,Delivered,,0,0,0.0,0.0,0.0,0.0
ORD_0006800,CUST_04770,2023-02-09 07:00:00,Electronics,Prepaid,Tier_2,1633.66,35.07,0,1,Returned,Changed Mind,1,0,0.0,0.0,0.0,0.0
ORD_0008315,CUST_04422,2023-02-09 07:00:00,Footwear,Prepaid,Tier_1,976.35,4.25,0,0,Delivered,,0,0,0.0,0.0,0.0,0.0
ORD_0005479,CUST_03988,2023-02-09 08:00:00,Footwear,Prepaid,Tier_1,719.86,40.14,0,1,Returned,Wrong Size,1,0,0.0,0.0,0.0,0.0
ORD_0003497,CUST_03319,2023-02-09 10:00:00,Fashion,COD,Tier_2,1335.23,28.93,0,0,Delivered,,0,0,0.0,0.0,0.0,0.0
ORD_0001912,CUST_03086,2023-02-09 10:00:00,Fashion,COD,Tier_3,7609.98,34.9,0,1,Returned,Changed Mind,1,0,0.0,0.0,0.0,0.0
ORD_0000878,CUST_01969,2023-02-09 10:00:00,Fashion,COD,Tier_2,6099.81,28.6,0,0,Delivered,,0,0,0.0,0.0,0.0,0.0
ORD_0006633,CUST_05077,2023-02-09 11:00:00,Fashion,Prepaid,Tier_2,453.3,4.16,0,0,Delivered,,0,1,0.0,0.0,0.0,0.0
ORD_0009184,CUST_04537,2023-02-09 11:00:00,Fashion,COD,Tier_1,551.47,41.44,0,0,Delivered,,0,0,0.0,0.0,0.0,0.0
ORD_0001462,CUST_05283,2023-02-09 11:00:00,Home,Prepaid,Tier_3,2399.02,39.44,0,0,Delivered,,0,1,0.0,0.0,0.0,0.0
ORD_0000132,CUST_01797,2023-02-09 13:00:00,Footwear,COD,Tier_3,1554.34,13.58,1,0,RTO,,1,0,0.0,0.0,0.0,0.0
ORD_0003549,CUST_04835,2023-02-09 13:00:00,Fashion,Prepaid,Tier_2,674.99,19.95,0,0,Delivered,,0,0,0.0,0.0,0.0,0.0
ORD_0007629,CUST_03212,2023-02-09 14:00:00,Footwear,Prepaid,Tier_2,807.28,5.05,0,1,Returned,Defective,1,0,0.0,0.0,0.0,0.0
ORD_0003961,CUST_03047,2023-02-09 15:00:00,Home,COD,Tier_1,1406.21,34.36,1,0,RTO,,1,1,0.0,0.0,0.0,0.0
ORD_0005766,CUST_04233,2023-02-09 15:00:00,Fashion,Prepaid,Tier_1,1031.7,8.88,0,0,Delivered,,0,0,0.0,0.0,0.0,0.0
ORD_0009291,CUST_04737,2023-02-09 17:00:00,Fashion,COD,Tier_1,999.48,1.8,1,0,RTO,,1,0,0.0,0.0,0.0,0.0
ORD_0003956,CUST_04285,2023-02-09 22:00:00,Footwear,COD,Tier_3,1889.61,26.61,0,0,Delivered,,0,0,0.0,0.0,0.0,0.0
ORD_0001025,CUST_04832,2023-02-09 22:00:00,Fashion,Prepaid,Tier_2,1604.86,25.76,0,0,Delivered,,0,1,0.0,0.0,0.0,0.0
ORD_0006534,CUST_02076,2023-02-10 00:00:00,Fashion,COD,Tier_2,808.87,40.95,0,0,Delivered,,0,0,0.0,0.0,0.0,0.0
ORD_0008583,CUST_05711,2023-02-10 02:00:00,Home,Prepaid,Tier_2,1634.42,30.72,0,0,Delivered,,0,1,0.0,0.0,0.0,0.0
ORD_0009326,CUST_01529,2023-02-10 02:00:00,Fashion,COD,Tier_3,630.42,22.17,0,0,Delivered,,0,1,0.0,1.0,0.0,1.0
ORD_0002949,CUST_02255,2023-02-10 02:00:00,Beauty,Prepaid,Tier_2,2335.43,49.91,0,0,Delivered,,0,0,0.0,0.0,0.0,0.0
ORD_0005063,CUST_03279,2023-02-10 03:00:00,Footwear,Prepaid,Tier_3,439.25,46.28,0,1,Returned,Not as Expected,1,0,0.0,0.0,0.0,0.0
ORD_0001794,CUST_04935,2023-02-10 03:00:00,Home,Prepaid,Tier_1,926.74,14.01,0,0,Delivered,,0,0,0.0,0.0,0.0,0.0
ORD_0007610,CUST_04652,2023-02-10 05:00:00,Home,COD,Tier_1,457.23,5.26,0,0,Delivered,,0,0,0.0,0.0,0.0,0.0
ORD_0006792,CUST_00773,2023-02-10 07:00:00,Fashion,Prepaid,Tier_2,1252.56,2.36,0,1,Returned,Changed Mind,1,0,0.0,0.0,0.0,0.0
ORD_0003943,CUST_02534,2023-02-10 07:00:00,Footwear,Prepaid,Tier_2,2278.12,7.93,0,0,Delivered,,0,0,0.0,0.0,0.0,0.0
ORD_0009406,CUST_03252,2023-02-10 08:00:00,Electronics,COD,Tier_2,380.63,22.0,0,0,Delivered,,0,1,0.0,0.0,0.0,0.0
ORD_0000747,CUST_02678,2023-02-10 09:00:00,Fashion,COD,Tier_2,3532.67,14.81,0,0,Delivered,,0,0,0.0,0.0,0.0,0.0
ORD_0008696,CUST_04631,2023-02-10 11:00:00,Electronics,COD,Tier_3,3702.94,16.3,0,1,Returned,Wrong Size,1,0,0.0,0.0,0.0,0.0
ORD_0004888,CUST_05986,2023-02-10 11:00:00,Electronics,COD,Tier_2,1363.37,43.01,0,0,Delivered,,0,0,0.0,0.0,0.0,0.0
ORD_0009386,CUST_02276,2023-02-10 12:00:00,Fashion,COD,Tier_3,1499.47,12.3,1,0,RTO,,1,0,0.0,0.0,0.0,0.0
ORD_0009181,CUST_05530,2023-02-10 15:00:00,Fashion,COD,Tier_2,2850.93,38.3,0,0,Delivered,,0,0,0.0,0.0,0.0,0.0
ORD_0005113,CUST_02772,2023-02-10 15:00:00,Fashion,COD,Tier_2,3273.75,11.28,1,0,RTO,,1,0,0.0,0.0,0.0,0.0
ORD_0007711,CUST_05409,2023-02-10 15:00:00,Electronics,COD,Tier_3,1847.59,4.64,0,0,Delivered,,0,1,0.0,0.0,0.0,0.0
ORD_0005817,CUST_01104,2023-02-10 16:00:00,Home,COD,Tier_3,4503.32,7.41,0,1,Returned,Wrong Size,1,0,0.0,0.0,0.0,0.0
ORD_0000979,CUST_05067,2023-02-10 17:00:00,Electronics,COD,Tier_2,2927.74,16.95,0,0,Delivered,,0,1,0.0,0.0,0.0,0.0
ORD_0003264,CUST_02955,2023-02-10 18:00:00,Fashion,COD,Tier_2,1068.53,21.14,0,0,Delivered,,0,0,0.0,0.0,0.0,0.0
ORD_0006925,CUST_01913,2023-02-10 19:00:00,Electronics,COD,Tier_3,313.71,48.42,1,0,RTO,,1,0,0.0,0.0,0.0,0.0
ORD_0001503,CUST_00122,2023-02-10 20:00:00,Home,COD,Tier_2,603.79,4.64,1,0,RTO,,1,0,0.0,0.0,0.0,0.0
ORD_0002556,CUST_03115,2023-02-10 21:00:00,Electronics,COD,Tier_2,579.48,0.71,1,0,RTO,,1,0,0.0,0.0,0.0,0.0
ORD_0007788,CUST_00588,2023-02-10 23:00:00,Home,COD,Tier_2,2417.4,44.07,0,0,Delivered,,0,0,0.0,0.0,0.0,0.0
ORD_0008831,CUST_04040,2023-02-11 00:00:00,Beauty,COD,Tier_1,661.81,31.99,0,0,Delivered,,0,0,0.0,0.0,0.0,0.0
ORD_0009212,CUST_00221,2023-02-11 01:00:00,Footwear,COD,Tier_2,1161.55,25.06,0,0,Delivered,,0,1,0.0,0.0,0.0,0.0
ORD_0006400,CUST_02129,2023-02-11 01:00:00,Beauty,Prepaid,Tier_2,860.89,14.81,0,1,Returned,Defective,1,0,0.0,0.0,0.0,0.0
ORD_0009561,CUST_03092,2023-02-11 02:00:00,Beauty,Prepaid,Tier_2,524.82,34.96,0,0,Delivered,,0,0,0.0,0.0,0.0,0.0
ORD_0000602,CUST_00766,2023-02-11 03:00:00,Fashion,Prepaid,Tier_1,518.62,18.25,0,0,Delivered,,0,1,0.0,0.0,0.0,0.0
ORD_0009690,CUST_01048,2023-02-11 04:00:00,Fashion,COD,Tier_2,1385.3,41.72,0,0,Delivered,,0,1,1.0,0.0,1.0,0.0
ORD_0000508,CUST_05256,2023-02-11 04:00:00,Fashion,COD,Tier_2,1275.61,27.18,0,0,Delivered,,0,0,0.0,0.0,0.0,0.0
ORD_0005608,CUST_03779,2023-02-11 04:00:00,Beauty,COD,Tier_3,1512.2,45.63,0,0,Delivered,,0,0,0.0,0.0,0.0,0.0
ORD_0000843,CUST_02641,2023-02-11 06:00:00,Fashion,COD,Tier_2,1107.83,39.88,0,0,Delivered,,0,0,0.0,0.0,0.0,0.0
ORD_0004316,CUST_00909,2023-02-11 07:00:00,Fashion,COD,Tier_2,6171.39,49.47,1,0,RTO,,1,0,0.0,0.0,0.0,0.0
ORD_0000285,CUST_01570,2023-02-11 07:00:00,Fashion,COD,Tier_2,2523.42,10.95,0,1,Returned,Defective,1,1,0.0,0.0,0.0,0.0
ORD_0005173,CUST_04499,2023-02-11 08:00:00,Electronics,COD,Tier_2,2587.07,42.73,1,0,RTO,,1,0,0.0,0.0,0.0,0.0
ORD_0001900,CUST_02866,2023-02-11 09:00:00,Electronics,COD,Tier_2,399.55,29.85,1,0,RTO,,1,0,0.0,0.0,0.0,0.0
ORD_0001712,CUST_04910,2023-02-11 09:00:00,Footwear,COD,Tier_1,2518.39,37.53,0,0,Delivered,,0,0,0.0,0.0,0.0,0.0
ORD_0000912,CUST_01578,2023-02-11 12:00:00,Fashion,Prepaid,Tier_1,910.75,39.22,0,0,Delivered,,0,0,0.0,0.0,0.0,0.0
ORD_0000000,CUST_05239,2023-02-11 12:00:00,Footwear,COD,Tier_1,7973.43,27.18,1,0,RTO,,1,0,0.0,0.0,0.0,0.0
ORD_0004892,CUST_04351,2023-02-11 13:00:00,Electronics,COD,Tier_3,529.9,49.58,1,0,RTO,,1,2,0.0,1.0,0.0,0.5
ORD_0009049,CUST_03744,2023-02-11 14:00:00,Home,COD,Tier_2,2137.52,20.67,0,0,Delivered,,0,0,0.0,0.0,0.0,0.0
ORD_0003438,CUST_04756,2023-02-11 15:00:00,Beauty,COD,Tier_2,4475.72,49.18,0,0,Delivered,,0,0,0.0,0.0,0.0,0.0
ORD_0007013,CUST_02733,2023-02-11 15:00:00,Electronics,COD,Tier_1,10116.64,34.05,0,0,Delivered,,0,0,0.0,0.0,0.0,0.0
ORD_0004438,CUST_01352,2023-02-11 16:00:00,Home,COD,Tier_2,1836.64,40.38,1,0,RTO,,1,0,0.0,0.0,0.0,0.0
ORD_0003754,CUST_02473,2023-02-11 16:00:00,Fashion,COD,Tier_1,788.23,2.94,0,0,Delivered,,0,1,1.0,0.0,1.0,0.0
ORD_0004038,CUST_01644,2023-02-11 18:00:00,Electronics,Prepaid,Tier_3,2383.17,40.99,0,0,Delivered,,0,1,0.0,1.0,0.0,1.0
ORD_0007934,CUST_03139,2023-02-11 19:00:00,Fashion,COD,Tier_3,810.65,34.62,1,0,RTO,,1,0,0.0,0.0,0.0,0.0
ORD_0005996,CUST_02156,2023-02-11 19:00:00,Home,COD,Tier_1,1792.79,39.04,0,0,Delivered,,0,0,0.0,0.0,0.0,0.0
ORD_0004666,CUST_00415,2023-02-11 20:00:00,Fashion,Prepaid,Tier_2,3393.65,47.43,0,0,Delivered,,0,0,0.0,0.0,0.0,0.0
ORD_0002499,CUST_00372,2023-02-11 20:00:00,Home,COD,Tier_3,492.34,5.29,0,0,Delivered,,0,0,0.0,0.0,0.0,0.0
ORD_0006310,CUST_05350,2023-02-11 23:00:00,Beauty,COD,Tier_2,858.24,0.45,0,0,Delivered,,0,0,0.0,0.0,0.0,0.0
ORD_0008787,CUST_05234,2023-02-12 00:00:00,Home,Prepaid,Tier_2,8242.07,48.99,0,0,Delivered,,0,0,0.0,0.0,0.0,0.0
ORD_0002145,CUST_00392,2023-02-12 01:00:00,Fashion,COD,Tier_3,3726.72,43.59,1,0,RTO,,1,0,0.0,0.0,0.0,0.0
ORD_0003159,CUST_05604,2023-02-12 01:00:00,Footwear,COD,Tier_2,5936.73,10.34,0,0,Delivered,,0,0,0.0,0.0,0.0,0.0
ORD_0003908,CUST_05248,2023-02-12 02:00:00,Electronics,COD,Tier_3,381.95,1.73,1,0,RTO,,1,0,0.0,0.0,0.0,0.0
ORD_0009337,CUST_04638,2023-02-12 02:00:00,Home,Prepaid,Tier_2,1284.09,31.56,0,0,Delivered,,0,1,0.0,0.0,0.0,0.0
ORD_0006626,CUST_03720,2023-02-12 02:00:00,Home,COD,Tier_3,832.58,21.9,0,0,Delivered,,0,1,1.0,0.0,1.0,0.0
ORD_0003020,CUST_01736,2023-02-12 04:00:00,Fashion,COD,Tier_2,714.6,43.36,0,0,Delivered,,0,1,0.0,1.0,0.0,1.0
ORD_0008353,CUST_00951,2023-02-12 05:00:00,Footwear,Prepaid,Tier_2,475.11,28.42,0,0,Delivered,,0,1,0.0,0.0,0.0,0.0
ORD_0007638,CUST_00536,2023-02-12 06:00:00,Fashion,COD,Tier_2,1265.54,15.89,0,0,Delivered,,0,0,0.0,0.0,0.0,0.0
ORD_0007431,CUST_02708,2023-02-12 07:00:00,Electronics,COD,Tier_2,559.86,25.65,0,1,Returned,Defective,1,0,0.0,0.0,0.0,0.0
ORD_0002879,CUST_00972,2023-02-12 08:00:00,Fashion,Prepaid,Tier_2,901.56,37.34,0,0,Delivered,,0,0,0.0,0.0,0.0,0.0
ORD_0006590,CUST_00175,2023-02-12 08:00:00,Fashion,COD,Tier_1,406.28,48.9,0,0,Delivered,,0,0,0.0,0.0,0.0,0.0
ORD_0001874,CUST_03174,2023-02-12 09:00:00,Fashion,COD,Tier_2,1201.24,30.06,1,0,RTO,,1,1,0.0,0.0,0.0,0.0
ORD_0001075,CUST_04252,2023-02-12 09:00:00,Footwear,Prepaid,Tier_2,1654.97,38.11,0,0,Delivered,,0,0,0.0,0.0,0.0,0.0
ORD_0007217,CUST_05838,2023-02-12 10:00:00,Electronics,COD,Tier_2,1173.9,13.79,0,0,Delivered,,0,0,0.0,0.0,0.0,0.0
ORD_0000578,CUST_02490,2023-02-12 11:00:00,Footwear,Prepaid,Tier_3,573.57,28.82,0,0,Delivered,,0,0,0.0,0.0,0.0,0.0
ORD_0004001,CUST_03138,2023-02-12 12:00:00,Footwear,Prepaid,Tier_3,554.4,43.95,0,0,Delivered,,0,0,0.0,0.0,0.0,0.0
ORD_0008843,CUST_05688,2023-02-12 13:00:00,Fashion,Prepaid,Tier_3,349.94,29.95,0,1,Returned,Wrong Size,1,0,0.0,0.0,0.0,0.0
ORD_0003018,CUST_02484,2023-02-12 13:00:00,Electronics,Prepaid,Tier_3,740.04,17.51,0,0,Delivered,,0,0,0.0,0.0,0.0,0.0
ORD_0009342,CUST_01644,2023-02-12 16:00:00,Fashion,COD,Tier_3,1758.82,47.55,0,0,Delivered,,0,2,0.0,1.0,0.0,0.5
ORD_0005243,CUST_05395,2023-02-12 18:00:00,Footwear,COD,Tier_3,5372.24,32.56,1,0,RTO,,1,0,0.0,0.0,0.0,0.0
ORD_0005816,CUST_01320,2023-02-12 18:00:00,Home,Prepaid,Tier_1,2819.82,26.99,0,0,Delivered,,0,0,0.0,0.0,0.0,0.0
ORD_0001031,CUST_01842,2023-02-12 18:00:00,Footwear,COD,Tier_2,671.54,11.49,0,1,Returned,Changed Mind,1,0,0.0,0.0,0.0,0.0
ORD_0007795,CUST_03578,2023-02-12 18:00:00,Fashion,COD,Tier_3,1888.34,4.16,1,0,RTO,,1,1,0.0,0.0,0.0,0.0
ORD_0009857,CUST_05622,2023-02-12 19:00:00,Fashion,COD,Tier_2,1176.21,49.57,0,0,Delivered,,0,0,0.0,0.0,0.0,0.0
ORD_0009966,CUST_00220,2023-02-12 19:00:00,Electronics,Prepaid,Tier_3,355.62,5.33,0,0,Delivered,,0,0,0.0,0.0,0.0,0.0
ORD_0006481,CUST_01908,2023-02-12 19:00:00,Footwear,COD,Tier_1,789.25,45.87,0,0,Delivered,,0,1,0.0,0.0,0.0,0.0
ORD_0002897,CUST_01882,2023-02-12 20:00:00,Home,Prepaid,Tier_3,1574.17,30.79,1,0,RTO,,1,0,0.0,0.0,0.0,0.0
ORD_0004248,CUST_04892,2023-02-12 20:00:00,Fashion,COD,Tier_2,1074.34,9.46,1,0,RTO,,1,0,0.0,0.0,0.0,0.0
ORD_0009832,CUST_01638,2023-02-13 02:00:00,Home,COD,Tier_2,728.16,43.13,0,0,Delivered,,0,0,0.0,0.0,0.0,0.0
ORD_0003196,CUST_05392,2023-02-13 03:00:00,Fashion,COD,Tier_2,809.81,46.25,1,0,RTO,,1,0,0.0,0.0,0.0,0.0
ORD_0000353,CUST_04667,2023-02-13 04:00:00,Fashion,Prepaid,Tier_2,643.47,3.25,0,0,Delivered,,0,0,0.0,0.0,0.0,0.0
ORD_0007997,CUST_04260,2023-02-13 06:00:00,Footwear,COD,Tier_3,2069.89,4.85,0,1,Returned,Wrong Size,1,0,0.0,0.0,0.0,0.0
ORD_0000325,CUST_03987,2023-02-13 06:00:00,Fashion,Prepaid,Tier_2,3115.96,16.39,0,0,Delivered,,0,1,0.0,0.0,0.0,0.0
ORD_0005926,CUST_00966,2023-02-13 07:00:00,Fashion,Prepaid,Tier_3,820.83,41.85,0,0,Delivered,,0,0,0.0,0.0,0.0,0.0
ORD_0009691,CUST_04090,2023-02-13 07:00:00,Fashion,COD,Tier_2,619.97,48.02,1,0,RTO,,1,2,0.0,0.0,0.0,0.0
ORD_0006543,CUST_00926,2023-02-13 08:00:00,Beauty,COD,Tier_3,939.21,41.91,1,0,RTO,,1,0,0.0,0.0,0.0,0.0
ORD_0002560,CUST_00259,2023-02-13 08:00:00,Beauty,COD,Tier_1,1302.52,38.24,0,0,Delivered,,0,0,0.0,0.0,0.0,0.0
ORD_0008037,CUST_03080,2023-02-13 08:00:00,Footwear,Prepaid,Tier_1,1569.32,41.22,0,1,Returned,Not as Expected,1,0,0.0,0.0,0.0,0.0
ORD_0000874,CUST_05899,2023-02-13 08:00:00,Fashion,Prepaid,Tier_2,3214.84,25.73,0,0,Delivered,,0,0,0.0,0.0,0.0,0.0
ORD_0008936,CUST_02496,2023-02-13 08:00:00,Footwear,Prepaid,Tier_1,486.28,48.36,0,0,Delivered,,0,0,0.0,0.0,0.0,0.0
ORD_0009944,CUST_04931,2023-02-13 09:00:00,Beauty,COD,Tier_2,1054.94,38.78,0,0,Delivered,,0,0,0.0,0.0,0.0,0.0
ORD_0003435,CUST_04184,2023-02-13 10:00:00,Fashion,COD,Tier_2,546.74,2.12,1,0,RTO,,1,0,0.0,0.0,0.0,0.0
ORD_0007323,CUST_05734,2023-02-13 10:00:00,Electronics,COD,Tier_1,3186.22,42.33,0,0,Delivered,,0,0,0.0,0.0,0.0,0.0
ORD_0007551,CUST_00964,2023-02-13 11:00:00,Home,COD,Tier_2,542.04,33.75,0,0,Delivered,,0,0,0.0,0.0,0.0,0.0
ORD_0003024,CUST_01988,2023-02-13 11:00:00,Fashion,COD,Tier_3,5219.39,36.42,1,0,RTO,,1,0,0.0,0.0,0.0,0.0
ORD_0008207,CUST_05066,2023-02-13 12:00:00,Home,COD,Tier_1,545.13,47.53,0,0,Delivered,,0,0,0.0,0.0,0.0,0.0
ORD_0000003,CUST_02254,2023-02-13 13:00:00,Electronics,COD,Tier_1,300.83,30.42,1,0,RTO,,1,0,0.0,0.0,0.0,0.0
ORD_0005555,CUST_03125,2023-02-13 13:00:00,Fashion,COD,Tier_2,1977.77,9.36,0,0,Delivered,,0,0,0.0,0.0,0.0,0.0
ORD_0008824,CUST_04030,2023-02-13 14:00:00,Beauty,Prepaid,Tier_1,432.07,19.09,0,0,Delivered,,0,0,0.0,0.0,0.0,0.0
ORD_0000123,CUST_02021,2023-02-13 15:00:00,Electronics,COD,Tier_3,2380.37,31.56,1,0,RTO,,1,0,0.0,0.0,0.0,0.0
ORD_0001461,CUST_04461,2023-02-13 15:00:00,Electronics,Prepaid,Tier_1,447.59,13.15,0,0,Delivered,,0,0,0.0,0.0,0.0,0.0
ORD_0000617,CUST_05160,2023-02-13 17:00:00,Footwear,Prepaid,Tier_2,7287.08,25.46,1,0,RTO,,1,0,0.0,0.0,0.0,0.0
ORD_0008099,CUST_01220,2023-02-13 18:00:00,Fashion,COD,Tier_2,750.27,38.29,0,0,Delivered,,0,0,0.0,0.0,0.0,0.0
ORD_0000524,CUST_02832,2023-02-13 19:00:00,Electronics,Prepaid,Tier_1,1264.31,44.34,0,0,Delivered,,0,0,0.0,0.0,0.0,0.0
ORD_0001202,CUST_02607,2023-02-13 19:00:00,Beauty,COD,Tier_2,3482.01,44.25,0,0,Delivered,,0,0,0.0,0.0,0.0,0.0
ORD_0004309,CUST_02651,2023-02-13 21:00:00,Beauty,Prepaid,Tier_1,2423.07,43.84,0,1,Returned,Not as Expected,1,0,0.0,0.0,0.0,0.0
ORD_0008477,CUST_04673,2023-02-13 22:00:00,Footwear,Prepaid,Tier_1,1373.55,34.51,0,0,Delivered,,0,0,0.0,0.0,0.0,0.0
ORD_0002095,CUST_00357,2023-02-13 22:00:00,Electronics,COD,Tier_2,1363.84,16.65,1,0,RTO,,1,0,0.0,0.0,0.0,0.0
ORD_0005135,CUST_05271,2023-02-13 22:00:00,Footwear,COD,Tier_2,800.01,25.02,1,0,RTO,,1,0,0.0,0.0,0.0,0.0
ORD_0006368,CUST_02665,2023-02-13 23:00:00,Footwear,Prepaid,Tier_2,1145.9,16.61,0,0,Delivered,,0,0,0.0,0.0,0.0,0.0
ORD_0004454,CUST_05412,2023-02-13 23:00:00,Fashion,COD,Tier_2,304.22,46.05,0,0,Delivered,,0,0,0.0,0.0,0.0,0.0
ORD_0007195,CUST_04236,2023-02-13 23:00:00,Fashion,Prepaid,Tier_2,1919.01,49.73,0,0,Delivered,,0,1,0.0,0.0,0.0,0.0
ORD_0004770,CUST_04916,2023-02-14 01:00:00,Home,COD,Tier_2,1440.95,14.77,0,0,Delivered,,0,0,0.0,0.0,0.0,0.0
ORD_0004034,CUST_04531,2023-02-14 02:00:00,Electronics,COD,Tier_3,1416.67,46.11,0,0,Delivered,,0,0,0.0,0.0,0.0,0.0
ORD_0004004,CUST_00290,2023-02-14 03:00:00,Fashion,Prepaid,Tier_3,507.91,31.86,1,0,RTO,,1,0,0.0,0.0,0.0,0.0
ORD_0004369,CUST_01153,2023-02-14 03:00:00,Electronics,Prepaid,Tier_1,672.95,38.04,0,1,Returned,Wrong Size,1,0,0.0,0.0,0.0,0.0
ORD_0003995,CUST_00361,2023-02-14 04:00:00,Footwear,COD,Tier_2,1055.72,44.15,0,1,Returned,Wrong Size,1,0,0.0,0.0,0.0,0.0
ORD_0001723,CUST_00064,2023-02-14 05:00:00,Electronics,COD,Tier_3,4304.18,6.18,0,0,Delivered,,0,0,0.0,0.0,0.0,0.0
ORD_0000539,CUST_04260,2023-02-14 05:00:00,Home,Prepaid,Tier_3,5715.36,2.52,1,0,RTO,,1,1,1.0,0.0,1.0,0.0
ORD_0003335,CUST_02722,2023-02-14 06:00:00,Electronics,COD,Tier_2,454.64,37.83,0,1,Returned,Wrong Size,1,0,0.0,0.0,0.0,0.0
ORD_0001079,CUST_01487,2023-02-14 07:00:00,Beauty,COD,Tier_1,1282.87,14.92,0,0,Delivered,,0,0,0.0,0.0,0.0,0.0
ORD_0005963,CUST_04733,2023-02-14 07:00:00,Home,COD,Tier_1,2490.64,5.31,1,0,RTO,,1,0,0.0,0.0,0.0,0.0
ORD_0008859,CUST_01338,2023-02-14 07:00:00,Fashion,Prepaid,Tier_3,1188.43,22.66,0,0,Delivered,,0,1,1.0,0.0,1.0,0.0
ORD_0002112,CUST_02887,2023-02-14 08:00:00,Fashion,Prepaid,Tier_1,1599.65,43.23,0,1,Returned,Not as Expected,1,0,0.0,0.0,0.0,0.0
ORD_0006772,CUST_02331,2023-02-14 10:00:00,Footwear,COD,Tier_2,969.81,13.22,0,0,Delivered,,0,0,0.0,0.0,0.0,0.0
ORD_0007602,CUST_02560,2023-02-14 11:00:00,Electronics,COD,Tier_2,711.6,20.87,0,0,Delivered,,0,1,0.0,0.0,0.0,0.0
ORD_0001892,CUST_05379,2023-02-14 12:00:00,Home,COD,Tier_2,1139.91,16.98,0,0,Delivered,,0,1,0.0,0.0,0.0,0.0
ORD_0005005,CUST_00323,2023-02-14 13:00:00,Fashion,Prepaid,Tier_2,1655.05,16.38,0,0,Delivered,,0,0,0.0,0.0,0.0,0.0
ORD_0005592,CUST_03381,2023-02-14 15:00:00,Footwear,Prepaid,Tier_1,2846.1,22.14,0,0,Delivered,,0,0,0.0,0.0,0.0,0.0
ORD_0003347,CUST_04942,2023-02-14 15:00:00,Fashion,Prepaid,Tier_3,1796.11,15.5,1,0,RTO,,1,1,0.0,0.0,0.0,0.0
ORD_0004750,CUST_02446,2023-02-14 17:00:00,Beauty,Prepaid,Tier_3,2037.62,1.77,1,0,RTO,,1,0,0.0,0.0,0.0,0.0
ORD_0005064,CUST_03740,2023-02-14 17:00:00,Fashion,Prepaid,Tier_2,2837.13,41.49,0,0,Delivered,,0,1,0.0,0.0,0.0,0.0
ORD_0009834,CUST_03650,2023-02-14 19:00:00,Home,COD,Tier_2,1001.96,7.7,0,1,Returned,Changed Mind,1,0,0.0,0.0,0.0,0.0
ORD_0005972,CUST_05729,2023-02-14 19:00:00,Fashion,Prepaid,Tier_3,8379.02,37.03,0,0,Delivered,,0,0,0.0,0.0,0.0,0.0
ORD_0005284,CUST_04197,2023-02-14 20:00:00,Fashion,COD,Tier_2,5733.12,30.09,0,0,Delivered,,0,0,0.0,0.0,0.0,0.0
ORD_0007029,CUST_02111,2023-02-14 21:00:00,Home,Prepaid,Tier_1,1839.34,6.74,0,0,Delivered,,0,0,0.0,0.0,0.0,0.0
ORD_0004220,CUST_00500,2023-02-14 22:00:00,Fashion,COD,Tier_1,1149.69,11.67,0,1,Returned,Wrong Size,1,0,0.0,0.0,0.0,0.0
ORD_0002110,CUST_01093,2023-02-14 22:00:00,Fashion,Prepaid,Tier_1,1468.15,5.69,0,0,Delivered,,0,0,0.0,0.0,0.0,0.0
ORD_0009397,CUST_02572,2023-02-15 00:00:00,Fashion,COD,Tier_2,1430.35,12.56,0,0,Delivered,,0,1,0.0,0.0,0.0,0.0
ORD_0004919,CUST_02768,2023-02-15 00:00:00,Fashion,COD,Tier_2,731.87,22.89,0,0,Delivered,,0,0,0.0,0.0,0.0,0.0
ORD_0004787,CUST_05801,2023-02-15 03:00:00,Fashion,Prepaid,Tier_3,1833.83,22.62,0,0,Delivered,,0,0,0.0,0.0,0.0,0.0
ORD_0006450,CUST_03383,2023-02-15 03:00:00,Footwear,COD,Tier_3,1048.34,11.73,0,1,Returned,Wrong Size,1,2,0.0,0.0,0.0,0.0
ORD_0007859,CUST_05192,2023-02-15 03:00:00,Fashion,Prepaid,Tier_2,1045.2,33.16,0,0,Delivered,,0,0,0.0,0.0,0.0,0.0
ORD_0005343,CUST_01672,2023-02-15 05:00:00,Fashion,Prepaid,Tier_3,2082.94,11.31,0,1,Returned,Not as Expected,1,0,0.0,0.0,0.0,0.0
ORD_0004104,CUST_05741,2023-02-15 05:00:00,Fashion,COD,Tier_2,420.06,2.06,0,0,Delivered,,0,1,0.0,0.0,0.0,0.0
ORD_0004741,CUST_00061,2023-02-15 05:00:00,Footwear,Prepaid,Tier_1,2768.38,7.06,0,0,Delivered,,0,0,0.0,0.0,0.0,0.0
ORD_0009217,CUST_03508,2023-02-15 06:00:00,Footwear,COD,Tier_1,1021.43,7.45,0,1,Returned,Not as Expected,1,1,0.0,0.0,0.0,0.0
ORD_0000987,CUST_03513,2023-02-15 06:00:00,Beauty,Prepaid,Tier_3,2966.82,12.69,1,0,RTO,,1,0,0.0,0.0,0.0,0.0
ORD_0005638,CUST_02505,2023-02-15 07:00:00,Home,COD,Tier_3,8479.81,32.19,1,0,RTO,,1,0,0.0,0.0,0.0,0.0
ORD_0006905,CUST_05503,2023-02-15 07:00:00,Electronics,COD,Tier_3,1239.01,35.08,1,0,RTO,,1,1,0.0,1.0,0.0,1.0
ORD_0004320,CUST_03061,2023-02-15 08:00:00,Fashion,COD,Tier_3,783.02,40.88,0,0,Delivered,,0,0,0.0,0.0,0.0,0.0
ORD_0002742,CUST_00782,2023-02-15 08:00:00,Home,Prepaid,Tier_1,1041.95,34.49,0,0,Delivered,,0,1,0.0,0.0,0.0,0.0
ORD_0003157,CUST_01851,2023-02-15 08:00:00,Fashion,COD,Tier_1,1324.36,36.61,0,1,Returned,Changed Mind,1,0,0.0,0.0,0.0,0.0
ORD_0007225,CUST_05829,2023-02-15 08:00:00,Footwear,COD,Tier_3,399.63,40.54,0,0,Delivered,,0,0,0.0,0.0,0.0,0.0
ORD_0009685,CUST_01162,2023-02-15 09:00:00,Fashion,Prepaid,Tier_3,875.52,9.26,0,0,Delivered,,0,0,0.0,0.0,0.0,0.0
ORD_0005367,CUST_02562,2023-02-15 09:00:00,Home,COD,Tier_3,2657.32,48.21,0,0,Delivered,,0,0,0.0,0.0,0.0,0.0
ORD_0002317,CUST_04517,2023-02-15 10:00:00,Fashion,COD,Tier_3,2669.29,25.68,1,0,RTO,,1,0,0.0,0.0,0.0,0.0
ORD_0000941,CUST_04534,2023-02-15 11:00:00,Electronics,Prepaid,Tier_2,407.12,5.02,0,0,Delivered,,0,0,0.0,0.0,0.0,0.0
ORD_0000307,CUST_03979,2023-02-15 12:00:00,Fashion,COD,Tier_3,1305.86,40.27,0,0,Delivered,,0,0,0.0,0.0,0.0,0.0
ORD_0009192,CUST_04151,2023-02-15 13:00:00,Electronics,COD,Tier_1,5817.95,5.05,1,0,RTO,,1,0,0.0,0.0,0.0,0.0
ORD_0006754,CUST_03528,2023-02-15 14:00:00,Fashion,COD,Tier_2,1136.76,42.42,1,0,RTO,,1,0,0.0,0.0,0.0,0.0
ORD_0005093,CUST_01071,2023-02-15 15:00:00,Footwear,COD,Tier_2,1043.04,0.75,0,0,Delivered,,0,0,0.0,0.0,0.0,0.0
ORD_0003259,CUST_05831,2023-02-15 15:00:00,Footwear,COD,Tier_2,1080.86,39.4,0,0,Delivered,,0,0,0.0,0.0,0.0,0.0
ORD_0006873,CUST_00404,2023-02-15 15:00:00,Home,COD,Tier_2,3602.83,5.43,0,0,Delivered,,0,0,0.0,0.0,0.0,0.0
ORD_0005651,CUST_01815,2023-02-15 16:00:00,Electronics,Prepaid,Tier_2,1470.36,41.92,0,0,Delivered,,0,0,0.0,0.0,0.0,0.0
ORD_0003211,CUST_04643,2023-02-15 16:00:00,Footwear,COD,Tier_2,1333.63,34.94,1,0,RTO,,1,0,0.0,0.0,0.0,0.0
ORD_0004807,CUST_00800,2023-02-15 16:00:00,Electronics,Prepaid,Tier_2,1462.66,43.01,0,0,Delivered,,0,0,0.0,0.0,0.0,0.0
ORD_0003133,CUST_04115,2023-02-15 17:00:00,Fashion,COD,Tier_2,3338.28,48.81,0,1,Returned,Changed Mind,1,0,0.0,0.0,0.0,0.0
ORD_0005354,CUST_04598,2023-02-15 18:00:00,Fashion,COD,Tier_2,749.91,32.09,0,0,Delivered,,0,0,0.0,0.0,0.0,0.0
ORD_0007936,CUST_05413,2023-02-15 18:00:00,Home,COD,Tier_3,334.89,20.98,1,0,RTO,,1,0,0.0,0.0,0.0,0.0
ORD_0004439,CUST_04976,2023-02-15 19:00:00,Footwear,Prepaid,Tier_1,1833.9,27.66,0,0,Delivered,,0,0,0.0,0.0,0.0,0.0
ORD_0002013,CUST_03248,2023-02-15 20:00:00,Fashion,COD,Tier_1,1388.3,32.16,0,0,Delivered,,0,0,0.0,0.0,0.0,0.0
ORD_0005860,CUST_04839,2023-02-15 20:00:00,Footwear,COD,Tier_3,371.84,49.43,0,0,Delivered,,0,0,0.0,0.0,0.0,0.0
ORD_0008100,CUST_05349,2023-02-15 21:00:00,Fashion,COD,Tier_1,3016.78,9.35,0,0,Delivered,,0,0,0.0,0.0,0.0,0.0
ORD_0005561,CUST_04371,2023-02-15 21:00:00,Home,Prepaid,Tier_1,2740.98,23.6,0,0,Delivered,,0,1,0.0,0.0,0.0,0.0
ORD_0009142,CUST_03818,2023-02-15 21:00:00,Fashion,COD,Tier_3,1740.53,12.65,0,0,Delivered,,0,1,1.0,0.0,1.0,0.0
ORD_0003937,CUST_03560,2023-02-15 21:00:00,Footwear,Prepaid,Tier_3,503.77,27.76,0,0,Delivered,,0,0,0.0,0.0,0.0,0.0
ORD_0008316,CUST_04158,2023-02-15 21:00:00,Fashion,Prepaid,Tier_1,3988.27,40.54,1,0,RTO,,1,0,0.0,0.0,0.0,0.0
ORD_0008133,CUST_02481,2023-02-16 00:00:00,Home,COD,Tier_3,2237.22,6.92,1,0,RTO,,1,0,0.0,0.0,0.0,0.0
ORD_0000639,CUST_02042,2023-02-16 03:00:00,Footwear,COD,Tier_2,2203.25,15.65,1,0,RTO,,1,0,0.0,0.0,0.0,0.0
ORD_0006931,CUST_00703,2023-02-16 03:00:00,Fashion,Prepaid,Tier_3,1314.12,0.23,0,1,Returned,Not as Expected,1,0,0.0,0.0,0.0,0.0
ORD_0006782,CUST_02580,2023-02-16 03:00:00,Footwear,COD,Tier_2,625.83,9.22,0,0,Delivered,,0,0,0.0,0.0,0.0,0.0
ORD_0009523,CUST_05163,2023-02-16 05:00:00,Fashion,Prepaid,Tier_1,1520.37,42.21,0,1,Returned,Not as Expected,1,0,0.0,0.0,0.0,0.0
ORD_0007905,CUST_01086,2023-02-16 05:00:00,Footwear,COD,Tier_3,1064.45,33.44,0,0,Delivered,,0,1,0.0,0.0,0.0,0.0
ORD_0007448,CUST_04269,2023-02-16 06:00:00,Footwear,Prepaid,Tier_2,2962.36,46.8,0,1,Returned,Changed Mind,1,0,0.0,0.0,0.0,0.0
ORD_0001459,CUST_05618,2023-02-16 07:00:00,Fashion,COD,Tier_1,993.24,42.31,1,0,RTO,,1,0,0.0,0.0,0.0,0.0
ORD_0003858,CUST_04242,2023-02-16 09:00:00,Home,Prepaid,Tier_1,2706.06,1.83,0,0,Delivered,,0,0,0.0,0.0,0.0,0.0
ORD_0005286,CUST_05747,2023-02-16 09:00:00,Fashion,COD,Tier_2,1264.53,49.93,0,0,Delivered,,0,1,0.0,0.0,0.0,0.0
ORD_0003411,CUST_04865,2023-02-16 10:00:00,Fashion,Prepaid,Tier_3,3053.67,16.46,0,0,Delivered,,0,0,0.0,0.0,0.0,0.0
ORD_0007200,CUST_00741,2023-02-16 11:00:00,Electronics,Prepaid,Tier_2,946.36,31.54,0,0,Delivered,,0,0,0.0,0.0,0.0,0.0
ORD_0004914,CUST_03735,2023-02-16 12:00:00,Footwear,Prepaid,Tier_1,7077.79,47.35,0,0,Delivered,,0,0,0.0,0.0,0.0,0.0
ORD_0006458,CUST_03731,2023-02-16 15:00:00,Fashion,Prepaid,Tier_2,397.21,24.84,0,1,Returned,Changed Mind,1,0,0.0,0.0,0.0,0.0
ORD_0003863,CUST_02422,2023-02-16 16:00:00,Home,COD,Tier_3,530.51,16.52,1,0,RTO,,1,0,0.0,0.0,0.0,0.0
ORD_0006804,CUST_02461,2023-02-16 16:00:00,Fashion,COD,Tier_2,530.87,49.61,0,0,Delivered,,0,0,0.0,0.0,0.0,0.0
ORD_0000594,CUST_05398,2023-02-16 17:00:00,Fashion,COD,Tier_1,623.51,42.34,1,0,RTO,,1,0,0.0,0.0,0.0,0.0
ORD_0007084,CUST_01509,2023-02-16 17:00:00,Footwear,Prepaid,Tier_1,537.35,28.45,0,0,Delivered,,0,0,0.0,0.0,0.0,0.0
ORD_0009721,CUST_03827,2023-02-16 17:00:00,Home,Prepaid,Tier_1,361.81,23.32,0,0,Delivered,,0,0,0.0,0.0,0.0,0.0
ORD_0001746,CUST_04698,2023-02-16 18:00:00,Footwear,Prepaid,Tier_3,4905.62,16.38,1,0,RTO,,1,0,0.0,0.0,0.0,0.0
ORD_0004366,CUST_04633,2023-02-16 18:00:00,Fashion,COD,Tier_3,359.13,2.96,0,1,Returned,Changed Mind,1,1,0.0,0.0,0.0,0.0
ORD_0000071,CUST_00828,2023-02-16 20:00:00,Beauty,COD,Tier_3,311.43,28.63,1,0,RTO,,1,1,0.0,0.0,0.0,0.0
ORD_0009000,CUST_04333,2023-02-16 23:00:00,Home,COD,Tier_2,529.15,45.26,0,0,Delivered,,0,0,0.0,0.0,0.0,0.0
ORD_0005042,CUST_02562,2023-02-16 23:00:00,Beauty,COD,Tier_2,3365.04,33.97,0,0,Delivered,,0,1,0.0,0.0,0.0,0.0
ORD_0003220,CUST_00643,2023-02-17 00:00:00,Footwear,COD,Tier_3,2239.65,30.58,0,1,Returned,Not as Expected,1,1,0.0,0.0,0.0,0.0
ORD_0008759,CUST_00718,2023-02-17 00:00:00,Fashion,COD,Tier_1,484.0,24.98,0,1,Returned,Not as Expected,1,0,0.0,0.0,0.0,0.0
ORD_0000850,CUST_04669,2023-02-17 02:00:00,Home,Prepaid,Tier_2,883.9,37.87,0,0,Delivered,,0,0,0.0,0.0,0.0,0.0
ORD_0009752,CUST_04676,2023-02-17 03:00:00,Footwear,COD,Tier_3,525.81,9.33,1,0,RTO,,1,0,0.0,0.0,0.0,0.0
ORD_0001989,CUST_00428,2023-02-17 04:00:00,Electronics,COD,Tier_2,3571.84,21.14,0,0,Delivered,,0,0,0.0,0.0,0.0,0.0
ORD_0008512,CUST_04217,2023-02-17 05:00:00,Home,COD,Tier_3,996.95,21.79,0,1,Returned,Wrong Size,1,0,0.0,0.0,0.0,0.0
ORD_0000996,CUST_01729,2023-02-17 06:00:00,Beauty,Prepaid,Tier_2,2827.08,35.58,0,0,Delivered,,0,0,0.0,0.0,0.0,0.0
ORD_0004722,CUST_02503,2023-02-17 07:00:00,Electronics,Prepaid,Tier_1,984.26,19.34,0,0,Delivered,,0,0,0.0,0.0,0.0,0.0
ORD_0007688,CUST_05832,2023-02-17 09:00:00,Electronics,COD,Tier_1,1939.99,22.48,0,1,Returned,Wrong Size,1,0,0.0,0.0,0.0,0.0
ORD_0008090,CUST_00286,2023-02-17 10:00:00,Fashion,Prepaid,Tier_2,1010.98,20.35,0,0,Delivered,,0,0,0.0,0.0,0.0,0.0
ORD_0000905,CUST_03718,2023-02-17 12:00:00,Fashion,COD,Tier_2,1093.88,37.85,0,0,Delivered,,0,0,0.0,0.0,0.0,0.0
ORD_0007848,CUST_00641,2023-02-17 12:00:00,Footwear,COD,Tier_1,1854.86,18.45,0,0,Delivered,,0,0,0.0,0.0,0.0,0.0
ORD_0005880,CUST_00320,2023-02-17 13:00:00,Footwear,COD,Tier_3,1904.17,35.52,0,0,Delivered,,0,0,0.0,0.0,0.0,0.0
ORD_0009919,CUST_05111,2023-02-17 13:00:00,Footwear,Prepaid,Tier_3,308.42,44.76,0,0,Delivered,,0,0,0.0,0.0,0.0,0.0
ORD_0007453,CUST_02585,2023-02-17 13:00:00,Footwear,Prepaid,Tier_1,2167.73,20.01,0,1,Returned,Wrong Size,1,1,0.0,0.0,0.0,0.0
ORD_0003671,CUST_04692,2023-02-17 13:00:00,Electronics,Prepaid,Tier_1,4063.7,1.71,0,0,Delivered,,0,0,0.0,0.0,0.0,0.0
ORD_0007762,CUST_04835,2023-02-17 13:00:00,Home,COD,Tier_1,1312.74,47.77,0,0,Delivered,,0,1,0.0,0.0,0.0,0.0
ORD_0007753,CUST_05762,2023-02-17 14:00:00,Footwear,Prepaid,Tier_2,2366.91,30.13,0,0,Delivered,,0,0,0.0,0.0,0.0,0.0
ORD_0006029,CUST_01389,2023-02-17 19:00:00,Footwear,COD,Tier_1,1179.98,29.92,1,0,RTO,,1,0,0.0,0.0,0.0,0.0
ORD_0007582,CUST_00238,2023-02-17 23:00:00,Beauty,COD,Tier_2,1820.58,32.81,0,0,Delivered,,0,1,1.0,0.0,1.0,0.0
ORD_0008069,CUST_03610,2023-02-18 00:00:00,Home,COD,Tier_2,4019.29,33.62,0,0,Delivered,,0,0,0.0,0.0,0.0,0.0
ORD_0007845,CUST_02290,2023-02-18 01:00:00,Fashion,COD,Tier_3,513.6,31.18,0,0,Delivered,,0,0,0.0,0.0,0.0,0.0
ORD_0009207,CUST_00370,2023-02-18 04:00:00,Fashion,COD,Tier_3,4868.56,42.3,0,0,Delivered,,0,0,0.0,0.0,0.0,0.0
ORD_0002529,CUST_03018,2023-02-18 04:00:00,Fashion,COD,Tier_2,1666.67,5.46,1,0,RTO,,1,0,0.0,0.0,0.0,0.0
ORD_0002010,CUST_00219,2023-02-18 06:00:00,Footwear,COD,Tier_3,804.95,29.8,1,0,RTO,,1,0,0.0,0.0,0.0,0.0
ORD_0005390,CUST_05593,2023-02-18 06:00:00,Footwear,Prepaid,Tier_1,537.39,18.79,0,0,Delivered,,0,0,0.0,0.0,0.0,0.0
ORD_0004420,CUST_00858,2023-02-18 06:00:00,Fashion,Prepaid,Tier_1,4087.27,13.59,0,1,Returned,Wrong Size,1,0,0.0,0.0,0.0,0.0
ORD_0009165,CUST_00270,2023-02-18 07:00:00,Fashion,COD,Tier_2,1543.04,44.13,0,0,Delivered,,0,0,0.0,0.0,0.0,0.0
ORD_0008416,CUST_01393,2023-02-18 07:00:00,Fashion,COD,Tier_3,2069.77,45.82,0,0,Delivered,,0,0,0.0,0.0,0.0,0.0
ORD_0008354,CUST_00581,2023-02-18 07:00:00,Fashion,Prepaid,Tier_3,1650.51,38.89,0,0,Delivered,,0,1,0.0,0.0,0.0,0.0
ORD_0006705,CUST_02490,2023-02-18 07:00:00,Fashion,COD,Tier_2,5774.27,33.44,0,0,Delivered,,0,1,0.0,0.0,0.0,0.0
ORD_0001315,CUST_03959,2023-02-18 07:00:00,Fashion,Prepaid,Tier_1,1432.72,25.84,0,0,Delivered,,0,0,0.0,0.0,0.0,0.0
ORD_0004404,CUST_04474,2023-02-18 08:00:00,Footwear,COD,Tier_1,2434.27,42.9,0,0,Delivered,,0,0,0.0,0.0,0.0,0.0
ORD_0002174,CUST_00656,2023-02-18 09:00:00,Footwear,COD,Tier_1,3543.62,23.94,0,0,Delivered,,0,0,0.0,0.0,0.0,0.0
ORD_0009906,CUST_01493,2023-02-18 09:00:00,Footwear,COD,Tier_1,4517.27,8.99,1,0,RTO,,1,0,0.0,0.0,0.0,0.0
ORD_0009093,CUST_03480,2023-02-18 09:00:00,Footwear,COD,Tier_3,889.96,26.17,1,0,RTO,,1,0,0.0,0.0,0.0,0.0
ORD_0009143,CUST_01655,2023-02-18 10:00:00,Fashion,COD,Tier_3,2752.61,25.55,0,0,Delivered,,0,0,0.0,0.0,0.0,0.0
ORD_0003151,CUST_03057,2023-02-18 10:00:00,Fashion,Prepaid,Tier_2,1562.85,9.2,0,1,Returned,Wrong Size,1,0,0.0,0.0,0.0,0.0
ORD_0003064,CUST_02419,2023-02-18 11:00:00,Beauty,Prepaid,Tier_1,1834.28,21.77,0,0,Delivered,,0,0,0.0,0.0,0.0,0.0
ORD_0008973,CUST_00791,2023-02-18 13:00:00,Fashion,COD,Tier_1,629.05,14.1,1,0,RTO,,1,0,0.0,0.0,0.0,0.0
ORD_0007396,CUST_00967,2023-02-18 14:00:00,Footwear,Prepaid,Tier_2,536.55,43.29,0,0,Delivered,,0,0,0.0,0.0,0.0,0.0
ORD_0000732,CUST_04624,2023-02-18 15:00:00,Footwear,COD,Tier_1,3343.63,4.8,1,0,RTO,,1,0,0.0,0.0,0.0,0.0
ORD_0002669,CUST_01127,2023-02-18 15:00:00,Footwear,COD,Tier_3,301.91,42.61,0,0,Delivered,,0,0,0.0,0.0,0.0,0.0
ORD_0002578,CUST_00511,2023-02-18 15:00:00,Footwear,COD,Tier_3,1954.3,47.87,1,0,RTO,,1,0,0.0,0.0,0.0,0.0
ORD_0005083,CUST_05558,2023-02-18 16:00:00,Fashion,COD,Tier_3,630.42,37.96,1,0,RTO,,1,0,0.0,0.0,0.0,0.0
ORD_0004949,CUST_00399,2023-02-18 16:00:00,Footwear,COD,Tier_2,2107.54,15.92,0,1,Returned,Changed Mind,1,0,0.0,0.0,0.0,0.0
ORD_0005677,CUST_05134,2023-02-18 17:00:00,Footwear,COD,Tier_2,2300.79,39.49,0,1,Returned,Wrong Size,1,0,0.0,0.0,0.0,0.0
ORD_0005875,CUST_00789,2023-02-18 22:00:00,Home,COD,Tier_3,1414.39,26.07,0,1,Returned,Wrong Size,1,0,0.0,0.0,0.0,0.0
ORD_0003124,CUST_03370,2023-02-18 22:00:00,Fashion,Prepaid,Tier_1,3906.95,6.2,1,0,RTO,,1,0,0.0,0.0,0.0,0.0
ORD_0005106,CUST_05554,2023-02-18 22:00:00,Footwear,COD,Tier_2,2594.41,2.86,0,0,Delivered,,0,0,0.0,0.0,0.0,0.0
ORD_0003052,CUST_03391,2023-02-19 03:00:00,Home,COD,Tier_3,1784.76,31.67,0,0,Delivered,,0,0,0.0,0.0,0.0,0.0
ORD_0002658,CUST_01849,2023-02-19 05:00:00,Fashion,COD,Tier_2,415.77,27.2,0,1,Returned,Wrong Size,1,0,0.0,0.0,0.0,0.0
ORD_0001714,CUST_00063,2023-02-19 05:00:00,Fashion,COD,Tier_3,435.7,25.89,1,0,RTO,,1,0,0.0,0.0,0.0,0.0
ORD_0006669,CUST_00261,2023-02-19 05:00:00,Footwear,COD,Tier_1,4579.33,0.63,0,1,Returned,Changed Mind,1,0,0.0,0.0,0.0,0.0
ORD_0002523,CUST_04013,2023-02-19 06:00:00,Footwear,Prepaid,Tier_3,1034.96,48.23,0,0,Delivered,,0,0,0.0,0.0,0.0,0.0
ORD_0007306,CUST_00266,2023-02-19 07:00:00,Beauty,COD,Tier_1,733.99,40.96,1,0,RTO,,1,0,0.0,0.0,0.0,0.0
ORD_0004181,CUST_01620,2023-02-19 08:00:00,Fashion,COD,Tier_2,315.96,23.29,0,1,Returned,Changed Mind,1,0,0.0,0.0,0.0,0.0
ORD_0004840,CUST_00982,2023-02-19 08:00:00,Electronics,Prepaid,Tier_2,661.94,32.79,0,0,Delivered,,0,0,0.0,0.0,0.0,0.0
ORD_0007479,CUST_02577,2023-02-19 09:00:00,Fashion,Prepaid,Tier_3,1389.65,24.57,0,0,Delivered,,0,1,1.0,0.0,1.0,0.0
ORD_0008040,CUST_04638,2023-02-19 11:00:00,Fashion,Prepaid,Tier_3,2792.41,31.13,0,0,Delivered,,0,2,0.0,0.0,0.0,0.0
ORD_0005983,CUST_05791,2023-02-19 12:00:00,Fashion,COD,Tier_2,2299.22,6.44,0,0,Delivered,,0,0,0.0,0.0,0.0,0.0
ORD_0009182,CUST_04019,2023-02-19 12:00:00,Footwear,COD,Tier_1,387.7,5.28,0,0,Delivered,,0,1,0.0,0.0,0.0,0.0
ORD_0008580,CUST_01350,2023-02-19 13:00:00,Fashion,COD,Tier_2,1304.15,34.89,0,0,Delivered,,0,0,0.0,0.0,0.0,0.0
ORD_0007307,CUST_05465,2023-02-19 13:00:00,Fashion,COD,Tier_3,731.53,30.06,0,0,Delivered,,0,0,0.0,0.0,0.0,0.0
ORD_0004144,CUST_02034,2023-02-19 15:00:00,Home,COD,Tier_1,1364.07,43.25,1,0,RTO,,1,1,0.0,0.0,0.0,0.0
ORD_0008265,CUST_05018,2023-02-19 16:00:00,Home,COD,Tier_3,1788.99,1.19,0,0,Delivered,,0,0,0.0,0.0,0.0,0.0
ORD_0004599,CUST_04989,2023-02-19 16:00:00,Fashion,Prepaid,Tier_2,4137.53,48.96,0,0,Delivered,,0,0,0.0,0.0,0.0,0.0
ORD_0007060,CUST_01694,2023-02-19 17:00:00,Home,Prepaid,Tier_2,713.08,14.23,0,0,Delivered,,0,1,0.0,0.0,0.0,0.0
ORD_0006230,CUST_01195,2023-02-19 18:00:00,Electronics,COD,Tier_1,1810.3,16.03,0,0,Delivered,,0,0,0.0,0.0,0.0,0.0
ORD_0003879,CUST_01082,2023-02-19 18:00:00,Electronics,COD,Tier_1,1154.68,42.45,1,0,RTO,,1,0,0.0,0.0,0.0,0.0
ORD_0003399,CUST_03926,2023-02-19 18:00:00,Fashion,COD,Tier_1,2741.03,27.89,0,0,Delivered,,0,0,0.0,0.0,0.0,0.0
ORD_0008958,CUST_01609,2023-02-19 19:00:00,Footwear,COD,Tier_3,2141.05,22.3,0,0,Delivered,,0,0,0.0,0.0,0.0,0.0
ORD_0002284,CUST_01940,2023-02-19 20:00:00,Footwear,COD,Tier_3,731.73,22.4,0,0,Delivered,,0,1,0.0,0.0,0.0,0.0
ORD_0009373,CUST_03803,2023-02-19 22:00:00,Fashion,COD,Tier_2,3432.33,18.39,0,0,Delivered,,0,0,0.0,0.0,0.0,0.0
ORD_0003091,CUST_04442,2023-02-19 22:00:00,Fashion,COD,Tier_2,984.76,31.63,0,0,Delivered,,0,0,0.0,0.0,0.0,0.0
ORD_0001222,CUST_05919,2023-02-19 22:00:00,Home,COD,Tier_3,463.51,23.01,0,0,Delivered,,0,0,0.0,0.0,0.0,0.0
ORD_0007285,CUST_03360,2023-02-19 22:00:00,Electronics,Prepaid,Tier_3,1294.35,10.03,1,0,RTO,,1,0,0.0,0.0,0.0,0.0
ORD_0003301,CUST_04269,2023-02-19 23:00:00,Footwear,COD,Tier_2,2479.45,17.56,0,0,Delivered,,0,1,1.0,0.0,1.0,0.0
ORD_0009755,CUST_00630,2023-02-20 00:00:00,Home,COD,Tier_3,593.09,8.41,1,0,RTO,,1,0,0.0,0.0,0.0,0.0
ORD_0002028,CUST_01128,2023-02-20 00:00:00,Fashion,COD,Tier_1,3013.58,48.52,0,0,Delivered,,0,0,0.0,0.0,0.0,0.0
ORD_0004819,CUST_02911,2023-02-20 04:00:00,Fashion,Prepaid,Tier_2,461.82,0.9,0,0,Delivered,,0,1,0.0,0.0,0.0,0.0
ORD_0007074,CUST_01190,2023-02-20 05:00:00,Footwear,COD,Tier_2,969.26,44.8,1,0,RTO,,1,0,0.0,0.0,0.0,0.0
ORD_0006888,CUST_03239,2023-02-20 07:00:00,Fashion,Prepaid,Tier_2,649.73,48.05,0,0,Delivered,,0,0,0.0,0.0,0.0,0.0
ORD_0004114,CUST_00893,2023-02-20 07:00:00,Fashion,COD,Tier_2,563.42,44.44,1,0,RTO,,1,0,0.0,0.0,0.0,0.0
ORD_0007330,CUST_02951,2023-02-20 10:00:00,Fashion,Prepaid,Tier_2,2193.8,32.08,0,0,Delivered,,0,2,1.0,1.0,0.5,0.5
ORD_0000974,CUST_00971,2023-02-20 11:00:00,Fashion,COD,Tier_2,947.12,4.57,1,0,RTO,,1,0,0.0,0.0,0.0,0.0
ORD_0002617,CUST_02598,2023-02-20 12:00:00,Fashion,Prepaid,Tier_1,3292.88,22.62,0,1,Returned,Changed Mind,1,0,0.0,0.0,0.0,0.0
ORD_0006043,CUST_03322,2023-02-20 12:00:00,Footwear,COD,Tier_2,776.11,6.93,0,0,Delivered,,0,1,1.0,0.0,1.0,0.0
ORD_0005024,CUST_00615,2023-02-20 13:00:00,Fashion,COD,Tier_2,1713.98,34.95,0,0,Delivered,,0,0,0.0,0.0,0.0,0.0
ORD_0007028,CUST_05127,2023-02-20 14:00:00,Fashion,COD,Tier_3,942.24,31.58,0,0,Delivered,,0,0,0.0,0.0,0.0,0.0
ORD_0001941,CUST_04422,2023-02-20 14:00:00,Fashion,Prepaid,Tier_3,848.72,44.44,0,0,Delivered,,0,1,0.0,0.0,0.0,0.0
ORD_0007740,CUST_00732,2023-02-20 17:00:00,Fashion,COD,Tier_2,1304.4,9.93,0,0,Delivered,,0,0,0.0,0.0,0.0,0.0
ORD_0003470,CUST_00800,2023-02-20 17:00:00,Fashion,COD,Tier_2,4303.8,3.7,0,0,Delivered,,0,1,0.0,0.0,0.0,0.0
ORD_0007116,CUST_05638,2023-02-20 21:00:00,Beauty,COD,Tier_2,4219.42,33.12,0,0,Delivered,,0,0,0.0,0.0,0.0,0.0
ORD_0005539,CUST_05066,2023-02-20 22:00:00,Fashion,COD,Tier_3,1665.46,12.7,0,0,Delivered,,0,1,0.0,0.0,0.0,0.0
ORD_0000446,CUST_04595,2023-02-20 22:00:00,Fashion,COD,Tier_1,6071.26,26.18,1,0,RTO,,1,1,0.0,1.0,0.0,1.0
ORD_0004245,CUST_01474,2023-02-21 00:00:00,Beauty,Prepaid,Tier_1,416.05,37.7,0,0,Delivered,,0,1,0.0,0.0,0.0,0.0
ORD_0007600,CUST_05049,2023-02-21 02:00:00,Footwear,Prepaid,Tier_3,355.6,42.62,1,0,RTO,,1,0,0.0,0.0,0.0,0.0
ORD_0008103,CUST_00310,2023-02-21 03:00:00,Footwear,COD,Tier_2,3434.65,2.76,1,0,RTO,,1,0,0.0,0.0,0.0,0.0
ORD_0000980,CUST_01849,2023-02-21 03:00:00,Home,Prepaid,Tier_1,1965.9,24.87,0,0,Delivered,,0,1,1.0,0.0,1.0,0.0
ORD_0009943,CUST_05389,2023-02-21 06:00:00,Fashion,COD,Tier_1,3100.62,39.89,0,0,Delivered,,0,1,0.0,0.0,0.0,0.0
ORD_0005590,CUST_02817,2023-02-21 07:00:00,Home,COD,Tier_3,3701.3,19.74,0,0,Delivered,,0,0,0.0,0.0,0.0,0.0
ORD_0001147,CUST_03781,2023-02-21 08:00:00,Home,Prepaid,Tier_2,681.98,0.97,0,0,Delivered,,0,0,0.0,0.0,0.0,0.0
ORD_0009536,CUST_01293,2023-02-21 08:00:00,Electronics,COD,Tier_3,2359.0,43.95,1,0,RTO,,1,0,0.0,0.0,0.0,0.0
ORD_0002721,CUST_03760,2023-02-21 09:00:00,Footwear,Prepaid,Tier_1,1016.07,44.56,0,0,Delivered,,0,0,0.0,0.0,0.0,0.0
ORD_0001186,CUST_03968,2023-02-21 11:00:00,Footwear,Prepaid,Tier_2,1282.37,45.23,0,1,Returned,Not as Expected,1,0,0.0,0.0,0.0,0.0
ORD_0000025,CUST_05746,2023-02-21 11:00:00,Electronics,COD,Tier_1,842.62,31.05,1,0,RTO,,1,0,0.0,0.0,0.0,0.0
ORD_0002286,CUST_00216,2023-02-21 13:00:00,Footwear,Prepaid,Tier_1,1348.37,12.88,0,0,Delivered,,0,0,0.0,0.0,0.0,0.0
ORD_0006856,CUST_05994,2023-02-21 13:00:00,Fashion,COD,Tier_1,3491.24,16.5,0,0,Delivered,,0,0,0.0,0.0,0.0,0.0
ORD_0000523,CUST_03560,2023-02-21 14:00:00,Electronics,COD,Tier_3,1146.04,46.58,0,0,Delivered,,0,1,0.0,0.0,0.0,0.0
ORD_0000452,CUST_04470,2023-02-21 15:00:00,Electronics,COD,Tier_2,2353.35,38.65,0,0,Delivered,,0,0,0.0,0.0,0.0,0.0
ORD_0003550,CUST_00695,2023-02-21 15:00:00,Footwear,COD,Tier_3,1473.26,22.12,0,0,Delivered,,0,1,0.0,0.0,0.0,0.0
ORD_0008765,CUST_02365,2023-02-21 15:00:00,Beauty,COD,Tier_1,539.11,30.34,0,0,Delivered,,0,2,0.0,1.0,0.0,0.5
ORD_0008145,CUST_05307,2023-02-21 15:00:00,Home,COD,Tier_3,772.27,5.76,1,0,RTO,,1,0,0.0,0.0,0.0,0.0
ORD_0004621,CUST_02768,2023-02-21 16:00:00,Home,COD,Tier_1,2266.6,25.69,0,1,Returned,Changed Mind,1,1,0.0,0.0,0.0,0.0
ORD_0006333,CUST_00656,2023-02-21 16:00:00,Footwear,COD,Tier_2,1194.64,1.79,0,0,Delivered,,0,1,0.0,0.0,0.0,0.0
ORD_0005584,CUST_04401,2023-02-21 17:00:00,Home,COD,Tier_1,3309.86,3.43,0,0,Delivered,,0,0,0.0,0.0,0.0,0.0
ORD_0001161,CUST_03742,2023-02-21 18:00:00,Beauty,COD,Tier_1,902.85,1.52,0,1,Returned,Wrong Size,1,0,0.0,0.0,0.0,0.0
ORD_0001054,CUST_03587,2023-02-21 19:00:00,Electronics,COD,Tier_2,1957.12,37.72,0,1,Returned,Wrong Size,1,0,0.0,0.0,0.0,0.0
ORD_0006706,CUST_00639,2023-02-21 19:00:00,Fashion,COD,Tier_2,1390.21,10.86,0,0,Delivered,,0,0,0.0,0.0,0.0,0.0
ORD_0006035,CUST_00003,2023-02-21 19:00:00,Electronics,Prepaid,Tier_2,616.22,2.52,0,0,Delivered,,0,0,0.0,0.0,0.0,0.0
ORD_0008538,CUST_03920,2023-02-21 20:00:00,Fashion,COD,Tier_3,1905.49,8.34,0,1,Returned,Wrong Size,1,0,0.0,0.0,0.0,0.0
ORD_0006716,CUST_01583,2023-02-21 20:00:00,Footwear,COD,Tier_3,1528.2,6.45,0,1,Returned,Wrong Size,1,0,0.0,0.0,0.0,0.0
ORD_0000312,CUST_01349,2023-02-21 20:00:00,Footwear,Prepaid,Tier_3,970.57,20.02,0,0,Delivered,,0,0,0.0,0.0,0.0,0.0
ORD_0005235,CUST_03396,2023-02-21 20:00:00,Fashion,COD,Tier_2,3269.57,17.06,1,0,RTO,,1,0,0.0,0.0,0.0,0.0
ORD_0000870,CUST_04233,2023-02-21 21:00:00,Electronics,Prepaid,Tier_2,3145.53,4.67,1,0,RTO,,1,1,0.0,0.0,0.0,0.0
ORD_0001302,CUST_00606,2023-02-21 22:00:00,Fashion,Prepaid,Tier_3,2146.52,10.45,0,1,Returned,Not as Expected,1,0,0.0,0.0,0.0,0.0
ORD_0004348,CUST_02514,2023-02-21 22:00:00,Fashion,COD,Tier_3,894.03,39.16,0,0,Delivered,,0,0,0.0,0.0,0.0,0.0
ORD_0005011,CUST_02709,2023-02-22 01:00:00,Footwear,COD,Tier_3,1149.68,29.68,1,0,RTO,,1,0,0.0,0.0,0.0,0.0
ORD_0009915,CUST_05932,2023-02-22 02:00:00,Fashion,Prepaid,Tier_2,1306.63,0.09,0,0,Delivered,,0,0,0.0,0.0,0.0,0.0
ORD_0007371,CUST_02128,2023-02-22 02:00:00,Fashion,Prepaid,Tier_3,2798.49,35.14,0,0,Delivered,,0,0,0.0,0.0,0.0,0.0
ORD_0006302,CUST_03316,2023-02-22 04:00:00,Electronics,COD,Tier_2,4601.4,45.63,1,0,RTO,,1,0,0.0,0.0,0.0,0.0
ORD_0007776,CUST_01140,2023-02-22 05:00:00,Fashion,COD,Tier_1,889.46,5.78,0,1,Returned,Defective,1,0,0.0,0.0,0.0,0.0
ORD_0000430,CUST_00417,2023-02-22 05:00:00,Electronics,COD,Tier_2,4333.38,33.93,0,0,Delivered,,0,0,0.0,0.0,0.0,0.0
ORD_0006516,CUST_01632,2023-02-22 05:00:00,Beauty,Prepaid,Tier_2,1373.08,45.41,0,0,Delivered,,0,0,0.0,0.0,0.0,0.0
ORD_0000907,CUST_02512,2023-02-22 07:00:00,Fashion,COD,Tier_2,415.13,13.73,0,0,Delivered,,0,0,0.0,0.0,0.0,0.0
ORD_0006832,CUST_03413,2023-02-22 07:00:00,Fashion,Prepaid,Tier_2,3105.15,31.18,0,1,Returned,Wrong Size,1,0,0.0,0.0,0.0,0.0
ORD_0007995,CUST_04823,2023-02-22 07:00:00,Electronics,Prepaid,Tier_2,742.57,45.75,0,0,Delivered,,0,0,0.0,0.0,0.0,0.0
ORD_0003984,CUST_03013,2023-02-22 07:00:00,Footwear,Prepaid,Tier_2,1448.41,14.11,0,0,Delivered,,0,0,0.0,0.0,0.0,0.0
ORD_0006953,CUST_02119,2023-02-22 08:00:00,Fashion,Prepaid,Tier_2,2199.07,47.51,0,0,Delivered,,0,0,0.0,0.0,0.0,0.0
ORD_0002425,CUST_01309,2023-02-22 08:00:00,Beauty,Prepaid,Tier_1,2652.43,16.1,0,0,Delivered,,0,0,0.0,0.0,0.0,0.0
ORD_0009069,CUST_00862,2023-02-22 09:00:00,Home,COD,Tier_2,453.4,43.28,0,0,Delivered,,0,0,0.0,0.0,0.0,0.0
ORD_0008397,CUST_01043,2023-02-22 11:00:00,Electronics,Prepaid,Tier_3,1082.95,26.41,0,0,Delivered,,0,0,0.0,0.0,0.0,0.0
ORD_0007889,CUST_04737,2023-02-22 11:00:00,Beauty,COD,Tier_2,320.29,27.59,0,0,Delivered,,0,1,0.0,1.0,0.0,1.0
ORD_0002230,CUST_03007,2023-02-22 13:00:00,Fashion,COD,Tier_1,1853.48,26.34,0,0,Delivered,,0,0,0.0,0.0,0.0,0.0
ORD_0008222,CUST_04842,2023-02-22 14:00:00,Electronics,Prepaid,Tier_3,1822.94,39.23,0,0,Delivered,,0,0,0.0,0.0,0.0,0.0
ORD_0000568,CUST_05448,2023-02-22 15:00:00,Beauty,Prepaid,Tier_2,5504.53,45.16,0,0,Delivered,,0,0,0.0,0.0,0.0,0.0
ORD_0000981,CUST_04281,2023-02-22 15:00:00,Fashion,COD,Tier_2,5076.89,3.6,0,0,Delivered,,0,1,0.0,0.0,0.0,0.0
ORD_0007007,CUST_05837,2023-02-22 16:00:00,Footwear,COD,Tier_1,2107.64,18.73,0,0,Delivered,,0,0,0.0,0.0,0.0,0.0
ORD_0009290,CUST_05880,2023-02-22 16:00:00,Fashion,Prepaid,Tier_3,985.71,44.11,0,1,Returned,Changed Mind,1,0,0.0,0.0,0.0,0.0
ORD_0003816,CUST_00070,2023-02-22 17:00:00,Fashion,Prepaid,Tier_3,1252.71,35.7,1,0,RTO,,1,2,0.0,0.0,0.0,0.0
ORD_0003706,CUST_05692,2023-02-22 18:00:00,Home,COD,Tier_2,1313.32,45.28,0,0,Delivered,,0,0,0.0,0.0,0.0,0.0
ORD_0002016,CUST_01932,2023-02-22 19:00:00,Fashion,Prepaid,Tier_2,1127.85,48.53,0,0,Delivered,,0,0,0.0,0.0,0.0,0.0
ORD_0007130,CUST_01342,2023-02-22 19:00:00,Home,COD,Tier_2,1036.76,1.21,0,0,Delivered,,0,0,0.0,0.0,0.0,0.0
ORD_0002472,CUST_02970,2023-02-22 19:00:00,Footwear,Prepaid,Tier_3,3643.58,45.06,0,1,Returned,Wrong Size,1,1,1.0,0.0,1.0,0.0
ORD_0006813,CUST_03953,2023-02-22 21:00:00,Electronics,COD,Tier_3,6583.91,26.17,1,0,RTO,,1,0,0.0,0.0,0.0,0.0
ORD_0000104,CUST_01877,2023-02-22 23:00:00,Fashion,COD,Tier_2,1081.63,15.74,0,1,Returned,Wrong Size,1,0,0.0,0.0,0.0,0.0
ORD_0000062,CUST_01576,2023-02-22 23:00:00,Footwear,COD,Tier_2,1020.61,6.9,0,1,Returned,Wrong Size,1,0,0.0,0.0,0.0,0.0
ORD_0000532,CUST_04724,2023-02-23 02:00:00,Footwear,COD,Tier_2,1387.89,49.69,0,1,Returned,Wrong Size,1,1,0.0,0.0,0.0,0.0
ORD_0006796,CUST_01279,2023-02-23 03:00:00,Electronics,COD,Tier_2,1003.31,20.46,0,1,Returned,Changed Mind,1,1,0.0,0.0,0.0,0.0
ORD_0008270,CUST_00662,2023-02-23 04:00:00,Electronics,Prepaid,Tier_3,2685.82,42.39,0,1,Returned,Not as Expected,1,0,0.0,0.0,0.0,0.0
ORD_0008162,CUST_05184,2023-02-23 04:00:00,Home,Prepaid,Tier_3,4287.43,8.11,0,0,Delivered,,0,0,0.0,0.0,0.0,0.0
ORD_0002997,CUST_00758,2023-02-23 05:00:00,Fashion,COD,Tier_2,1241.68,15.32,1,0,RTO,,1,0,0.0,0.0,0.0,0.0
ORD_0006196,CUST_01534,2023-02-23 05:00:00,Footwear,Prepaid,Tier_3,605.46,17.32,0,0,Delivered,,0,0,0.0,0.0,0.0,0.0
ORD_0006359,CUST_05133,2023-02-23 06:00:00,Fashion,Prepaid,Tier_1,798.39,43.54,0,0,Delivered,,0,0,0.0,0.0,0.0,0.0
ORD_0002649,CUST_01125,2023-02-23 09:00:00,Beauty,COD,Tier_1,365.05,13.02,0,0,Delivered,,0,0,0.0,0.0,0.0,0.0
ORD_0002372,CUST_03413,2023-02-23 10:00:00,Beauty,COD,Tier_2,3379.51,21.04,0,0,Delivered,,0,1,1.0,0.0,1.0,0.0
ORD_0008098,CUST_04078,2023-02-23 11:00:00,Fashion,COD,Tier_1,2027.02,37.72,1,0,RTO,,1,2,0.0,0.0,0.0,0.0
ORD_0009033,CUST_00904,2023-02-23 12:00:00,Footwear,Prepaid,Tier_1,619.0,3.39,0,0,Delivered,,0,0,0.0,0.0,0.0,0.0
ORD_0002591,CUST_03766,2023-02-23 12:00:00,Beauty,Prepaid,Tier_3,1380.99,23.34,0,0,Delivered,,0,0,0.0,0.0,0.0,0.0
ORD_0004752,CUST_00886,2023-02-23 13:00:00,Home,COD,Tier_2,754.98,40.84,0,0,Delivered,,0,0,0.0,0.0,0.0,0.0
ORD_0004165,CUST_00506,2023-02-23 14:00:00,Fashion,COD,Tier_1,357.83,20.83,0,0,Delivered,,0,0,0.0,0.0,0.0,0.0
ORD_0005023,CUST_04192,2023-02-23 15:00:00,Fashion,COD,Tier_2,3210.04,35.04,0,1,Returned,Wrong Size,1,0,0.0,0.0,0.0,0.0
ORD_0001946,CUST_05063,2023-02-23 15:00:00,Footwear,Prepaid,Tier_2,1413.9,34.75,0,0,Delivered,,0,0,0.0,0.0,0.0,0.0
ORD_0002018,CUST_00669,2023-02-23 16:00:00,Fashion,COD,Tier_1,1494.87,29.17,0,1,Returned,Wrong Size,1,0,0.0,0.0,0.0,0.0
ORD_0002006,CUST_00752,2023-02-23 17:00:00,Fashion,COD,Tier_1,301.86,32.52,1,0,RTO,,1,0,0.0,0.0,0.0,0.0
ORD_0004707,CUST_05338,2023-02-23 17:00:00,Beauty,COD,Tier_3,2082.04,39.02,0,0,Delivered,,0,0,0.0,0.0,0.0,0.0
ORD_0008011,CUST_04303,2023-02-23 17:00:00,Beauty,COD,Tier_1,603.19,17.06,1,0,RTO,,1,0,0.0,0.0,0.0,0.0
ORD_0008865,CUST_02917,2023-02-23 19:00:00,Beauty,Prepaid,Tier_1,2754.49,47.85,0,0,Delivered,,0,0,0.0,0.0,0.0,0.0
ORD_0009790,CUST_05993,2023-02-23 21:00:00,Fashion,COD,Tier_1,1585.92,30.17,0,0,Delivered,,0,0,0.0,0.0,0.0,0.0
ORD_0007318,CUST_05506,2023-02-23 22:00:00,Beauty,Prepaid,Tier_1,1968.72,15.18,0,0,Delivered,,0,0,0.0,0.0,0.0,0.0
ORD_0000055,CUST_00646,2023-02-23 22:00:00,Fashion,COD,Tier_1,1534.01,12.9,0,0,Delivered,,0,0,0.0,0.0,0.0,0.0
ORD_0008017,CUST_05942,2023-02-24 01:00:00,Footwear,COD,Tier_2,1540.74,23.89,0,0,Delivered,,0,0,0.0,0.0,0.0,0.0
ORD_0002531,CUST_05520,2023-02-24 02:00:00,Fashion,COD,Tier_2,374.02,15.77,0,0,Delivered,,0,1,0.0,0.0,0.0,0.0
ORD_0000082,CUST_02188,2023-02-24 02:00:00,Fashion,Prepaid,Tier_3,3529.98,46.85,0,0,Delivered,,0,0,0.0,0.0,0.0,0.0
ORD_0000735,CUST_00688,2023-02-24 04:00:00,Home,Prepaid,Tier_1,515.95,9.65,0,0,Delivered,,0,0,0.0,0.0,0.0,0.0
ORD_0004475,CUST_01636,2023-02-24 05:00:00,Electronics,COD,Tier_3,1124.96,4.98,0,0,Delivered,,0,1,0.0,0.0,0.0,0.0
ORD_0005205,CUST_00018,2023-02-24 06:00:00,Beauty,COD,Tier_2,1128.75,32.38,1,0,RTO,,1,1,0.0,0.0,0.0,0.0
ORD_0004012,CUST_03410,2023-02-24 06:00:00,Fashion,COD,Tier_3,932.98,22.27,0,0,Delivered,,0,0,0.0,0.0,0.0,0.0
ORD_0006528,CUST_05155,2023-02-24 06:00:00,Fashion,Prepaid,Tier_2,3480.5,1.93,0,0,Delivered,,0,0,0.0,0.0,0.0,0.0
ORD_0002942,CUST_02473,2023-02-24 06:00:00,Electronics,Prepaid,Tier_1,4551.71,48.0,0,0,Delivered,,0,2,1.0,0.0,0.5,0.0
ORD_0006570,CUST_05068,2023-02-24 07:00:00,Electronics,COD,Tier_1,3951.74,11.43,0,1,Returned,Not as Expected,1,0,0.0,0.0,0.0,0.0
ORD_0006831,CUST_03558,2023-02-24 08:00:00,Electronics,COD,Tier_2,2272.44,18.17,0,0,Delivered,,0,0,0.0,0.0,0.0,0.0
ORD_0009589,CUST_00116,2023-02-24 08:00:00,Fashion,COD,Tier_2,2429.26,41.03,0,1,Returned,Wrong Size,1,1,1.0,0.0,1.0,0.0
ORD_0001497,CUST_02054,2023-02-24 08:00:00,Electronics,COD,Tier_3,1447.87,15.01,0,0,Delivered,,0,0,0.0,0.0,0.0,0.0
ORD_0001978,CUST_03783,2023-02-24 10:00:00,Fashion,COD,Tier_2,703.71,49.66,0,0,Delivered,,0,1,0.0,0.0,0.0,0.0
ORD_0005544,CUST_00595,2023-02-24 11:00:00,Electronics,Prepaid,Tier_1,2648.08,19.18,0,0,Delivered,,0,2,0.0,0.0,0.0,0.0
ORD_0008543,CUST_02626,2023-02-24 11:00:00,Beauty,COD,Tier_1,1640.6,40.74,0,0,Delivered,,0,0,0.0,0.0,0.0,0.0
ORD_0008311,CUST_04344,2023-02-24 13:00:00,Electronics,Prepaid,Tier_3,4194.63,13.87,0,1,Returned,Wrong Size,1,0,0.0,0.0,0.0,0.0
ORD_0005061,CUST_00933,2023-02-24 14:00:00,Beauty,Prepaid,Tier_1,1461.52,44.63,0,1,Returned,Wrong Size,1,0,0.0,0.0,0.0,0.0
ORD_0009015,CUST_05720,2023-02-24 16:00:00,Fashion,Prepaid,Tier_1,1000.39,45.15,0,0,Delivered,,0,0,0.0,0.0,0.0,0.0
ORD_0007723,CUST_04353,2023-02-24 16:00:00,Fashion,COD,Tier_3,676.09,32.27,0,1,Returned,Wrong Size,1,0,0.0,0.0,0.0,0.0
ORD_0003101,CUST_01127,2023-02-24 16:00:00,Fashion,Prepaid,Tier_3,2740.29,12.27,0,0,Delivered,,0,1,0.0,0.0,0.0,0.0
ORD_0004736,CUST_04266,2023-02-24 17:00:00,Fashion,Prepaid,Tier_1,1592.83,14.45,0,0,Delivered,,0,0,0.0,0.0,0.0,0.0
ORD_0008709,CUST_02524,2023-02-24 17:00:00,Fashion,Prepaid,Tier_3,323.72,32.74,1,0,RTO,,1,0,0.0,0.0,0.0,0.0
ORD_0001189,CUST_04522,2023-02-24 17:00:00,Electronics,COD,Tier_2,2913.21,4.71,0,0,Delivered,,0,0,0.0,0.0,0.0,0.0
ORD_0009592,CUST_03565,2023-02-24 18:00:00,Footwear,COD,Tier_3,1454.75,35.82,0,0,Delivered,,0,0,0.0,0.0,0.0,0.0
ORD_0005320,CUST_05524,2023-02-24 18:00:00,Beauty,COD,Tier_3,2303.86,44.02,1,0,RTO,,1,0,0.0,0.0,0.0,0.0
ORD_0001241,CUST_05135,2023-02-24 20:00:00,Electronics,COD,Tier_3,426.32,31.24,1,0,RTO,,1,0,0.0,0.0,0.0,0.0
ORD_0005693,CUST_04453,2023-02-24 21:00:00,Electronics,COD,Tier_1,2536.39,2.02,0,0,Delivered,,0,1,1.0,0.0,1.0,0.0
ORD_0002078,CUST_04675,2023-02-24 21:00:00,Home,COD,Tier_2,742.98,22.4,0,0,Delivered,,0,0,0.0,0.0,0.0,0.0
ORD_0002343,CUST_01026,2023-02-24 22:00:00,Beauty,Prepaid,Tier_1,1518.11,36.56,0,0,Delivered,,0,0,0.0,0.0,0.0,0.0
ORD_0006997,CUST_02585,2023-02-25 00:00:00,Footwear,COD,Tier_2,2248.58,14.41,0,0,Delivered,,0,2,1.0,0.0,0.5,0.0
ORD_0001469,CUST_03726,2023-02-25 02:00:00,Home,COD,Tier_3,502.14,36.06,0,0,Delivered,,0,0,0.0,0.0,0.0,0.0
ORD_0008798,CUST_03128,2023-02-25 02:00:00,Electronics,COD,Tier_1,2631.48,47.87,0,0,Delivered,,0,0,0.0,0.0,0.0,0.0
ORD_0000597,CUST_04223,2023-02-25 04:00:00,Fashion,COD,Tier_1,1735.03,29.82,0,0,Delivered,,0,0,0.0,0.0,0.0,0.0
ORD_0000407,CUST_04544,2023-02-25 04:00:00,Fashion,Prepaid,Tier_1,2025.52,33.29,0,1,Returned,Not as Expected,1,0,0.0,0.0,0.0,0.0
ORD_0005564,CUST_03204,2023-02-25 04:00:00,Home,COD,Tier_1,6522.43,24.49,0,1,Returned,Not as Expected,1,0,0.0,0.0,0.0,0.0
ORD_0004384,CUST_00094,2023-02-25 05:00:00,Footwear,COD,Tier_1,315.28,37.75,0,0,Delivered,,0,0,0.0,0.0,0.0,0.0
ORD_0001430,CUST_01924,2023-02-25 06:00:00,Home,COD,Tier_2,448.45,28.2,0,0,Delivered,,0,0,0.0,0.0,0.0,0.0
ORD_0003271,CUST_02210,2023-02-25 06:00:00,Fashion,COD,Tier_3,2436.66,0.51,1,0,RTO,,1,0,0.0,0.0,0.0,0.0
ORD_0006134,CUST_02175,2023-02-25 06:00:00,Fashion,COD,Tier_2,1594.42,8.8,1,0,RTO,,1,0,0.0,0.0,0.0,0.0
ORD_0005138,CUST_03845,2023-02-25 07:00:00,Home,Prepaid,Tier_3,1329.88,46.1,0,0,Delivered,,0,0,0.0,0.0,0.0,0.0
ORD_0008151,CUST_05413,2023-02-25 10:00:00,Home,COD,Tier_1,541.53,8.23,0,0,Delivered,,0,1,0.0,1.0,0.0,1.0
ORD_0001388,CUST_02997,2023-02-25 13:00:00,Footwear,Prepaid,Tier_1,317.16,31.63,0,1,Returned,Changed Mind,1,0,0.0,0.0,0.0,0.0
ORD_0004005,CUST_04530,2023-02-25 13:00:00,Fashion,COD,Tier_3,525.66,31.12,0,0,Delivered,,0,0,0.0,0.0,0.0,0.0
ORD_0004848,CUST_01126,2023-02-25 14:00:00,Electronics,Prepaid,Tier_1,1097.71,3.17,0,0,Delivered,,0,0,0.0,0.0,0.0,0.0
ORD_0008093,CUST_04681,2023-02-25 15:00:00,Electronics,COD,Tier_2,4595.51,18.83,1,0,RTO,,1,1,0.0,0.0,0.0,0.0
ORD_0007818,CUST_00061,2023-02-25 16:00:00,Home,COD,Tier_2,2042.25,33.23,0,0,Delivered,,0,1,0.0,0.0,0.0,0.0
ORD_0006139,CUST_05068,2023-02-25 16:00:00,Fashion,Prepaid,Tier_3,533.47,17.2,0,0,Delivered,,0,1,1.0,0.0,1.0,0.0
ORD_0008188,CUST_03322,2023-02-25 16:00:00,Electronics,COD,Tier_2,1376.92,49.58,0,1,Returned,Not as Expected,1,2,1.0,0.0,0.5,0.0
ORD_0005232,CUST_05872,2023-02-25 17:00:00,Footwear,Prepaid,Tier_3,905.54,13.57,0,0,Delivered,,0,0,0.0,0.0,0.0,0.0
ORD_0001615,CUST_02357,2023-02-25 17:00:00,Fashion,COD,Tier_2,1392.9,34.48,0,1,Returned,Changed Mind,1,0,0.0,0.0,0.0,0.0
ORD_0006587,CUST_02846,2023-02-25 18:00:00,Home,Prepaid,Tier_2,926.69,48.22,0,0,Delivered,,0,0,0.0,0.0,0.0,0.0
ORD_0004831,CUST_00440,2023-02-25 19:00:00,Footwear,Prepaid,Tier_2,630.68,37.36,0,0,Delivered,,0,0,0.0,0.0,0.0,0.0
ORD_0007181,CUST_00404,2023-02-25 20:00:00,Footwear,Prepaid,Tier_3,322.2,10.95,0,0,Delivered,,0,1,0.0,0.0,0.0,0.0
ORD_0005440,CUST_01813,2023-02-25 20:00:00,Electronics,COD,Tier_2,2868.59,3.91,1,0,RTO,,1,1,0.0,0.0,0.0,0.0
ORD_0001780,CUST_04347,2023-02-25 22:00:00,Fashion,Prepaid,Tier_2,1156.98,11.8,1,0,RTO,,1,0,0.0,0.0,0.0,0.0
ORD_0002269,CUST_04442,2023-02-25 22:00:00,Fashion,Prepaid,Tier_2,371.7,14.76,0,0,Delivered,,0,1,0.0,0.0,0.0,0.0
ORD_0004936,CUST_04831,2023-02-25 22:00:00,Electronics,Prepaid,Tier_1,2824.81,29.84,0,1,Returned,Changed Mind,1,0,0.0,0.0,0.0,0.0
ORD_0009319,CUST_05502,2023-02-25 22:00:00,Fashion,Prepaid,Tier_2,1449.74,28.04,0,1,Returned,Defective,1,0,0.0,0.0,0.0,0.0
ORD_0003664,CUST_04890,2023-02-26 00:00:00,Home,COD,Tier_3,1576.16,11.98,1,0,RTO,,1,0,0.0,0.0,0.0,0.0
ORD_0007146,CUST_04014,2023-02-26 01:00:00,Footwear,COD,Tier_2,856.98,18.53,1,0,RTO,,1,0,0.0,0.0,0.0,0.0
ORD_0008853,CUST_01198,2023-02-26 05:00:00,Beauty,COD,Tier_1,1309.72,27.38,0,0,Delivered,,0,1,0.0,0.0,0.0,0.0
ORD_0007814,CUST_01850,2023-02-26 07:00:00,Footwear,COD,Tier_1,1460.32,1.8,0,0,Delivered,,0,0,0.0,0.0,0.0,0.0
ORD_0003957,CUST_04238,2023-02-26 09:00:00,Footwear,COD,Tier_2,3773.77,16.42,0,0,Delivered,,0,0,0.0,0.0,0.0,0.0
ORD_0009232,CUST_00537,2023-02-26 10:00:00,Footwear,COD,Tier_2,1529.06,46.96,0,0,Delivered,,0,0,0.0,0.0,0.0,0.0
ORD_0007900,CUST_01039,2023-02-26 12:00:00,Beauty,COD,Tier_2,966.56,16.45,0,0,Delivered,,0,0,0.0,0.0,0.0,0.0
ORD_0007534,CUST_04265,2023-02-26 12:00:00,Footwear,COD,Tier_3,1772.57,42.14,1,0,RTO,,1,0,0.0,0.0,0.0,0.0
ORD_0000497,CUST_01865,2023-02-26 13:00:00,Beauty,Prepaid,Tier_2,542.34,29.6,0,0,Delivered,,0,0,0.0,0.0,0.0,0.0
ORD_0008483,CUST_05761,2023-02-26 16:00:00,Beauty,Prepaid,Tier_1,1903.92,18.46,0,0,Delivered,,0,0,0.0,0.0,0.0,0.0
ORD_0006639,CUST_00519,2023-02-26 19:00:00,Electronics,COD,Tier_1,457.34,34.15,0,0,Delivered,,0,0,0.0,0.0,0.0,0.0
ORD_0005883,CUST_00963,2023-02-26 19:00:00,Electronics,COD,Tier_2,727.05,11.75,0,0,Delivered,,0,0,0.0,0.0,0.0,0.0
ORD_0005097,CUST_03370,2023-02-26 21:00:00,Home,Prepaid,Tier_1,553.21,12.39,0,0,Delivered,,0,1,0.0,1.0,0.0,1.0
ORD_0003274,CUST_00716,2023-02-26 23:00:00,Fashion,Prepaid,Tier_1,3365.62,19.61,0,0,Delivered,,0,0,0.0,0.0,0.0,0.0
ORD_0008076,CUST_05288,2023-02-27 00:00:00,Home,Prepaid,Tier_2,363.03,29.54,0,0,Delivered,,0,0,0.0,0.0,0.0,0.0
ORD_0000686,CUST_00527,2023-02-27 01:00:00,Fashion,COD,Tier_2,2490.05,34.32,0,0,Delivered,,0,0,0.0,0.0,0.0,0.0
ORD_0000923,CUST_04830,2023-02-27 02:00:00,Footwear,Prepaid,Tier_1,415.07,47.85,0,1,Returned,Not as Expected,1,1,1.0,0.0,1.0,0.0
ORD_0002443,CUST_01973,2023-02-27 04:00:00,Fashion,COD,Tier_3,1527.63,2.3,0,0,Delivered,,0,0,0.0,0.0,0.0,0.0
ORD_0000226,CUST_04240,2023-02-27 04:00:00,Fashion,COD,Tier_2,902.85,25.51,1,0,RTO,,1,0,0.0,0.0,0.0,0.0
ORD_0006827,CUST_00643,2023-02-27 06:00:00,Footwear,Prepaid,Tier_3,7901.2,6.18,0,0,Delivered,,0,2,1.0,0.0,0.5,0.0
ORD_0008422,CUST_04275,2023-02-27 07:00:00,Footwear,COD,Tier_1,2963.16,32.54,0,0,Delivered,,0,0,0.0,0.0,0.0,0.0
ORD_0009738,CUST_00767,2023-02-27 08:00:00,Footwear,Prepaid,Tier_1,2102.36,42.18,0,0,Delivered,,0,0,0.0,0.0,0.0,0.0
ORD_0000900,CUST_03486,2023-02-27 09:00:00,Footwear,COD,Tier_2,2181.9,34.1,1,0,RTO,,1,0,0.0,0.0,0.0,0.0
ORD_0001597,CUST_03538,2023-02-27 09:00:00,Fashion,COD,Tier_2,2999.76,45.79,1,0,RTO,,1,1,0.0,1.0,0.0,1.0
ORD_0004681,CUST_04005,2023-02-27 11:00:00,Footwear,COD,Tier_2,1494.34,41.41,0,0,Delivered,,0,0,0.0,0.0,0.0,0.0
ORD_0007348,CUST_04318,2023-02-27 11:00:00,Fashion,COD,Tier_1,364.87,20.08,0,0,Delivered,,0,0,0.0,0.0,0.0,0.0
ORD_0005443,CUST_02719,2023-02-27 11:00:00,Footwear,COD,Tier_3,1217.97,27.26,1,0,RTO,,1,0,0.0,0.0,0.0,0.0
ORD_0000391,CUST_01086,2023-02-27 12:00:00,Fashion,COD,Tier_2,593.42,43.81,0,0,Delivered,,0,2,0.0,0.0,0.0,0.0
ORD_0005369,CUST_00441,2023-02-27 12:00:00,Fashion,Prepaid,Tier_3,1512.39,8.22,0,0,Delivered,,0,1,0.0,0.0,0.0,0.0
ORD_0009315,CUST_02059,2023-02-27 13:00:00,Fashion,COD,Tier_1,960.83,32.66,1,0,RTO,,1,0,0.0,0.0,0.0,0.0
ORD_0009497,CUST_00657,2023-02-27 14:00:00,Electronics,COD,Tier_3,1057.16,24.17,0,0,Delivered,,0,0,0.0,0.0,0.0,0.0
ORD_0002675,CUST_03897,2023-02-27 14:00:00,Fashion,COD,Tier_2,362.79,32.72,0,0,Delivered,,0,0,0.0,0.0,0.0,0.0
ORD_0000441,CUST_01324,2023-02-27 16:00:00,Fashion,COD,Tier_2,796.64,49.56,0,0,Delivered,,0,0,0.0,0.0,0.0,0.0
ORD_0000370,CUST_02574,2023-02-27 16:00:00,Beauty,Prepaid,Tier_3,2556.89,40.62,0,0,Delivered,,0,0,0.0,0.0,0.0,0.0
ORD_0003215,CUST_02718,2023-02-27 17:00:00,Beauty,COD,Tier_3,1232.5,1.32,1,0,RTO,,1,0,0.0,0.0,0.0,0.0
ORD_0003773,CUST_03517,2023-02-27 20:00:00,Electronics,COD,Tier_1,1798.46,25.17,0,0,Delivered,,0,1,1.0,0.0,1.0,0.0
ORD_0004417,CUST_00165,2023-02-27 20:00:00,Home,Prepaid,Tier_2,738.08,24.55,0,0,Delivered,,0,0,0.0,0.0,0.0,0.0
ORD_0006503,CUST_03852,2023-02-27 20:00:00,Fashion,COD,Tier_1,973.15,37.85,1,0,RTO,,1,1,0.0,0.0,0.0,0.0
ORD_0000154,CUST_05573,2023-02-27 22:00:00,Fashion,Prepaid,Tier_2,3770.94,0.8,0,1,Returned,Changed Mind,1,0,0.0,0.0,0.0,0.0
ORD_0003325,CUST_04062,2023-02-27 23:00:00,Footwear,COD,Tier_2,551.88,16.18,0,1,Returned,Changed Mind,1,0,0.0,0.0,0.0,0.0
ORD_0009107,CUST_03314,2023-02-27 23:00:00,Footwear,Prepaid,Tier_3,1514.05,48.01,0,0,Delivered,,0,0,0.0,0.0,0.0,0.0
ORD_0004172,CUST_05164,2023-02-27 23:00:00,Fashion,COD,Tier_1,750.28,35.8,0,0,Delivered,,0,0,0.0,0.0,0.0,0.0
ORD_0003932,CUST_05980,2023-02-28 01:00:00,Fashion,COD,Tier_2,2174.62,19.03,0,1,Returned,Wrong Size,1,0,0.0,0.0,0.0,0.0
ORD_0003277,CUST_03677,2023-02-28 02:00:00,Home,COD,Tier_1,1717.99,38.35,0,0,Delivered,,0,1,0.0,0.0,0.0,0.0
ORD_0005377,CUST_05773,2023-02-28 03:00:00,Fashion,COD,Tier_2,2333.48,9.93,0,1,Returned,Changed Mind,1,0,0.0,0.0,0.0,0.0
ORD_0009230,CUST_00696,2023-02-28 03:00:00,Home,COD,Tier_1,1023.1,25.69,0,0,Delivered,,0,0,0.0,0.0,0.0,0.0
ORD_0002950,CUST_00500,2023-02-28 03:00:00,Footwear,COD,Tier_1,1453.73,30.14,0,0,Delivered,,0,1,1.0,0.0,1.0,0.0
ORD_0009265,CUST_02753,2023-02-28 05:00:00,Fashion,COD,Tier_2,3962.45,15.09,0,0,Delivered,,0,0,0.0,0.0,0.0,0.0
ORD_0008238,CUST_05605,2023-02-28 05:00:00,Beauty,COD,Tier_3,5005.26,14.88,0,0,Delivered,,0,0,0.0,0.0,0.0,0.0
ORD_0005492,CUST_05136,2023-02-28 06:00:00,Footwear,COD,Tier_1,2956.65,11.41,0,1,Returned,Changed Mind,1,0,0.0,0.0,0.0,0.0
ORD_0001635,CUST_03516,2023-02-28 08:00:00,Electronics,COD,Tier_2,1893.08,9.71,0,0,Delivered,,0,0,0.0,0.0,0.0,0.0
ORD_0000041,CUST_00838,2023-02-28 09:00:00,Electronics,Prepaid,Tier_1,2866.76,45.55,0,0,Delivered,,0,0,0.0,0.0,0.0,0.0
ORD_0009066,CUST_05523,2023-02-28 09:00:00,Fashion,Prepaid,Tier_2,446.23,33.17,0,0,Delivered,,0,0,0.0,0.0,0.0,0.0
ORD_0008440,CUST_04700,2023-02-28 10:00:00,Fashion,COD,Tier_2,2543.39,41.64,0,1,Returned,Changed Mind,1,2,0.0,0.0,0.0,0.0
ORD_0007867,CUST_00089,2023-02-28 10:00:00,Beauty,COD,Tier_3,1215.26,6.93,1,0,RTO,,1,0,0.0,0.0,0.0,0.0
ORD_0009941,CUST_05668,2023-02-28 10:00:00,Footwear,COD,Tier_2,382.08,27.06,1,0,RTO,,1,1,0.0,0.0,0.0,0.0
ORD_0005695,CUST_03868,2023-02-28 11:00:00,Fashion,COD,Tier_1,810.45,32.32,0,0,Delivered,,0,1,0.0,1.0,0.0,1.0
ORD_0003829,CUST_03625,2023-02-28 11:00:00,Footwear,COD,Tier_1,4827.47,36.15,0,0,Delivered,,0,0,0.0,0.0,0.0,0.0
ORD_0002931,CUST_04128,2023-02-28 12:00:00,Electronics,Prepaid,Tier_2,2613.02,12.38,0,0,Delivered,,0,0,0.0,0.0,0.0,0.0
ORD_0004635,CUST_05971,2023-02-28 12:00:00,Beauty,COD,Tier_1,1404.7,10.32,0,0,Delivered,,0,1,0.0,0.0,0.0,0.0
ORD_0007177,CUST_04569,2023-02-28 14:00:00,Beauty,COD,Tier_2,383.14,20.79,0,0,Delivered,,0,0,0.0,0.0,0.0,0.0
ORD_0003811,CUST_05548,2023-02-28 15:00:00,Beauty,COD,Tier_3,1413.16,13.4,0,0,Delivered,,0,0,0.0,0.0,0.0,0.0
ORD_0008894,CUST_00106,2023-02-28 18:00:00,Fashion,Prepaid,Tier_1,1044.86,37.89,0,1,Returned,Changed Mind,1,0,0.0,0.0,0.0,0.0
ORD_0004033,CUST_00708,2023-02-28 20:00:00,Home,COD,Tier_2,533.5,28.16,0,1,Returned,Changed Mind,1,0,0.0,0.0,0.0,0.0
ORD_0009610,CUST_02319,2023-02-28 20:00:00,Fashion,COD,Tier_1,2225.0,3.97,0,0,Delivered,,0,1,0.0,0.0,0.0,0.0
ORD_0001376,CUST_02418,2023-02-28 21:00:00,Home,COD,Tier_1,1619.67,6.5,0,1,Returned,Wrong Size,1,1,0.0,0.0,0.0,0.0
ORD_0004930,CUST_01872,2023-02-28 21:00:00,Fashion,COD,Tier_2,1218.99,31.0,0,1,Returned,Wrong Size,1,0,0.0,0.0,0.0,0.0
ORD_0004561,CUST_02620,2023-02-28 22:00:00,Fashion,COD,Tier_2,6532.71,0.18,0,0,Delivered,,0,0,0.0,0.0,0.0,0.0
ORD_0000866,CUST_05745,2023-02-28 23:00:00,Electronics,COD,Tier_2,3240.29,19.13,0,0,Delivered,,0,1,0.0,0.0,0.0,0.0
ORD_0008927,CUST_05662,2023-03-01 00:00:00,Beauty,COD,Tier_3,685.19,30.9,0,0,Delivered,,0,0,0.0,0.0,0.0,0.0
ORD_0004279,CUST_05763,2023-03-01 00:00:00,Electronics,COD,Tier_3,3164.28,14.27,0,0,Delivered,,0,0,0.0,0.0,0.0,0.0
ORD_0002446,CUST_02891,2023-03-01 01:00:00,Footwear,COD,Tier_2,1928.16,7.46,1,0,RTO,,1,0,0.0,0.0,0.0,0.0
ORD_0008852,CUST_00480,2023-03-01 01:00:00,Electronics,COD,Tier_1,925.59,43.62,0,1,Returned,Not as Expected,1,0,0.0,0.0,0.0,0.0
ORD_0000300,CUST_05343,2023-03-01 01:00:00,Fashion,COD,Tier_2,458.57,18.17,0,0,Delivered,,0,0,0.0,0.0,0.0,0.0
ORD_0003723,CUST_01785,2023-03-01 01:00:00,Fashion,COD,Tier_2,2511.65,16.16,0,0,Delivered,,0,0,0.0,0.0,0.0,0.0
ORD_0000177,CUST_05235,2023-03-01 02:00:00,Fashion,COD,Tier_1,953.3,0.31,1,0,RTO,,1,0,0.0,0.0,0.0,0.0
ORD_0002249,CUST_05013,2023-03-01 03:00:00,Fashion,COD,Tier_3,500.22,1.29,0,0,Delivered,,0,0,0.0,0.0,0.0,0.0
ORD_0009026,CUST_04213,2023-03-01 03:00:00,Fashion,COD,Tier_3,335.12,46.8,1,0,RTO,,1,0,0.0,0.0,0.0,0.0
ORD_0007174,CUST_04407,2023-03-01 04:00:00,Footwear,COD,Tier_2,512.09,11.55,0,0,Delivered,,0,0,0.0,0.0,0.0,0.0
ORD_0008138,CUST_00743,2023-03-01 04:00:00,Fashion,COD,Tier_2,3179.15,32.77,0,0,Delivered,,0,0,0.0,0.0,0.0,0.0
ORD_0002938,CUST_04899,2023-03-01 04:00:00,Footwear,COD,Tier_2,380.48,44.31,0,0,Delivered,,0,0,0.0,0.0,0.0,0.0
ORD_0000237,CUST_04821,2023-03-01 04:00:00,Footwear,COD,Tier_1,901.36,36.24,0,0,Delivered,,0,0,0.0,0.0,0.0,0.0
ORD_0007204,CUST_01473,2023-03-01 06:00:00,Fashion,COD,Tier_2,1974.84,29.83,0,1,Returned,Changed Mind,1,0,0.0,0.0,0.0,0.0
ORD_0001910,CUST_02537,2023-03-01 07:00:00,Home,Prepaid,Tier_3,797.88,30.03,1,0,RTO,,1,0,0.0,0.0,0.0,0.0
ORD_0006714,CUST_03157,2023-03-01 08:00:00,Fashion,COD,Tier_3,813.57,32.96,1,0,RTO,,1,0,0.0,0.0,0.0,0.0
ORD_0006485,CUST_04044,2023-03-01 10:00:00,Fashion,COD,Tier_3,351.68,34.39,0,0,Delivered,,0,0,0.0,0.0,0.0,0.0
ORD_0001036,CUST_00585,2023-03-01 10:00:00,Fashion,COD,Tier_1,5295.8,5.38,0,0,Delivered,,0,0,0.0,0.0,0.0,0.0
ORD_0001648,CUST_01478,2023-03-01 12:00:00,Fashion,Prepaid,Tier_1,1367.02,15.31,0,0,Delivered,,0,2,2.0,0.0,1.0,0.0
ORD_0007734,CUST_04672,2023-03-01 16:00:00,Fashion,COD,Tier_2,1635.76,35.16,1,0,RTO,,1,0,0.0,0.0,0.0,0.0
ORD_0009164,CUST_00295,2023-03-01 16:00:00,Footwear,COD,Tier_2,374.98,17.5,0,0,Delivered,,0,0,0.0,0.0,0.0,0.0
ORD_0000975,CUST_04572,2023-03-01 17:00:00,Home,Prepaid,Tier_3,2348.91,13.79,1,0,RTO,,1,2,0.0,0.0,0.0,0.0
ORD_0009638,CUST_01739,2023-03-01 18:00:00,Fashion,COD,Tier_3,1042.32,40.4,1,0,RTO,,1,0,0.0,0.0,0.0,0.0
ORD_0006759,CUST_04614,2023-03-01 18:00:00,Footwear,COD,Tier_2,541.48,8.96,1,0,RTO,,1,0,0.0,0.0,0.0,0.0
ORD_0000263,CUST_03335,2023-03-01 19:00:00,Beauty,COD,Tier_3,2303.55,33.11,0,1,Returned,Not as Expected,1,0,0.0,0.0,0.0,0.0
ORD_0002691,CUST_01435,2023-03-01 20:00:00,Fashion,Prepaid,Tier_1,914.59,3.75,0,0,Delivered,,0,0,0.0,0.0,0.0,0.0
ORD_0002812,CUST_01657,2023-03-01 21:00:00,Fashion,Prepaid,Tier_2,556.01,23.62,0,1,Returned,Wrong Size,1,0,0.0,0.0,0.0,0.0
ORD_0004995,CUST_04989,2023-03-01 22:00:00,Electronics,COD,Tier_3,3790.12,7.27,0,0,Delivered,,0,1,0.0,0.0,0.0,0.0
ORD_0003977,CUST_03729,2023-03-01 22:00:00,Fashion,COD,Tier_2,514.37,48.86,0,0,Delivered,,0,0,0.0,0.0,0.0,0.0
ORD_0009228,CUST_02557,2023-03-02 01:00:00,Beauty,COD,Tier_1,1774.6,23.78,0,0,Delivered,,0,0,0.0,0.0,0.0,0.0
ORD_0000239,CUST_00059,2023-03-02 02:00:00,Electronics,COD,Tier_2,2774.56,12.85,0,0,Delivered,,0,0,0.0,0.0,0.0,0.0
ORD_0004014,CUST_02621,2023-03-02 02:00:00,Electronics,COD,Tier_1,671.48,45.31,0,0,Delivered,,0,0,0.0,0.0,0.0,0.0
ORD_0005316,CUST_04675,2023-03-02 03:00:00,Beauty,COD,Tier_2,2214.67,0.01,0,0,Delivered,,0,1,0.0,0.0,0.0,0.0
ORD_0009398,CUST_04929,2023-03-02 04:00:00,Fashion,Prepaid,Tier_1,6237.78,7.75,0,0,Delivered,,0,0,0.0,0.0,0.0,0.0
ORD_0003162,CUST_05324,2023-03-02 04:00:00,Beauty,COD,Tier_3,1119.36,44.05,0,0,Delivered,,0,1,0.0,0.0,0.0,0.0
ORD_0004214,CUST_05303,2023-03-02 07:00:00,Home,COD,Tier_2,2937.28,11.45,0,0,Delivered,,0,0,0.0,0.0,0.0,0.0
ORD_0004530,CUST_01931,2023-03-02 08:00:00,Fashion,Prepaid,Tier_1,1328.46,36.82,0,0,Delivered,,0,0,0.0,0.0,0.0,0.0
ORD_0009317,CUST_04222,2023-03-02 09:00:00,Electronics,Prepaid,Tier_3,337.67,40.36,0,0,Delivered,,0,0,0.0,0.0,0.0,0.0
ORD_0005740,CUST_04243,2023-03-02 09:00:00,Footwear,COD,Tier_1,1620.01,18.18,0,1,Returned,Not as Expected,1,0,0.0,0.0,0.0,0.0
ORD_0005301,CUST_01087,2023-03-02 09:00:00,Electronics,Prepaid,Tier_3,1808.31,36.02,0,0,Delivered,,0,0,0.0,0.0,0.0,0.0
ORD_0007399,CUST_03397,2023-03-02 12:00:00,Fashion,COD,Tier_1,933.87,7.76,0,0,Delivered,,0,0,0.0,0.0,0.0,0.0
ORD_0007254,CUST_01466,2023-03-02 12:00:00,Footwear,COD,Tier_2,798.52,16.07,0,0,Delivered,,0,0,0.0,0.0,0.0,0.0
ORD_0000710,CUST_04942,2023-03-02 12:00:00,Footwear,COD,Tier_1,757.27,9.31,0,0,Delivered,,0,2,0.0,1.0,0.0,0.5
ORD_0007095,CUST_02243,2023-03-02 14:00:00,Footwear,Prepaid,Tier_3,641.05,39.15,0,0,Delivered,,0,0,0.0,0.0,0.0,0.0
ORD_0003393,CUST_05860,2023-03-02 15:00:00,Fashion,COD,Tier_1,1581.85,40.7,0,0,Delivered,,0,0,0.0,0.0,0.0,0.0
ORD_0001886,CUST_04571,2023-03-02 15:00:00,Fashion,Prepaid,Tier_3,2551.62,30.0,1,0,RTO,,1,0,0.0,0.0,0.0,0.0
ORD_0007943,CUST_02827,2023-03-02 16:00:00,Footwear,COD,Tier_3,3021.98,17.11,0,0,Delivered,,0,0,0.0,0.0,0.0,0.0
ORD_0005373,CUST_05084,2023-03-02 19:00:00,Footwear,COD,Tier_1,6392.98,2.65,0,0,Delivered,,0,0,0.0,0.0,0.0,0.0
ORD_0004543,CUST_01208,2023-03-02 19:00:00,Home,COD,Tier_3,1752.34,36.34,1,0,RTO,,1,1,1.0,0.0,1.0,0.0
ORD_0004101,CUST_02139,2023-03-02 22:00:00,Fashion,COD,Tier_2,902.78,49.75,0,0,Delivered,,0,0,0.0,0.0,0.0,0.0
ORD_0000209,CUST_01353,2023-03-02 22:00:00,Fashion,COD,Tier_1,875.18,26.38,1,0,RTO,,1,0,0.0,0.0,0.0,0.0
ORD_0002036,CUST_03675,2023-03-03 01:00:00,Fashion,COD,Tier_2,568.42,2.67,0,1,Returned,Defective,1,0,0.0,0.0,0.0,0.0
ORD_0001045,CUST_03840,2023-03-03 01:00:00,Footwear,Prepaid,Tier_2,1020.68,6.39,0,0,Delivered,,0,0,0.0,0.0,0.0,0.0
ORD_0001968,CUST_01917,2023-03-03 02:00:00,Fashion,COD,Tier_1,3968.13,1.49,1,0,RTO,,1,0,0.0,0.0,0.0,0.0
ORD_0007846,CUST_03809,2023-03-03 02:00:00,Electronics,COD,Tier_3,901.61,8.78,0,1,Returned,Changed Mind,1,0,0.0,0.0,0.0,0.0
ORD_0000703,CUST_00049,2023-03-03 03:00:00,Fashion,COD,Tier_2,1153.0,16.21,0,0,Delivered,,0,1,1.0,0.0,1.0,0.0
ORD_0005303,CUST_05326,2023-03-03 03:00:00,Electronics,COD,Tier_1,2398.17,22.65,1,0,RTO,,1,0,0.0,0.0,0.0,0.0
ORD_0003401,CUST_03284,2023-03-03 04:00:00,Footwear,COD,Tier_3,2686.89,9.81,0,0,Delivered,,0,1,0.0,0.0,0.0,0.0
ORD_0007578,CUST_04429,2023-03-03 05:00:00,Footwear,COD,Tier_3,1329.59,4.65,0,0,Delivered,,0,1,0.0,0.0,0.0,0.0
ORD_0005407,CUST_02708,2023-03-03 05:00:00,Electronics,COD,Tier_3,594.31,42.37,0,0,Delivered,,0,1,1.0,0.0,1.0,0.0
ORD_0003202,CUST_04809,2023-03-03 06:00:00,Fashion,Prepaid,Tier_3,1939.08,43.13,0,0,Delivered,,0,0,0.0,0.0,0.0,0.0
ORD_0008164,CUST_01553,2023-03-03 06:00:00,Fashion,Prepaid,Tier_2,390.28,20.19,0,1,Returned,Defective,1,0,0.0,0.0,0.0,0.0
ORD_0005374,CUST_03630,2023-03-03 06:00:00,Footwear,COD,Tier_2,4412.35,4.19,0,1,Returned,Wrong Size,1,0,0.0,0.0,0.0,0.0
ORD_0006775,CUST_04241,2023-03-03 07:00:00,Fashion,COD,Tier_2,1222.46,44.38,0,1,Returned,Wrong Size,1,0,0.0,0.0,0.0,0.0
ORD_0007004,CUST_04102,2023-03-03 10:00:00,Fashion,COD,Tier_2,1515.05,27.89,0,0,Delivered,,0,0,0.0,0.0,0.0,0.0
ORD_0004571,CUST_04258,2023-03-03 11:00:00,Footwear,Prepaid,Tier_1,1120.83,28.43,0,0,Delivered,,0,0,0.0,0.0,0.0,0.0
ORD_0002469,CUST_04672,2023-03-03 11:00:00,Fashion,Prepaid,Tier_3,3262.54,32.64,0,0,Delivered,,0,1,0.0,1.0,0.0,1.0
ORD_0006689,CUST_04026,2023-03-03 12:00:00,Footwear,COD,Tier_3,1711.66,15.44,1,0,RTO,,1,0,0.0,0.0,0.0,0.0
ORD_0002843,CUST_03244,2023-03-03 12:00:00,Fashion,COD,Tier_2,1192.97,10.21,1,0,RTO,,1,0,0.0,0.0,0.0,0.0
ORD_0009599,CUST_01665,2023-03-03 13:00:00,Footwear,COD,Tier_2,2105.5,49.24,0,0,Delivered,,0,0,0.0,0.0,0.0,0.0
ORD_0001333,CUST_04968,2023-03-03 13:00:00,Footwear,Prepaid,Tier_1,3376.62,44.82,0,0,Delivered,,0,0,0.0,0.0,0.0,0.0
ORD_0005575,CUST_04535,2023-03-03 14:00:00,Fashion,COD,Tier_2,452.0,38.74,0,0,Delivered,,0,0,0.0,0.0,0.0,0.0
ORD_0003861,CUST_01546,2023-03-03 14:00:00,Electronics,COD,Tier_2,3484.9,15.27,1,0,RTO,,1,0,0.0,0.0,0.0,0.0
ORD_0005879,CUST_04914,2023-03-03 14:00:00,Footwear,COD,Tier_3,930.47,30.2,0,1,Returned,Wrong Size,1,0,0.0,0.0,0.0,0.0
ORD_0005974,CUST_00822,2023-03-03 17:00:00,Fashion,Prepaid,Tier_3,587.7,26.23,0,0,Delivered,,0,0,0.0,0.0,0.0,0.0
ORD_0007507,CUST_03961,2023-03-03 18:00:00,Home,COD,Tier_1,385.18,19.11,0,1,Returned,Wrong Size,1,0,0.0,0.0,0.0,0.0
ORD_0004428,CUST_04482,2023-03-03 19:00:00,Home,COD,Tier_2,1526.95,16.93,0,0,Delivered,,0,0,0.0,0.0,0.0,0.0
ORD_0007387,CUST_01907,2023-03-03 19:00:00,Fashion,COD,Tier_2,3490.09,19.07,0,0,Delivered,,0,1,0.0,0.0,0.0,0.0
ORD_0000242,CUST_05170,2023-03-03 21:00:00,Home,COD,Tier_1,770.4,30.35,0,0,Delivered,,0,0,0.0,0.0,0.0,0.0
ORD_0004538,CUST_04680,2023-03-03 21:00:00,Fashion,COD,Tier_2,8567.74,3.39,0,0,Delivered,,0,0,0.0,0.0,0.0,0.0
ORD_0005682,CUST_04155,2023-03-03 21:00:00,Fashion,COD,Tier_2,853.57,38.88,0,0,Delivered,,0,0,0.0,0.0,0.0,0.0
ORD_0005783,CUST_00632,2023-03-03 21:00:00,Fashion,COD,Tier_1,908.62,36.63,1,0,RTO,,1,0,0.0,0.0,0.0,0.0
ORD_0005387,CUST_02410,2023-03-03 22:00:00,Fashion,COD,Tier_1,3150.11,23.58,0,0,Delivered,,0,1,0.0,1.0,0.0,1.0
ORD_0009294,CUST_02760,2023-03-04 00:00:00,Fashion,COD,Tier_1,814.71,31.49,0,0,Delivered,,0,0,0.0,0.0,0.0,0.0
ORD_0006725,CUST_03402,2023-03-04 01:00:00,Fashion,COD,Tier_2,4473.23,45.88,0,0,Delivered,,0,0,0.0,0.0,0.0,0.0
ORD_0004690,CUST_01340,2023-03-04 03:00:00,Footwear,Prepaid,Tier_2,1302.68,48.38,0,0,Delivered,,0,0,0.0,0.0,0.0,0.0
ORD_0001582,CUST_05977,2023-03-04 03:00:00,Home,COD,Tier_1,2966.1,30.61,0,1,Returned,Not as Expected,1,0,0.0,0.0,0.0,0.0
ORD_0002582,CUST_01699,2023-03-04 04:00:00,Footwear,COD,Tier_2,1100.54,26.73,0,1,Returned,Not as Expected,1,0,0.0,0.0,0.0,0.0
ORD_0000001,CUST_00913,2023-03-04 04:00:00,Home,COD,Tier_3,775.22,1.66,0,0,Delivered,,0,0,0.0,0.0,0.0,0.0
ORD_0009995,CUST_01650,2023-03-04 04:00:00,Electronics,Prepaid,Tier_2,1446.74,8.71,0,0,Delivered,,0,0,0.0,0.0,0.0,0.0
ORD_0006418,CUST_02400,2023-03-04 05:00:00,Fashion,COD,Tier_3,575.75,48.98,0,0,Delivered,,0,0,0.0,0.0,0.0,0.0
ORD_0000130,CUST_03272,2023-03-04 05:00:00,Electronics,Prepaid,Tier_1,1503.37,30.09,0,0,Delivered,,0,0,0.0,0.0,0.0,0.0
ORD_0004932,CUST_05957,2023-03-04 05:00:00,Fashion,COD,Tier_2,769.4,45.43,0,0,Delivered,,0,1,0.0,0.0,0.0,0.0
ORD_0005213,CUST_05752,2023-03-04 07:00:00,Footwear,COD,Tier_3,2714.14,43.61,0,0,Delivered,,0,0,0.0,0.0,0.0,0.0
ORD_0009075,CUST_00697,2023-03-04 07:00:00,Electronics,Prepaid,Tier_2,764.73,29.4,0,0,Delivered,,0,0,0.0,0.0,0.0,0.0
ORD_0007482,CUST_02225,2023-03-04 09:00:00,Electronics,Prepaid,Tier_1,627.31,24.53,1,0,RTO,,1,0,0.0,0.0,0.0,0.0
ORD_0008243,CUST_01747,2023-03-04 12:00:00,Fashion,COD,Tier_3,12901.98,29.68,0,0,Delivered,,0,0,0.0,0.0,0.0,0.0
ORD_0002619,CUST_02858,2023-03-04 12:00:00,Home,COD,Tier_1,1815.23,23.53,0,0,Delivered,,0,0,0.0,0.0,0.0,0.0
ORD_0003454,CUST_00857,2023-03-04 14:00:00,Fashion,Prepaid,Tier_1,1595.29,37.27,0,1,Returned,Defective,1,0,0.0,0.0,0.0,0.0
ORD_0007073,CUST_03524,2023-03-04 14:00:00,Fashion,COD,Tier_3,1791.89,29.69,0,0,Delivered,,0,0,0.0,0.0,0.0,0.0
ORD_0008173,CUST_03185,2023-03-04 15:00:00,Fashion,COD,Tier_1,876.97,27.27,0,0,Delivered,,0,0,0.0,0.0,0.0,0.0
ORD_0004760,CUST_02140,2023-03-04 15:00:00,Electronics,COD,Tier_2,967.84,7.41,0,0,Delivered,,0,0,0.0,0.0,0.0,0.0
ORD_0006899,CUST_03524,2023-03-04 16:00:00,Fashion,COD,Tier_3,4135.56,22.61,0,1,Returned,Not as Expected,1,1,0.0,0.0,0.0,0.0
ORD_0005868,CUST_01658,2023-03-04 18:00:00,Beauty,Prepaid,Tier_1,5812.92,21.4,0,0,Delivered,,0,1,0.0,1.0,0.0,1.0
ORD_0009654,CUST_04968,2023-03-04 19:00:00,Fashion,COD,Tier_2,3618.58,1.89,0,0,Delivered,,0,1,0.0,0.0,0.0,0.0
ORD_0001128,CUST_02360,2023-03-04 20:00:00,Electronics,COD,Tier_1,4129.57,2.71,0,0,Delivered,,0,0,0.0,0.0,0.0,0.0
ORD_0008308,CUST_01931,2023-03-04 20:00:00,Fashion,COD,Tier_2,1934.03,16.31,0,0,Delivered,,0,1,0.0,0.0,0.0,0.0
ORD_0002909,CUST_05038,2023-03-04 20:00:00,Footwear,Prepaid,Tier_3,3014.54,19.45,0,0,Delivered,,0,0,0.0,0.0,0.0,0.0
ORD_0002421,CUST_03147,2023-03-04 22:00:00,Home,COD,Tier_2,1549.11,5.37,0,0,Delivered,,0,0,0.0,0.0,0.0,0.0
ORD_0003840,CUST_02577,2023-03-04 22:00:00,Fashion,COD,Tier_2,420.24,25.5,0,0,Delivered,,0,2,1.0,0.0,0.5,0.0
ORD_0000955,CUST_01511,2023-03-04 23:00:00,Fashion,COD,Tier_3,1154.45,17.06,0,0,Delivered,,0,0,0.0,0.0,0.0,0.0
ORD_0001245,CUST_00295,2023-03-04 23:00:00,Beauty,COD,Tier_2,1055.46,20.78,0,0,Delivered,,0,1,0.0,0.0,0.0,0.0
ORD_0000695,CUST_03442,2023-03-05 00:00:00,Electronics,Prepaid,Tier_3,2497.07,19.13,0,0,Delivered,,0,0,0.0,0.0,0.0,0.0
ORD_0005004,CUST_01314,2023-03-05 01:00:00,Footwear,COD,Tier_3,353.03,28.0,1,0,RTO,,1,1,0.0,1.0,0.0,1.0
ORD_0009454,CUST_02974,2023-03-05 01:00:00,Electronics,COD,Tier_3,380.7,49.27,0,0,Delivered,,0,1,0.0,0.0,0.0,0.0
ORD_0008178,CUST_04094,2023-03-05 02:00:00,Fashion,Prepaid,Tier_2,1686.93,40.57,0,0,Delivered,,0,0,0.0,0.0,0.0,0.0
ORD_0005179,CUST_02496,2023-03-05 03:00:00,Fashion,COD,Tier_2,906.13,1.18,1,0,RTO,,1,1,0.0,0.0,0.0,0.0
ORD_0008227,CUST_04875,2023-03-05 03:00:00,Fashion,Prepaid,Tier_3,1566.99,46.08,0,1,Returned,Wrong Size,1,1,0.0,1.0,0.0,1.0
ORD_0001555,CUST_04493,2023-03-05 04:00:00,Beauty,COD,Tier_3,4679.54,34.91,0,0,Delivered,,0,0,0.0,0.0,0.0,0.0
ORD_0002102,CUST_00554,2023-03-05 04:00:00,Footwear,Prepaid,Tier_1,696.9,19.32,0,0,Delivered,,0,0,0.0,0.0,0.0,0.0
ORD_0007655,CUST_02670,2023-03-05 06:00:00,Fashion,COD,Tier_2,743.69,32.65,1,0,RTO,,1,0,0.0,0.0,0.0,0.0
ORD_0003446,CUST_05567,2023-03-05 07:00:00,Home,COD,Tier_2,587.78,9.03,0,0,Delivered,,0,1,1.0,0.0,1.0,0.0
ORD_0006780,CUST_01818,2023-03-05 08:00:00,Footwear,COD,Tier_2,2044.22,14.79,0,1,Returned,Changed Mind,1,0,0.0,0.0,0.0,0.0
ORD_0001268,CUST_02937,2023-03-05 08:00:00,Footwear,COD,Tier_1,5139.39,20.67,0,1,Returned,Changed Mind,1,0,0.0,0.0,0.0,0.0
ORD_0009664,CUST_02479,2023-03-05 08:00:00,Beauty,COD,Tier_1,1742.68,47.67,0,0,Delivered,,0,0,0.0,0.0,0.0,0.0
ORD_0006130,CUST_04088,2023-03-05 09:00:00,Beauty,COD,Tier_3,1425.8,33.27,0,0,Delivered,,0,0,0.0,0.0,0.0,0.0
ORD_0003591,CUST_01599,2023-03-05 12:00:00,Footwear,COD,Tier_2,328.26,4.02,1,0,RTO,,1,0,0.0,0.0,0.0,0.0
ORD_0007953,CUST_02469,2023-03-05 13:00:00,Footwear,COD,Tier_1,625.64,0.55,0,1,Returned,Wrong Size,1,0,0.0,0.0,0.0,0.0
ORD_0009327,CUST_04726,2023-03-05 14:00:00,Electronics,Prepaid,Tier_2,324.78,35.74,0,1,Returned,Defective,1,0,0.0,0.0,0.0,0.0
ORD_0000693,CUST_00511,2023-03-05 15:00:00,Home,COD,Tier_3,741.16,21.37,1,0,RTO,,1,1,0.0,1.0,0.0,1.0
ORD_0007337,CUST_00555,2023-03-05 16:00:00,Beauty,COD,Tier_2,9706.45,10.32,0,0,Delivered,,0,0,0.0,0.0,0.0,0.0
ORD_0002682,CUST_05292,2023-03-05 16:00:00,Fashion,Prepaid,Tier_1,3254.98,0.4,0,0,Delivered,,0,0,0.0,0.0,0.0,0.0
ORD_0003702,CUST_00763,2023-03-05 18:00:00,Fashion,COD,Tier_1,1106.69,14.1,0,1,Returned,Changed Mind,1,2,0.0,0.0,0.0,0.0
ORD_0002825,CUST_04005,2023-03-05 18:00:00,Beauty,COD,Tier_1,1019.49,18.78,0,0,Delivered,,0,1,0.0,0.0,0.0,0.0
ORD_0003062,CUST_05899,2023-03-05 19:00:00,Fashion,Prepaid,Tier_3,512.37,30.74,1,0,RTO,,1,1,0.0,0.0,0.0,0.0
ORD_0003544,CUST_01414,2023-03-05 19:00:00,Home,Prepaid,Tier_2,3763.92,1.69,0,0,Delivered,,0,0,0.0,0.0,0.0,0.0
ORD_0008776,CUST_01703,2023-03-05 19:00:00,Footwear,COD,Tier_2,3094.3,36.04,0,0,Delivered,,0,0,0.0,0.0,0.0,0.0
ORD_0003521,CUST_04399,2023-03-05 20:00:00,Footwear,COD,Tier_2,3106.86,34.88,1,0,RTO,,1,1,0.0,0.0,0.0,0.0
ORD_0003667,CUST_02652,2023-03-05 20:00:00,Fashion,Prepaid,Tier_1,1910.47,39.74,0,0,Delivered,,0,0,0.0,0.0,0.0,0.0
ORD_0001228,CUST_03847,2023-03-05 20:00:00,Fashion,COD,Tier_2,480.49,45.89,0,0,Delivered,,0,1,0.0,0.0,0.0,0.0
ORD_0003429,CUST_03527,2023-03-05 22:00:00,Home,COD,Tier_2,805.84,17.8,0,0,Delivered,,0,0,0.0,0.0,0.0,0.0
ORD_0005640,CUST_04786,2023-03-05 22:00:00,Fashion,COD,Tier_3,2709.28,3.52,0,1,Returned,Wrong Size,1,0,0.0,0.0,0.0,0.0
ORD_0006520,CUST_05456,2023-03-05 23:00:00,Electronics,COD,Tier_3,4899.59,18.67,1,0,RTO,,1,0,0.0,0.0,0.0,0.0
ORD_0006397,CUST_02523,2023-03-06 00:00:00,Fashion,COD,Tier_1,1534.27,16.63,0,0,Delivered,,0,0,0.0,0.0,0.0,0.0
ORD_0009108,CUST_03970,2023-03-06 01:00:00,Beauty,COD,Tier_1,850.68,2.6,0,0,Delivered,,0,0,0.0,0.0,0.0,0.0
ORD_0000105,CUST_00263,2023-03-06 01:00:00,Electronics,COD,Tier_3,1153.69,15.55,0,0,Delivered,,0,0,0.0,0.0,0.0,0.0
ORD_0004815,CUST_02750,2023-03-06 02:00:00,Home,COD,Tier_2,1502.99,28.06,0,0,Delivered,,0,0,0.0,0.0,0.0,0.0
ORD_0008951,CUST_05660,2023-03-06 02:00:00,Fashion,COD,Tier_2,608.15,49.24,0,0,Delivered,,0,0,0.0,0.0,0.0,0.0
ORD_0005748,CUST_02655,2023-03-06 03:00:00,Fashion,COD,Tier_1,1966.25,12.9,0,0,Delivered,,0,0,0.0,0.0,0.0,0.0
ORD_0009870,CUST_03913,2023-03-06 03:00:00,Fashion,COD,Tier_3,991.09,35.18,0,0,Delivered,,0,0,0.0,0.0,0.0,0.0
ORD_0005920,CUST_01549,2023-03-06 05:00:00,Fashion,Prepaid,Tier_1,373.17,19.8,0,0,Delivered,,0,0,0.0,0.0,0.0,0.0
ORD_0009186,CUST_04419,2023-03-06 06:00:00,Footwear,COD,Tier_2,744.91,8.16,1,0,RTO,,1,0,0.0,0.0,0.0,0.0
ORD_0009863,CUST_05303,2023-03-06 06:00:00,Fashion,COD,Tier_1,3986.58,11.29,0,0,Delivered,,0,1,0.0,0.0,0.0,0.0
ORD_0007554,CUST_01291,2023-03-06 08:00:00,Beauty,COD,Tier_2,1042.38,5.94,0,0,Delivered,,0,0,0.0,0.0,0.0,0.0
ORD_0004676,CUST_01015,2023-03-06 09:00:00,Fashion,COD,Tier_2,703.65,8.32,0,0,Delivered,,0,0,0.0,0.0,0.0,0.0
ORD_0001323,CUST_05729,2023-03-06 10:00:00,Footwear,COD,Tier_2,3206.95,36.6,1,0,RTO,,1,1,0.0,0.0,0.0,0.0
ORD_0009139,CUST_05416,2023-03-06 11:00:00,Footwear,COD,Tier_1,2477.02,26.3,0,0,Delivered,,0,0,0.0,0.0,0.0,0.0
ORD_0007244,CUST_04509,2023-03-06 11:00:00,Electronics,COD,Tier_2,433.15,29.02,0,0,Delivered,,0,1,1.0,0.0,1.0,0.0
ORD_0003194,CUST_04449,2023-03-06 11:00:00,Beauty,Prepaid,Tier_2,1637.52,7.76,0,0,Delivered,,0,0,0.0,0.0,0.0,0.0
ORD_0003793,CUST_03460,2023-03-06 12:00:00,Home,COD,Tier_3,1810.2,6.44,0,0,Delivered,,0,0,0.0,0.0,0.0,0.0
ORD_0004008,CUST_03436,2023-03-06 13:00:00,Fashion,Prepaid,Tier_3,743.17,5.28,0,0,Delivered,,0,0,0.0,0.0,0.0,0.0
ORD_0004310,CUST_00488,2023-03-06 13:00:00,Footwear,Prepaid,Tier_3,2544.1,41.96,0,0,Delivered,,0,0,0.0,0.0,0.0,0.0
ORD_0000509,CUST_04174,2023-03-06 17:00:00,Footwear,COD,Tier_3,3097.58,49.13,0,1,Returned,Not as Expected,1,0,0.0,0.0,0.0,0.0
ORD_0000401,CUST_02479,2023-03-06 17:00:00,Home,Prepaid,Tier_3,2205.55,27.44,0,0,Delivered,,0,1,0.0,0.0,0.0,0.0
ORD_0002787,CUST_03728,2023-03-06 19:00:00,Footwear,COD,Tier_1,1419.35,8.68,0,0,Delivered,,0,0,0.0,0.0,0.0,0.0
ORD_0008702,CUST_05994,2023-03-06 19:00:00,Fashion,Prepaid,Tier_3,1682.99,9.07,0,0,Delivered,,0,1,0.0,0.0,0.0,0.0
ORD_0000727,CUST_05098,2023-03-06 21:00:00,Electronics,COD,Tier_2,2050.45,7.01,1,0,RTO,,1,0,0.0,0.0,0.0,0.0
ORD_0000812,CUST_04365,2023-03-06 21:00:00,Electronics,COD,Tier_2,653.97,43.77,0,0,Delivered,,0,0,0.0,0.0,0.0,0.0
ORD_0003169,CUST_03900,2023-03-06 22:00:00,Beauty,COD,Tier_1,438.84,36.62,1,0,RTO,,1,0,0.0,0.0,0.0,0.0
ORD_0008314,CUST_02965,2023-03-07 00:00:00,Fashion,COD,Tier_1,2890.42,31.5,0,0,Delivered,,0,0,0.0,0.0,0.0,0.0
ORD_0005261,CUST_01052,2023-03-07 02:00:00,Footwear,Prepaid,Tier_1,2174.11,22.23,0,0,Delivered,,0,0,0.0,0.0,0.0,0.0
ORD_0003434,CUST_01819,2023-03-07 03:00:00,Footwear,Prepaid,Tier_1,1361.5,42.56,1,0,RTO,,1,0,0.0,0.0,0.0,0.0
ORD_0001122,CUST_03622,2023-03-07 03:00:00,Fashion,Prepaid,Tier_2,2100.27,14.53,0,0,Delivered,,0,0,0.0,0.0,0.0,0.0
ORD_0005925,CUST_04281,2023-03-07 03:00:00,Fashion,COD,Tier_3,449.66,35.84,0,0,Delivered,,0,2,0.0,0.0,0.0,0.0
ORD_0003129,CUST_02251,2023-03-07 04:00:00,Fashion,COD,Tier_2,2443.76,28.47,0,0,Delivered,,0,1,0.0,1.0,0.0,1.0
ORD_0005067,CUST_05652,2023-03-07 05:00:00,Fashion,COD,Tier_1,2204.93,8.58,0,0,Delivered,,0,0,0.0,0.0,0.0,0.0
ORD_0005712,CUST_05429,2023-03-07 05:00:00,Fashion,Prepaid,Tier_3,465.98,43.38,0,0,Delivered,,0,0,0.0,0.0,0.0,0.0
ORD_0000425,CUST_05196,2023-03-07 06:00:00,Beauty,COD,Tier_2,2934.67,8.34,0,0,Delivered,,0,0,0.0,0.0,0.0,0.0
ORD_0009778,CUST_03720,2023-03-07 06:00:00,Fashion,Prepaid,Tier_1,4446.72,32.51,0,0,Delivered,,0,2,1.0,0.0,0.5,0.0
ORD_0009591,CUST_04308,2023-03-07 07:00:00,Beauty,Prepaid,Tier_1,913.66,32.99,0,0,Delivered,,0,1,0.0,0.0,0.0,0.0
ORD_0007382,CUST_05177,2023-03-07 07:00:00,Beauty,Prepaid,Tier_1,2180.18,34.5,0,0,Delivered,,0,0,0.0,0.0,0.0,0.0
ORD_0004652,CUST_05813,2023-03-07 07:00:00,Home,COD,Tier_2,4837.4,11.41,0,0,Delivered,,0,0,0.0,0.0,0.0,0.0
ORD_0005897,CUST_00356,2023-03-07 08:00:00,Electronics,COD,Tier_2,1370.51,17.21,0,0,Delivered,,0,0,0.0,0.0,0.0,0.0
ORD_0009347,CUST_01233,2023-03-07 08:00:00,Home,Prepaid,Tier_2,2609.44,10.73,0,0,Delivered,,0,0,0.0,0.0,0.0,0.0
ORD_0008597,CUST_02841,2023-03-07 09:00:00,Footwear,Prepaid,Tier_2,752.19,48.86,0,0,Delivered,,0,0,0.0,0.0,0.0,0.0
ORD_0006336,CUST_03253,2023-03-07 09:00:00,Home,COD,Tier_2,2604.47,0.92,0,0,Delivered,,0,0,0.0,0.0,0.0,0.0
ORD_0007593,CUST_05773,2023-03-07 10:00:00,Fashion,Prepaid,Tier_1,2279.23,29.32,0,0,Delivered,,0,1,1.0,0.0,1.0,0.0
ORD_0007066,CUST_01658,2023-03-07 12:00:00,Fashion,Prepaid,Tier_2,903.17,29.85,0,1,Returned,Wrong Size,1,2,0.0,1.0,0.0,0.5
ORD_0007384,CUST_04035,2023-03-07 13:00:00,Footwear,COD,Tier_2,4648.33,41.17,0,0,Delivered,,0,0,0.0,0.0,0.0,0.0
ORD_0004336,CUST_02600,2023-03-07 13:00:00,Home,COD,Tier_1,3384.23,44.95,1,0,RTO,,1,0,0.0,0.0,0.0,0.0
ORD_0004573,CUST_00102,2023-03-07 14:00:00,Home,Prepaid,Tier_3,3391.98,21.13,0,0,Delivered,,0,3,0.0,1.0,0.0,0.3333333333333333
ORD_0007787,CUST_00096,2023-03-07 15:00:00,Fashion,COD,Tier_3,3802.47,23.21,0,0,Delivered,,0,0,0.0,0.0,0.0,0.0
ORD_0004152,CUST_01425,2023-03-07 15:00:00,Footwear,COD,Tier_3,2578.17,7.03,1,0,RTO,,1,0,0.0,0.0,0.0,0.0
ORD_0007876,CUST_02414,2023-03-07 15:00:00,Fashion,Prepaid,Tier_2,1333.98,1.25,0,1,Returned,Changed Mind,1,0,0.0,0.0,0.0,0.0
ORD_0009308,CUST_03547,2023-03-07 17:00:00,Footwear,COD,Tier_3,1528.62,12.68,0,0,Delivered,,0,1,0.0,0.0,0.0,0.0
ORD_0005348,CUST_00840,2023-03-07 18:00:00,Electronics,COD,Tier_3,2752.19,1.43,0,0,Delivered,,0,1,0.0,0.0,0.0,0.0
ORD_0006468,CUST_01247,2023-03-07 19:00:00,Footwear,COD,Tier_2,4315.38,8.87,0,0,Delivered,,0,1,0.0,0.0,0.0,0.0
ORD_0006978,CUST_05364,2023-03-07 21:00:00,Fashion,Prepaid,Tier_3,2479.2,49.28,0,0,Delivered,,0,1,0.0,0.0,0.0,0.0
ORD_0002015,CUST_03064,2023-03-07 21:00:00,Home,COD,Tier_3,1126.11,37.52,0,1,Returned,Changed Mind,1,0,0.0,0.0,0.0,0.0
ORD_0007649,CUST_01044,2023-03-07 22:00:00,Footwear,COD,Tier_2,309.88,14.7,0,1,Returned,Wrong Size,1,0,0.0,0.0,0.0,0.0
ORD_0000713,CUST_01798,2023-03-07 22:00:00,Home,Prepaid,Tier_1,3566.45,31.9,0,0,Delivered,,0,0,0.0,0.0,0.0,0.0
ORD_0000613,CUST_05008,2023-03-07 23:00:00,Footwear,COD,Tier_1,1924.01,42.36,0,1,Returned,Not as Expected,1,0,0.0,0.0,0.0,0.0
ORD_0007759,CUST_01928,2023-03-07 23:00:00,Fashion,COD,Tier_2,3159.12,33.11,0,1,Returned,Wrong Size,1,0,0.0,0.0,0.0,0.0
ORD_0002774,CUST_05764,2023-03-08 01:00:00,Fashion,COD,Tier_1,1527.55,39.5,0,1,Returned,Changed Mind,1,0,0.0,0.0,0.0,0.0
ORD_0003256,CUST_02196,2023-03-08 01:00:00,Fashion,COD,Tier_3,1369.34,38.4,0,0,Delivered,,0,0,0.0,0.0,0.0,0.0
ORD_0006603,CUST_04447,2023-03-08 05:00:00,Home,Prepaid,Tier_2,1008.86,44.86,0,0,Delivered,,0,0,0.0,0.0,0.0,0.0
ORD_0004388,CUST_05679,2023-03-08 06:00:00,Footwear,COD,Tier_1,908.98,47.92,1,0,RTO,,1,0,0.0,0.0,0.0,0.0
ORD_0005066,CUST_03160,2023-03-08 11:00:00,Beauty,COD,Tier_3,616.25,44.72,0,0,Delivered,,0,0,0.0,0.0,0.0,0.0
ORD_0000575,CUST_03327,2023-03-08 12:00:00,Fashion,COD,Tier_3,6169.62,12.32,0,0,Delivered,,0,0,0.0,0.0,0.0,0.0
ORD_0000529,CUST_04190,2023-03-08 13:00:00,Footwear,COD,Tier_1,351.69,37.51,0,0,Delivered,,0,0,0.0,0.0,0.0,0.0
ORD_0000026,CUST_04465,2023-03-08 13:00:00,Home,COD,Tier_2,694.8,27.92,0,1,Returned,Changed Mind,1,0,0.0,0.0,0.0,0.0
ORD_0008596,CUST_03883,2023-03-08 14:00:00,Home,COD,Tier_2,314.9,15.52,0,0,Delivered,,0,0,0.0,0.0,0.0,0.0
ORD_0000917,CUST_01517,2023-03-08 14:00:00,Footwear,Prepaid,Tier_2,650.14,22.81,0,0,Delivered,,0,0,0.0,0.0,0.0,0.0
ORD_0004370,CUST_02713,2023-03-08 14:00:00,Footwear,COD,Tier_2,726.95,9.27,0,0,Delivered,,0,1,1.0,0.0,1.0,0.0
ORD_0007092,CUST_02486,2023-03-08 16:00:00,Beauty,Prepaid,Tier_1,3727.44,7.12,0,0,Delivered,,0,0,0.0,0.0,0.0,0.0
ORD_0005711,CUST_00087,2023-03-08 16:00:00,Footwear,COD,Tier_2,2001.29,20.19,0,0,Delivered,,0,1,0.0,0.0,0.0,0.0
ORD_0009872,CUST_01218,2023-03-08 18:00:00,Fashion,Prepaid,Tier_1,1116.89,22.1,0,0,Delivered,,0,3,0.0,1.0,0.0,0.3333333333333333
ORD_0002374,CUST_05235,2023-03-08 18:00:00,Beauty,COD,Tier_1,2428.04,28.39,0,0,Delivered,,0,1,0.0,1.0,0.0,1.0
ORD_0002185,CUST_03637,2023-03-08 20:00:00,Beauty,COD,Tier_2,2936.32,10.64,1,0,RTO,,1,2,0.0,0.0,0.0,0.0
ORD_0007699,CUST_01444,2023-03-08 20:00:00,Beauty,COD,Tier_1,722.39,48.64,0,0,Delivered,,0,0,0.0,0.0,0.0,0.0
ORD_0000261,CUST_01991,2023-03-08 20:00:00,Fashion,COD,Tier_2,6824.46,14.78,0,0,Delivered,,0,0,0.0,0.0,0.0,0.0
ORD_0004585,CUST_04774,2023-03-08 20:00:00,Fashion,COD,Tier_3,836.31,44.23,1,0,RTO,,1,1,0.0,1.0,0.0,1.0
ORD_0000994,CUST_01703,2023-03-08 21:00:00,Footwear,COD,Tier_2,413.15,25.08,0,0,Delivered,,0,1,0.0,0.0,0.0,0.0
ORD_0000510,CUST_03275,2023-03-08 22:00:00,Home,COD,Tier_2,3851.09,37.84,0,0,Delivered,,0,0,0.0,0.0,0.0,0.0
ORD_0006723,CUST_04575,2023-03-08 23:00:00,Electronics,Prepaid,Tier_3,909.85,10.37,0,0,Delivered,,0,0,0.0,0.0,0.0,0.0
ORD_0002576,CUST_03864,2023-03-08 23:00:00,Fashion,Prepaid,Tier_2,1196.51,29.27,0,0,Delivered,,0,0,0.0,0.0,0.0,0.0
ORD_0001547,CUST_04984,2023-03-09 00:00:00,Fashion,Prepaid,Tier_2,3996.92,41.55,0,0,Delivered,,0,0,0.0,0.0,0.0,0.0
ORD_0001625,CUST_03951,2023-03-09 00:00:00,Footwear,COD,Tier_3,1085.87,10.62,0,1,Returned,Not as Expected,1,0,0.0,0.0,0.0,0.0
ORD_0008910,CUST_05026,2023-03-09 02:00:00,Electronics,COD,Tier_3,592.02,35.6,0,0,Delivered,,0,0,0.0,0.0,0.0,0.0
ORD_0008811,CUST_00021,2023-03-09 03:00:00,Footwear,Prepaid,Tier_2,2058.43,19.28,1,0,RTO,,1,0,0.0,0.0,0.0,0.0
ORD_0007609,CUST_03815,2023-03-09 03:00:00,Home,Prepaid,Tier_2,454.56,14.29,0,0,Delivered,,0,0,0.0,0.0,0.0,0.0
ORD_0003882,CUST_03448,2023-03-09 04:00:00,Electronics,COD,Tier_2,464.84,14.81,0,0,Delivered,,0,0,0.0,0.0,0.0,0.0
ORD_0007778,CUST_04551,2023-03-09 04:00:00,Electronics,Prepaid,Tier_2,2985.69,22.28,0,0,Delivered,,0,0,0.0,0.0,0.0,0.0
ORD_0006012,CUST_01436,2023-03-09 04:00:00,Fashion,COD,Tier_2,2563.62,46.79,1,0,RTO,,1,1,0.0,1.0,0.0,1.0
ORD_0007198,CUST_05293,2023-03-09 05:00:00,Footwear,COD,Tier_1,699.78,18.36,0,1,Returned,Defective,1,0,0.0,0.0,0.0,0.0
ORD_0002328,CUST_02492,2023-03-09 06:00:00,Fashion,Prepaid,Tier_1,510.2,10.95,0,1,Returned,Not as Expected,1,0,0.0,0.0,0.0,0.0
ORD_0003080,CUST_05257,2023-03-09 07:00:00,Fashion,Prepaid,Tier_2,700.73,8.41,0,1,Returned,Changed Mind,1,0,0.0,0.0,0.0,0.0
ORD_0002080,CUST_01535,2023-03-09 10:00:00,Fashion,COD,Tier_2,434.1,43.51,1,0,RTO,,1,0,0.0,0.0,0.0,0.0
ORD_0000109,CUST_00543,2023-03-09 10:00:00,Fashion,COD,Tier_1,855.13,30.84,0,0,Delivered,,0,0,0.0,0.0,0.0,0.0
ORD_0000335,CUST_00469,2023-03-09 10:00:00,Footwear,COD,Tier_1,746.5,46.28,0,0,Delivered,,0,0,0.0,0.0,0.0,0.0
ORD_0008816,CUST_05215,2023-03-09 10:00:00,Footwear,Prepaid,Tier_3,473.6,12.46,1,0,RTO,,1,0,0.0,0.0,0.0,0.0
ORD_0001600,CUST_01066,2023-03-09 11:00:00,Fashion,COD,Tier_3,714.42,41.77,0,0,Delivered,,0,0,0.0,0.0,0.0,0.0
ORD_0001537,CUST_03291,2023-03-09 12:00:00,Electronics,COD,Tier_1,592.76,8.89,0,0,Delivered,,0,0,0.0,0.0,0.0,0.0
ORD_0004422,CUST_02801,2023-03-09 13:00:00,Home,Prepaid,Tier_2,959.42,41.52,0,0,Delivered,,0,1,0.0,0.0,0.0,0.0
ORD_0000223,CUST_05324,2023-03-09 15:00:00,Home,Prepaid,Tier_3,578.08,35.29,0,0,Delivered,,0,2,0.0,0.0,0.0,0.0
ORD_0000838,CUST_03809,2023-03-09 15:00:00,Fashion,Prepaid,Tier_3,877.94,47.58,0,1,Returned,Wrong Size,1,1,1.0,0.0,1.0,0.0
ORD_0002344,CUST_05121,2023-03-09 15:00:00,Footwear,COD,Tier_2,1095.57,17.97,1,0,RTO,,1,1,0.0,1.0,0.0,1.0
ORD_0004390,CUST_02872,2023-03-09 16:00:00,Electronics,COD,Tier_2,346.5,32.35,0,0,Delivered,,0,0,0.0,0.0,0.0,0.0
ORD_0000768,CUST_05090,2023-03-09 16:00:00,Footwear,Prepaid,Tier_1,2179.56,26.7,0,0,Delivered,,0,0,0.0,0.0,0.0,0.0
ORD_0002304,CUST_03355,2023-03-09 18:00:00,Fashion,Prepaid,Tier_1,2863.1,5.38,0,1,Returned,Changed Mind,1,0,0.0,0.0,0.0,0.0
ORD_0003423,CUST_04614,2023-03-09 18:00:00,Home,COD,Tier_3,3633.0,2.91,0,0,Delivered,,0,1,0.0,1.0,0.0,1.0
ORD_0007918,CUST_03030,2023-03-09 21:00:00,Fashion,COD,Tier_2,3481.68,5.26,0,0,Delivered,,0,0,0.0,0.0,0.0,0.0
ORD_0007140,CUST_01662,2023-03-09 23:00:00,Fashion,COD,Tier_2,1319.56,9.97,0,0,Delivered,,0,0,0.0,0.0,0.0,0.0
ORD_0008156,CUST_00875,2023-03-09 23:00:00,Home,COD,Tier_1,1886.83,44.05,1,0,RTO,,1,0,0.0,0.0,0.0,0.0
ORD_0003598,CUST_05610,2023-03-10 01:00:00,Fashion,COD,Tier_1,934.43,33.97,0,0,Delivered,,0,0,0.0,0.0,0.0,0.0
ORD_0008445,CUST_03856,2023-03-10 03:00:00,Beauty,Prepaid,Tier_1,558.09,7.08,0,0,Delivered,,0,1,0.0,0.0,0.0,0.0
ORD_0000770,CUST_01955,2023-03-10 04:00:00,Footwear,COD,Tier_2,3758.99,23.66,0,0,Delivered,,0,1,1.0,0.0,1.0,0.0
ORD_0006591,CUST_05647,2023-03-10 04:00:00,Home,COD,Tier_2,1358.84,20.86,0,1,Returned,Not as Expected,1,0,0.0,0.0,0.0,0.0
ORD_0006349,CUST_05064,2023-03-10 04:00:00,Fashion,COD,Tier_3,1096.78,42.4,0,0,Delivered,,0,0,0.0,0.0,0.0,0.0
ORD_0001706,CUST_04317,2023-03-10 05:00:00,Footwear,COD,Tier_2,742.26,10.12,0,1,Returned,Wrong Size,1,0,0.0,0.0,0.0,0.0
ORD_0001167,CUST_04164,2023-03-10 05:00:00,Fashion,COD,Tier_1,1186.5,43.8,0,0,Delivered,,0,0,0.0,0.0,0.0,0.0
ORD_0005907,CUST_04720,2023-03-10 06:00:00,Fashion,Prepaid,Tier_2,1294.92,33.79,0,0,Delivered,,0,0,0.0,0.0,0.0,0.0
ORD_0007896,CUST_00224,2023-03-10 06:00:00,Fashion,COD,Tier_1,2501.33,19.06,0,0,Delivered,,0,0,0.0,0.0,0.0,0.0
ORD_0001253,CUST_00741,2023-03-10 08:00:00,Home,COD,Tier_3,2650.58,16.66,0,0,Delivered,,0,1,0.0,0.0,0.0,0.0
ORD_0001357,CUST_04748,2023-03-10 08:00:00,Beauty,Prepaid,Tier_3,959.14,0.42,0,0,Delivered,,0,0,0.0,0.0,0.0,0.0
ORD_0009707,CUST_05386,2023-03-10 09:00:00,Fashion,COD,Tier_2,319.61,46.65,1,0,RTO,,1,0,0.0,0.0,0.0,0.0
ORD_0004187,CUST_01004,2023-03-10 10:00:00,Electronics,COD,Tier_3,2122.48,37.82,0,0,Delivered,,0,0,0.0,0.0,0.0,0.0
ORD_0007637,CUST_00248,2023-03-10 11:00:00,Footwear,COD,Tier_2,1602.85,33.11,0,0,Delivered,,0,0,0.0,0.0,0.0,0.0
ORD_0004171,CUST_05623,2023-03-10 12:00:00,Beauty,COD,Tier_3,753.09,49.34,0,0,Delivered,,0,0,0.0,0.0,0.0,0.0
ORD_0004237,CUST_04461,2023-03-10 12:00:00,Fashion,Prepaid,Tier_3,4977.38,3.86,0,0,Delivered,,0,1,0.0,0.0,0.0,0.0
ORD_0003964,CUST_00968,2023-03-10 13:00:00,Fashion,Prepaid,Tier_1,1000.3,4.73,0,0,Delivered,,0,0,0.0,0.0,0.0,0.0
ORD_0007601,CUST_02914,2023-03-10 13:00:00,Electronics,COD,Tier_2,1157.45,42.97,1,0,RTO,,1,0,0.0,0.0,0.0,0.0
ORD_0004213,CUST_02014,2023-03-10 13:00:00,Electronics,COD,Tier_1,3498.92,11.61,0,1,Returned,Changed Mind,1,0,0.0,0.0,0.0,0.0
ORD_0002139,CUST_02076,2023-03-10 13:00:00,Electronics,Prepaid,Tier_2,1216.85,10.56,0,0,Delivered,,0,1,0.0,0.0,0.0,0.0
ORD_0009547,CUST_03919,2023-03-10 16:00:00,Fashion,Prepaid,Tier_1,673.09,25.09,0,0,Delivered,,0,0,0.0,0.0,0.0,0.0
ORD_0009991,CUST_00161,2023-03-10 16:00:00,Electronics,Prepaid,Tier_1,901.21,24.17,0,1,Returned,Wrong Size,1,0,0.0,0.0,0.0,0.0
ORD_0007042,CUST_03132,2023-03-10 16:00:00,Fashion,Prepaid,Tier_1,1562.52,27.94,0,0,Delivered,,0,0,0.0,0.0,0.0,0.0
ORD_0002519,CUST_02756,2023-03-10 16:00:00,Fashion,COD,Tier_2,3577.47,42.76,0,0,Delivered,,0,1,0.0,1.0,0.0,1.0
ORD_0008107,CUST_01242,2023-03-10 17:00:00,Fashion,Prepaid,Tier_2,3642.22,26.34,0,1,Returned,Changed Mind,1,0,0.0,0.0,0.0,0.0
ORD_0006653,CUST_05251,2023-03-10 17:00:00,Fashion,COD,Tier_1,2160.89,44.79,0,0,Delivered,,0,0,0.0,0.0,0.0,0.0
ORD_0009012,CUST_05798,2023-03-10 18:00:00,Footwear,Prepaid,Tier_2,1681.28,25.62,0,1,Returned,Defective,1,0,0.0,0.0,0.0,0.0
ORD_0009860,CUST_04058,2023-03-10 18:00:00,Home,Prepaid,Tier_3,1871.78,23.8,0,0,Delivered,,0,0,0.0,0.0,0.0,0.0
ORD_0009344,CUST_03789,2023-03-10 18:00:00,Footwear,COD,Tier_3,391.14,29.26,0,0,Delivered,,0,1,0.0,0.0,0.0,0.0
ORD_0004663,CUST_02044,2023-03-10 19:00:00,Fashion,Prepaid,Tier_3,478.43,22.72,0,0,Delivered,,0,0,0.0,0.0,0.0,0.0
ORD_0005624,CUST_05500,2023-03-10 21:00:00,Home,COD,Tier_1,3595.97,19.95,0,0,Delivered,,0,0,0.0,0.0,0.0,0.0
ORD_0006177,CUST_01432,2023-03-10 22:00:00,Fashion,Prepaid,Tier_2,653.39,29.83,0,0,Delivered,,0,0,0.0,0.0,0.0,0.0
ORD_0006895,CUST_02018,2023-03-10 22:00:00,Fashion,COD,Tier_3,503.4,22.14,1,0,RTO,,1,0,0.0,0.0,0.0,0.0
ORD_0002788,CUST_04963,2023-03-10 23:00:00,Beauty,Prepaid,Tier_3,1839.96,40.46,0,0,Delivered,,0,0,0.0,0.0,0.0,0.0
ORD_0007471,CUST_04678,2023-03-11 00:00:00,Beauty,COD,Tier_1,1015.06,37.48,1,0,RTO,,1,1,0.0,0.0,0.0,0.0
ORD_0001727,CUST_01059,2023-03-11 01:00:00,Electronics,Prepaid,Tier_2,6581.14,21.72,0,0,Delivered,,0,0,0.0,0.0,0.0,0.0
ORD_0006620,CUST_01270,2023-03-11 01:00:00,Fashion,COD,Tier_3,1887.93,1.26,0,1,Returned,Wrong Size,1,1,0.0,1.0,0.0,1.0
ORD_0002302,CUST_04307,2023-03-11 01:00:00,Electronics,Prepaid,Tier_2,4133.93,27.06,0,1,Returned,Changed Mind,1,1,0.0,0.0,0.0,0.0
ORD_0002835,CUST_04620,2023-03-11 01:00:00,Fashion,COD,Tier_2,4107.84,26.58,1,0,RTO,,1,0,0.0,0.0,0.0,0.0
ORD_0007539,CUST_02558,2023-03-11 02:00:00,Footwear,Prepaid,Tier_2,1750.42,47.58,0,1,Returned,Wrong Size,1,0,0.0,0.0,0.0,0.0
ORD_0001728,CUST_03115,2023-03-11 02:00:00,Fashion,COD,Tier_2,341.1,0.02,0,1,Returned,Not as Expected,1,1,0.0,1.0,0.0,1.0
ORD_0007690,CUST_03987,2023-03-11 03:00:00,Home,COD,Tier_2,725.21,14.27,0,0,Delivered,,0,2,0.0,0.0,0.0,0.0
ORD_0004097,CUST_05427,2023-03-11 03:00:00,Fashion,COD,Tier_1,496.24,2.29,0,0,Delivered,,0,0,0.0,0.0,0.0,0.0
ORD_0007959,CUST_05781,2023-03-11 04:00:00,Fashion,Prepaid,Tier_1,501.54,45.65,0,0,Delivered,,0,0,0.0,0.0,0.0,0.0
ORD_0000788,CUST_00886,2023-03-11 05:00:00,Fashion,Prepaid,Tier_3,535.84,48.72,0,0,Delivered,,0,1,0.0,0.0,0.0,0.0
ORD_0008893,CUST_01178,2023-03-11 05:00:00,Footwear,COD,Tier_1,1988.04,43.51,0,0,Delivered,,0,0,0.0,0.0,0.0,0.0
ORD_0008965,CUST_03843,2023-03-11 05:00:00,Electronics,Prepaid,Tier_3,678.27,41.53,1,0,RTO,,1,0,0.0,0.0,0.0,0.0
ORD_0003369,CUST_04852,2023-03-11 06:00:00,Electronics,COD,Tier_3,3799.71,47.47,0,0,Delivered,,0,0,0.0,0.0,0.0,0.0
ORD_0001286,CUST_04077,2023-03-11 07:00:00,Fashion,Prepaid,Tier_2,888.24,16.19,0,0,Delivered,,0,0,0.0,0.0,0.0,0.0
ORD_0009509,CUST_00544,2023-03-11 08:00:00,Footwear,COD,Tier_3,3201.16,27.61,1,0,RTO,,1,0,0.0,0.0,0.0,0.0
ORD_0003370,CUST_04470,2023-03-11 09:00:00,Beauty,Prepaid,Tier_2,2395.58,42.91,0,0,Delivered,,0,1,0.0,0.0,0.0,0.0
ORD_0001520,CUST_04205,2023-03-11 09:00:00,Home,Prepaid,Tier_2,3605.91,5.5,0,0,Delivered,,0,0,0.0,0.0,0.0,0.0
ORD_0007751,CUST_00436,2023-03-11 09:00:00,Fashion,COD,Tier_2,1069.52,7.16,0,0,Delivered,,0,0,0.0,0.0,0.0,0.0
ORD_0000667,CUST_02250,2023-03-11 10:00:00,Fashion,COD,Tier_2,701.6,15.06,0,1,Returned,Changed Mind,1,0,0.0,0.0,0.0,0.0
ORD_0002030,CUST_02351,2023-03-11 11:00:00,Fashion,COD,Tier_1,759.55,36.05,0,0,Delivered,,0,0,0.0,0.0,0.0,0.0
ORD_0001664,CUST_00752,2023-03-11 12:00:00,Home,COD,Tier_2,318.46,39.04,1,0,RTO,,1,1,0.0,1.0,0.0,1.0
ORD_0000634,CUST_05701,2023-03-11 14:00:00,Fashion,COD,Tier_3,1813.43,35.71,1,0,RTO,,1,0,0.0,0.0,0.0,0.0
ORD_0009297,CUST_04641,2023-03-11 16:00:00,Footwear,Prepaid,Tier_3,581.7,4.67,0,0,Delivered,,0,0,0.0,0.0,0.0,0.0
ORD_0006715,CUST_01553,2023-03-11 19:00:00,Fashion,COD,Tier_3,716.74,9.11,0,0,Delivered,,0,1,1.0,0.0,1.0,0.0
ORD_0005846,CUST_04923,2023-03-11 19:00:00,Beauty,COD,Tier_3,1228.69,49.14,0,0,Delivered,,0,0,0.0,0.0,0.0,0.0
ORD_0001158,CUST_03953,2023-03-11 21:00:00,Fashion,COD,Tier_1,1426.5,31.01,0,1,Returned,Wrong Size,1,1,0.0,1.0,0.0,1.0
ORD_0000169,CUST_05896,2023-03-11 21:00:00,Fashion,COD,Tier_3,1715.64,8.99,1,0,RTO,,1,0,0.0,0.0,0.0,0.0
ORD_0006163,CUST_03260,2023-03-11 21:00:00,Fashion,Prepaid,Tier_2,442.36,9.09,0,0,Delivered,,0,0,0.0,0.0,0.0,0.0
ORD_0009884,CUST_00370,2023-03-11 21:00:00,Fashion,COD,Tier_2,1205.04,41.62,0,0,Delivered,,0,1,0.0,0.0,0.0,0.0
ORD_0007291,CUST_02005,2023-03-12 00:00:00,Fashion,COD,Tier_1,1669.83,41.39,0,0,Delivered,,0,1,0.0,0.0,0.0,0.0
ORD_0000777,CUST_03810,2023-03-12 00:00:00,Footwear,COD,Tier_2,539.68,15.17,0,0,Delivered,,0,0,0.0,0.0,0.0,0.0
ORD_0004442,CUST_00439,2023-03-12 01:00:00,Fashion,Prepaid,Tier_3,2873.02,2.87,0,0,Delivered,,0,0,0.0,0.0,0.0,0.0
ORD_0008825,CUST_05635,2023-03-12 01:00:00,Fashion,COD,Tier_2,2242.81,23.7,0,1,Returned,Changed Mind,1,0,0.0,0.0,0.0,0.0
ORD_0003873,CUST_04866,2023-03-12 02:00:00,Home,COD,Tier_3,1554.4,38.12,0,0,Delivered,,0,0,0.0,0.0,0.0,0.0
ORD_0007719,CUST_01202,2023-03-12 02:00:00,Beauty,COD,Tier_1,6252.88,24.4,1,0,RTO,,1,0,0.0,0.0,0.0,0.0
ORD_0009423,CUST_01002,2023-03-12 03:00:00,Fashion,Prepaid,Tier_2,1041.69,7.92,0,0,Delivered,,0,1,0.0,1.0,0.0,1.0
ORD_0007071,CUST_04292,2023-03-12 03:00:00,Electronics,COD,Tier_2,4347.73,12.95,0,0,Delivered,,0,0,0.0,0.0,0.0,0.0
ORD_0006567,CUST_04096,2023-03-12 03:00:00,Fashion,Prepaid,Tier_1,544.48,49.85,0,1,Returned,Defective,1,1,0.0,0.0,0.0,0.0
ORD_0000721,CUST_05564,2023-03-12 05:00:00,Fashion,COD,Tier_3,412.12,20.42,0,0,Delivered,,0,0,0.0,0.0,0.0,0.0
ORD_0001371,CUST_04111,2023-03-12 05:00:00,Electronics,COD,Tier_3,1159.21,21.47,1,0,RTO,,1,2,0.0,0.0,0.0,0.0
ORD_0005216,CUST_01345,2023-03-12 07:00:00,Home,COD,Tier_2,5118.15,2.05,0,1,Returned,Changed Mind,1,0,0.0,0.0,0.0,0.0
ORD_0005811,CUST_01997,2023-03-12 08:00:00,Fashion,COD,Tier_1,3691.16,18.79,0,0,Delivered,,0,0,0.0,0.0,0.0,0.0
ORD_0007620,CUST_05819,2023-03-12 08:00:00,Footwear,Prepaid,Tier_2,2958.27,47.11,0,0,Delivered,,0,0,0.0,0.0,0.0,0.0
ORD_0000342,CUST_00466,2023-03-12 09:00:00,Home,COD,Tier_1,459.12,13.39,0,0,Delivered,,0,1,0.0,0.0,0.0,0.0
ORD_0001499,CUST_00901,2023-03-12 11:00:00,Home,COD,Tier_1,2072.62,41.29,1,0,RTO,,1,0,0.0,0.0,0.0,0.0
ORD_0007508,CUST_04290,2023-03-12 11:00:00,Footwear,COD,Tier_3,1229.42,38.45,1,0,RTO,,1,0,0.0,0.0,0.0,0.0
ORD_0003398,CUST_04899,2023-03-12 13:00:00,Fashion,COD,Tier_1,640.85,5.76,0,0,Delivered,,0,1,0.0,0.0,0.0,0.0
ORD_0001458,CUST_00814,2023-03-12 16:00:00,Fashion,Prepaid,Tier_2,2812.45,32.41,0,1,Returned,Defective,1,0,0.0,0.0,0.0,0.0
ORD_0003831,CUST_00711,2023-03-12 19:00:00,Footwear,COD,Tier_1,2587.56,13.92,0,0,Delivered,,0,0,0.0,0.0,0.0,0.0
ORD_0008359,CUST_04750,2023-03-12 20:00:00,Beauty,COD,Tier_1,2342.03,16.33,0,0,Delivered,,0,0,0.0,0.0,0.0,0.0
ORD_0006596,CUST_02054,2023-03-12 21:00:00,Fashion,COD,Tier_3,800.76,40.51,0,0,Delivered,,0,1,0.0,0.0,0.0,0.0
ORD_0007667,CUST_01997,2023-03-12 21:00:00,Beauty,Prepaid,Tier_1,500.83,10.27,0,0,Delivered,,0,1,0.0,0.0,0.0,0.0
ORD_0006212,CUST_02991,2023-03-12 23:00:00,Footwear,COD,Tier_1,560.68,37.32,0,0,Delivered,,0,0,0.0,0.0,0.0,0.0
ORD_0001267,CUST_02404,2023-03-12 23:00:00,Fashion,Prepaid,Tier_3,2604.36,2.92,0,0,Delivered,,0,0,0.0,0.0,0.0,0.0
ORD_0009493,CUST_05280,2023-03-13 00:00:00,Footwear,COD,Tier_1,2051.78,8.34,0,0,Delivered,,0,0,0.0,0.0,0.0,0.0
ORD_0007661,CUST_03777,2023-03-13 01:00:00,Electronics,Prepaid,Tier_1,373.5,16.76,0,0,Delivered,,0,0,0.0,0.0,0.0,0.0
ORD_0005317,CUST_05466,2023-03-13 01:00:00,Fashion,COD,Tier_2,1449.28,30.37,0,0,Delivered,,0,0,0.0,0.0,0.0,0.0
ORD_0008456,CUST_01971,2023-03-13 01:00:00,Footwear,Prepaid,Tier_2,1425.21,27.63,0,0,Delivered,,0,0,0.0,0.0,0.0,0.0
ORD_0003843,CUST_02269,2023-03-13 02:00:00,Home,COD,Tier_1,3380.79,43.89,0,0,Delivered,,0,0,0.0,0.0,0.0,0.0
ORD_0007359,CUST_05153,2023-03-13 02:00:00,Home,COD,Tier_2,4021.27,1.76,0,0,Delivered,,0,0,0.0,0.0,0.0,0.0
ORD_0008523,CUST_03002,2023-03-13 02:00:00,Fashion,Prepaid,Tier_2,576.65,20.77,0,0,Delivered,,0,0,0.0,0.0,0.0,0.0
ORD_0009436,CUST_03601,2023-03-13 04:00:00,Home,COD,Tier_3,986.98,19.74,0,0,Delivered,,0,0,0.0,0.0,0.0,0.0
ORD_0002493,CUST_01631,2023-03-13 05:00:00,Beauty,Prepaid,Tier_3,3320.45,38.81,0,0,Delivered,,0,0,0.0,0.0,0.0,0.0
ORD_0007442,CUST_03774,2023-03-13 07:00:00,Fashion,COD,Tier_1,754.05,1.92,0,0,Delivered,,0,0,0.0,0.0,0.0,0.0
ORD_0009672,CUST_01470,2023-03-13 08:00:00,Fashion,COD,Tier_2,3342.1,38.29,0,0,Delivered,,0,0,0.0,0.0,0.0,0.0
ORD_0007311,CUST_02713,2023-03-13 08:00:00,Home,COD,Tier_2,934.71,48.95,0,0,Delivered,,0,2,1.0,0.0,0.5,0.0
ORD_0004186,CUST_02717,2023-03-13 11:00:00,Fashion,COD,Tier_1,2788.86,27.34,1,0,RTO,,1,1,0.0,0.0,0.0,0.0
ORD_0001059,CUST_02641,2023-03-13 12:00:00,Home,COD,Tier_2,4773.5,29.13,1,0,RTO,,1,1,0.0,0.0,0.0,0.0
ORD_0007129,CUST_01127,2023-03-13 12:00:00,Home,COD,Tier_2,751.07,24.98,0,0,Delivered,,0,2,0.0,0.0,0.0,0.0
ORD_0006806,CUST_04674,2023-03-13 13:00:00,Footwear,Prepaid,Tier_2,610.52,8.97,0,0,Delivered,,0,0,0.0,0.0,0.0,0.0
ORD_0008774,CUST_00706,2023-03-13 14:00:00,Fashion,Prepaid,Tier_1,5259.43,31.39,0,0,Delivered,,0,0,0.0,0.0,0.0,0.0
ORD_0006739,CUST_03290,2023-03-13 15:00:00,Home,COD,Tier_2,465.82,4.38,0,1,Returned,Wrong Size,1,0,0.0,0.0,0.0,0.0
ORD_0006406,CUST_01117,2023-03-13 16:00:00,Fashion,COD,Tier_1,4097.46,8.11,1,0,RTO,,1,0,0.0,0.0,0.0,0.0
ORD_0007703,CUST_04901,2023-03-13 17:00:00,Electronics,COD,Tier_2,1209.0,14.65,0,0,Delivered,,0,0,0.0,0.0,0.0,0.0
ORD_0009405,CUST_00740,2023-03-13 17:00:00,Fashion,COD,Tier_1,2212.72,4.5,0,0,Delivered,,0,0,0.0,0.0,0.0,0.0
ORD_0007184,CUST_03601,2023-03-13 18:00:00,Fashion,COD,Tier_1,2157.56,37.28,0,0,Delivered,,0,1,0.0,0.0,0.0,0.0
ORD_0002652,CUST_04808,2023-03-13 20:00:00,Footwear,COD,Tier_3,3877.64,4.23,1,0,RTO,,1,0,0.0,0.0,0.0,0.0
ORD_0006414,CUST_03909,2023-03-13 20:00:00,Fashion,Prepaid,Tier_3,974.37,11.31,0,0,Delivered,,0,0,0.0,0.0,0.0,0.0
ORD_0005467,CUST_00929,2023-03-13 20:00:00,Fashion,Prepaid,Tier_3,2702.61,37.86,0,1,Returned,Defective,1,1,0.0,1.0,0.0,1.0
ORD_0006859,CUST_04876,2023-03-13 22:00:00,Footwear,COD,Tier_1,497.73,36.17,0,1,Returned,Not as Expected,1,0,0.0,0.0,0.0,0.0
ORD_0001365,CUST_01439,2023-03-13 22:00:00,Fashion,COD,Tier_1,1551.82,31.47,0,0,Delivered,,0,0,0.0,0.0,0.0,0.0
ORD_0003610,CUST_00268,2023-03-13 22:00:00,Fashion,COD,Tier_2,804.7,34.46,1,0,RTO,,1,0,0.0,0.0,0.0,0.0
ORD_0002504,CUST_03881,2023-03-13 23:00:00,Beauty,COD,Tier_1,926.76,25.79,0,0,Delivered,,0,0,0.0,0.0,0.0,0.0
ORD_0006644,CUST_04294,2023-03-14 00:00:00,Electronics,COD,Tier_3,569.25,25.54,1,0,RTO,,1,1,0.0,0.0,0.0,0.0
ORD_0004211,CUST_05073,2023-03-14 00:00:00,Footwear,COD,Tier_3,2378.54,33.66,1,0,RTO,,1,0,0.0,0.0,0.0,0.0
ORD_0002138,CUST_03879,2023-03-14 01:00:00,Beauty,COD,Tier_1,369.09,10.84,0,0,Delivered,,0,0,0.0,0.0,0.0,0.0
ORD_0007866,CUST_04383,2023-03-14 01:00:00,Electronics,COD,Tier_2,459.78,24.76,0,0,Delivered,,0,0,0.0,0.0,0.0,0.0
ORD_0001065,CUST_05524,2023-03-14 01:00:00,Footwear,Prepaid,Tier_3,3847.62,26.45,0,0,Delivered,,0,1,0.0,1.0,0.0,1.0
ORD_0003115,CUST_05463,2023-03-14 01:00:00,Home,COD,Tier_1,3401.45,12.8,0,1,Returned,Changed Mind,1,0,0.0,0.0,0.0,0.0
ORD_0006897,CUST_00587,2023-03-14 02:00:00,Fashion,Prepaid,Tier_1,648.39,22.11,0,0,Delivered,,0,0,0.0,0.0,0.0,0.0
ORD_0008536,CUST_00931,2023-03-14 03:00:00,Electronics,COD,Tier_2,3653.51,31.2,0,0,Delivered,,0,0,0.0,0.0,0.0,0.0
ORD_0009644,CUST_02100,2023-03-14 03:00:00,Fashion,COD,Tier_3,630.24,34.48,0,0,Delivered,,0,0,0.0,0.0,0.0,0.0
ORD_0006494,CUST_00260,2023-03-14 04:00:00,Fashion,COD,Tier_2,1355.98,11.53,0,0,Delivered,,0,0,0.0,0.0,0.0,0.0
ORD_0005975,CUST_01757,2023-03-14 04:00:00,Fashion,COD,Tier_1,400.19,49.32,1,0,RTO,,1,0,0.0,0.0,0.0,0.0
ORD_0008784,CUST_00725,2023-03-14 05:00:00,Fashion,COD,Tier_3,2747.76,18.27,0,0,Delivered,,0,0,0.0,0.0,0.0,0.0
ORD_0008505,CUST_04713,2023-03-14 07:00:00,Electronics,COD,Tier_1,969.85,32.34,1,0,RTO,,1,1,0.0,1.0,0.0,1.0
ORD_0005739,CUST_01694,2023-03-14 08:00:00,Fashion,COD,Tier_2,596.34,23.66,0,0,Delivered,,0,2,0.0,0.0,0.0,0.0
ORD_0006765,CUST_02950,2023-03-14 08:00:00,Electronics,COD,Tier_3,4895.44,18.56,1,0,RTO,,1,0,0.0,0.0,0.0,0.0
ORD_0009754,CUST_03412,2023-03-14 09:00:00,Fashion,COD,Tier_1,1070.5,1.69,0,0,Delivered,,0,0,0.0,0.0,0.0,0.0
ORD_0006937,CUST_02357,2023-03-14 09:00:00,Fashion,Prepaid,Tier_2,857.85,18.52,0,0,Delivered,,0,1,1.0,0.0,1.0,0.0
ORD_0005690,CUST_00301,2023-03-14 11:00:00,Electronics,COD,Tier_2,2222.39,2.95,1,0,RTO,,1,0,0.0,0.0,0.0,0.0
ORD_0002678,CUST_01634,2023-03-14 12:00:00,Beauty,COD,Tier_1,4279.22,10.65,0,0,Delivered,,0,0,0.0,0.0,0.0,0.0
ORD_0008364,CUST_02669,2023-03-14 13:00:00,Home,Prepaid,Tier_1,922.13,18.68,0,0,Delivered,,0,0,0.0,0.0,0.0,0.0
ORD_0000904,CUST_05758,2023-03-14 14:00:00,Fashion,Prepaid,Tier_1,3932.75,10.41,0,0,Delivered,,0,0,0.0,0.0,0.0,0.0
ORD_0002232,CUST_02576,2023-03-14 14:00:00,Electronics,COD,Tier_3,563.06,47.15,0,0,Delivered,,0,0,0.0,0.0,0.0,0.0
ORD_0007468,CUST_05133,2023-03-14 15:00:00,Home,COD,Tier_1,1332.5,22.56,0,0,Delivered,,0,1,0.0,0.0,0.0,0.0
ORD_0008987,CUST_02850,2023-03-14 15:00:00,Beauty,Prepaid,Tier_2,988.79,47.12,0,0,Delivered,,0,0,0.0,0.0,0.0,0.0
ORD_0005900,CUST_03515,2023-03-14 16:00:00,Beauty,Prepaid,Tier_3,795.81,45.82,0,0,Delivered,,0,0,0.0,0.0,0.0,0.0
ORD_0004617,CUST_03893,2023-03-14 18:00:00,Fashion,COD,Tier_3,1134.15,31.37,1,0,RTO,,1,0,0.0,0.0,0.0,0.0
ORD_0004826,CUST_04797,2023-03-14 18:00:00,Electronics,COD,Tier_3,1101.89,25.43,0,0,Delivered,,0,0,0.0,0.0,0.0,0.0
ORD_0006862,CUST_00738,2023-03-14 19:00:00,Footwear,COD,Tier_1,1637.39,15.76,1,0,RTO,,1,0,0.0,0.0,0.0,0.0
ORD_0007213,CUST_00205,2023-03-14 21:00:00,Fashion,COD,Tier_2,679.08,4.89,0,0,Delivered,,0,1,0.0,0.0,0.0,0.0
ORD_0003587,CUST_02942,2023-03-14 21:00:00,Footwear,Prepaid,Tier_1,6264.99,43.97,0,0,Delivered,,0,0,0.0,0.0,0.0,0.0
ORD_0009825,CUST_04944,2023-03-14 23:00:00,Electronics,COD,Tier_3,1452.64,7.93,0,0,Delivered,,0,0,0.0,0.0,0.0,0.0
ORD_0006946,CUST_02719,2023-03-15 00:00:00,Home,Prepaid,Tier_2,1661.16,5.01,0,0,Delivered,,0,1,0.0,1.0,0.0,1.0
ORD_0007636,CUST_03994,2023-03-15 00:00:00,Fashion,COD,Tier_3,1426.56,0.28,0,0,Delivered,,0,0,0.0,0.0,0.0,0.0
ORD_0005504,CUST_03566,2023-03-15 00:00:00,Home,COD,Tier_3,1016.1,37.04,0,0,Delivered,,0,0,0.0,0.0,0.0,0.0
ORD_0002562,CUST_05739,2023-03-15 01:00:00,Fashion,Prepaid,Tier_2,391.5,45.93,0,0,Delivered,,0,0,0.0,0.0,0.0,0.0
ORD_0006606,CUST_01555,2023-03-15 01:00:00,Fashion,COD,Tier_2,975.59,17.2,0,0,Delivered,,0,0,0.0,0.0,0.0,0.0
ORD_0008365,CUST_01885,2023-03-15 02:00:00,Footwear,Prepaid,Tier_3,1124.5,14.54,1,0,RTO,,1,0,0.0,0.0,0.0,0.0
ORD_0006547,CUST_02659,2023-03-15 02:00:00,Electronics,Prepaid,Tier_1,1765.56,37.48,0,0,Delivered,,0,0,0.0,0.0,0.0,0.0
ORD_0002134,CUST_02541,2023-03-15 02:00:00,Beauty,COD,Tier_3,5107.65,7.37,0,0,Delivered,,0,0,0.0,0.0,0.0,0.0
ORD_0008788,CUST_02240,2023-03-15 03:00:00,Fashion,COD,Tier_3,612.92,21.76,0,0,Delivered,,0,0,0.0,0.0,0.0,0.0
ORD_0008059,CUST_00607,2023-03-15 04:00:00,Electronics,COD,Tier_3,7396.1,26.95,0,0,Delivered,,0,1,0.0,0.0,0.0,0.0
ORD_0001807,CUST_05268,2023-03-15 05:00:00,Electronics,Prepaid,Tier_2,320.1,12.99,0,0,Delivered,,0,0,0.0,0.0,0.0,0.0
ORD_0004631,CUST_02462,2023-03-15 05:00:00,Footwear,Prepaid,Tier_3,2234.27,0.72,0,0,Delivered,,0,0,0.0,0.0,0.0,0.0
ORD_0000930,CUST_01864,2023-03-15 06:00:00,Fashion,COD,Tier_3,5662.8,8.4,1,0,RTO,,1,0,0.0,0.0,0.0,0.0
ORD_0000946,CUST_04022,2023-03-15 08:00:00,Footwear,COD,Tier_2,572.67,6.93,0,0,Delivered,,0,0,0.0,0.0,0.0,0.0
ORD_0002662,CUST_00821,2023-03-15 08:00:00,Fashion,COD,Tier_1,1655.15,40.48,0,0,Delivered,,0,0,0.0,0.0,0.0,0.0
ORD_0007883,CUST_05956,2023-03-15 09:00:00,Footwear,COD,Tier_2,1513.6,47.0,0,0,Delivered,,0,0,0.0,0.0,0.0,0.0
ORD_0004784,CUST_03181,2023-03-15 09:00:00,Beauty,COD,Tier_1,888.09,40.43,0,0,Delivered,,0,0,0.0,0.0,0.0,0.0
ORD_0001058,CUST_03540,2023-03-15 11:00:00,Electronics,Prepaid,Tier_3,2202.54,2.53,0,0,Delivered,,0,0,0.0,0.0,0.0,0.0
ORD_0006542,CUST_01785,2023-03-15 15:00:00,Fashion,Prepaid,Tier_2,491.19,24.93,0,0,Delivered,,0,1,0.0,0.0,0.0,0.0
ORD_0009548,CUST_01094,2023-03-15 16:00:00,Fashion,Prepaid,Tier_1,1079.28,45.66,0,1,Returned,Defective,1,0,0.0,0.0,0.0,0.0
ORD_0009410,CUST_00917,2023-03-15 17:00:00,Fashion,COD,Tier_1,2391.84,14.36,0,1,Returned,Changed Mind,1,0,0.0,0.0,0.0,0.0
ORD_0000599,CUST_05186,2023-03-15 17:00:00,Home,Prepaid,Tier_2,659.22,18.0,0,0,Delivered,,0,0,0.0,0.0,0.0,0.0
ORD_0003212,CUST_03188,2023-03-15 18:00:00,Fashion,Prepaid,Tier_1,451.51,33.2,0,1,Returned,Wrong Size,1,0,0.0,0.0,0.0,0.0
ORD_0003516,CUST_02281,2023-03-15 19:00:00,Footwear,Prepaid,Tier_1,2440.95,46.01,0,1,Returned,Changed Mind,1,0,0.0,0.0,0.0,0.0
ORD_0002775,CUST_02548,2023-03-15 20:00:00,Electronics,Prepaid,Tier_3,346.46,24.05,0,0,Delivered,,0,0,0.0,0.0,0.0,0.0
ORD_0007176,CUST_00322,2023-03-15 20:00:00,Footwear,COD,Tier_2,2190.96,13.87,1,0,RTO,,1,0,0.0,0.0,0.0,0.0
ORD_0008854,CUST_02619,2023-03-15 20:00:00,Fashion,COD,Tier_1,1485.19,0.69,0,0,Delivered,,0,0,0.0,0.0,0.0,0.0
ORD_0009769,CUST_00869,2023-03-15 21:00:00,Fashion,COD,Tier_1,2689.94,39.3,0,0,Delivered,,0,0,0.0,0.0,0.0,0.0
ORD_0009363,CUST_04926,2023-03-15 21:00:00,Fashion,Prepaid,Tier_3,1483.21,39.79,0,0,Delivered,,0,0,0.0,0.0,0.0,0.0
ORD_0009460,CUST_05288,2023-03-15 21:00:00,Fashion,Prepaid,Tier_1,427.71,13.66,0,0,Delivered,,0,1,0.0,0.0,0.0,0.0
ORD_0004091,CUST_03231,2023-03-15 22:00:00,Fashion,Prepaid,Tier_3,2089.38,44.74,0,0,Delivered,,0,0,0.0,0.0,0.0,0.0
ORD_0000318,CUST_02337,2023-03-15 22:00:00,Home,COD,Tier_2,887.06,15.5,0,0,Delivered,,0,0,0.0,0.0,0.0,0.0
ORD_0009372,CUST_02544,2023-03-15 23:00:00,Home,COD,Tier_2,363.28,11.97,0,0,Delivered,,0,0,0.0,0.0,0.0,0.0
ORD_0003447,CUST_04822,2023-03-15 23:00:00,Fashion,COD,Tier_1,1738.71,3.09,0,0,Delivered,,0,0,0.0,0.0,0.0,0.0
ORD_0006511,CUST_02040,2023-03-16 00:00:00,Beauty,COD,Tier_3,464.31,33.1,0,0,Delivered,,0,0,0.0,0.0,0.0,0.0
ORD_0004045,CUST_03017,2023-03-16 00:00:00,Fashion,Prepaid,Tier_1,4327.61,39.55,0,0,Delivered,,0,0,0.0,0.0,0.0,0.0
ORD_0008101,CUST_05246,2023-03-16 01:00:00,Fashion,Prepaid,Tier_2,4652.01,38.77,0,0,Delivered,,0,0,0.0,0.0,0.0,0.0
ORD_0004161,CUST_00835,2023-03-16 03:00:00,Home,Prepaid,Tier_3,468.65,45.01,1,0,RTO,,1,0,0.0,0.0,0.0,0.0
ORD_0001636,CUST_04596,2023-03-16 03:00:00,Home,COD,Tier_2,579.64,7.57,0,0,Delivered,,0,0,0.0,0.0,0.0,0.0
ORD_0007419,CUST_00051,2023-03-16 04:00:00,Footwear,Prepaid,Tier_2,1573.2,45.7,0,0,Delivered,,0,0,0.0,0.0,0.0,0.0
ORD_0004865,CUST_00476,2023-03-16 05:00:00,Fashion,Prepaid,Tier_3,967.78,33.8,0,0,Delivered,,0,0,0.0,0.0,0.0,0.0
ORD_0004285,CUST_04613,2023-03-16 06:00:00,Fashion,COD,Tier_2,977.81,38.29,0,0,Delivered,,0,1,0.0,0.0,0.0,0.0
ORD_0009622,CUST_05061,2023-03-16 07:00:00,Fashion,Prepaid,Tier_1,646.65,7.52,0,0,Delivered,,0,0,0.0,0.0,0.0,0.0
ORD_0005775,CUST_03950,2023-03-16 10:00:00,Fashion,Prepaid,Tier_2,1965.15,0.15,0,0,Delivered,,0,0,0.0,0.0,0.0,0.0
ORD_0000564,CUST_04542,2023-03-16 10:00:00,Home,COD,Tier_1,1715.56,39.46,0,0,Delivered,,0,0,0.0,0.0,0.0,0.0
ORD_0007799,CUST_05262,2023-03-16 11:00:00,Electronics,COD,Tier_3,3625.83,38.3,0,0,Delivered,,0,1,0.0,0.0,0.0,0.0
ORD_0009226,CUST_01923,2023-03-16 12:00:00,Home,COD,Tier_2,3515.0,24.26,0,0,Delivered,,0,0,0.0,0.0,0.0,0.0
ORD_0000235,CUST_04538,2023-03-16 12:00:00,Fashion,COD,Tier_1,2413.28,20.07,0,0,Delivered,,0,0,0.0,0.0,0.0,0.0
ORD_0005342,CUST_02418,2023-03-16 13:00:00,Electronics,Prepaid,Tier_2,982.98,4.4,0,0,Delivered,,0,2,1.0,0.0,0.5,0.0
ORD_0001339,CUST_01795,2023-03-16 14:00:00,Footwear,Prepaid,Tier_3,1843.45,33.72,0,0,Delivered,,0,0,0.0,0.0,0.0,0.0
ORD_0003677,CUST_03372,2023-03-16 14:00:00,Fashion,COD,Tier_1,390.19,32.59,1,0,RTO,,1,0,0.0,0.0,0.0,0.0
ORD_0004469,CUST_00718,2023-03-16 15:00:00,Electronics,Prepaid,Tier_3,1552.71,30.22,0,0,Delivered,,0,1,1.0,0.0,1.0,0.0
ORD_0007717,CUST_05212,2023-03-16 15:00:00,Electronics,Prepaid,Tier_3,834.12,41.94,0,1,Returned,Changed Mind,1,0,0.0,0.0,0.0,0.0
ORD_0008439,CUST_01221,2023-03-16 15:00:00,Fashion,COD,Tier_3,816.03,20.8,1,0,RTO,,1,0,0.0,0.0,0.0,0.0
ORD_0009067,CUST_04028,2023-03-16 16:00:00,Footwear,COD,Tier_2,2477.7,9.44,0,0,Delivered,,0,1,1.0,0.0,1.0,0.0
ORD_0009780,CUST_02207,2023-03-16 16:00:00,Beauty,COD,Tier_2,347.12,28.53,0,1,Returned,Changed Mind,1,0,0.0,0.0,0.0,0.0
ORD_0000835,CUST_05046,2023-03-16 17:00:00,Home,Prepaid,Tier_3,5078.79,47.71,0,0,Delivered,,0,0,0.0,0.0,0.0,0.0
ORD_0008142,CUST_00660,2023-03-16 18:00:00,Fashion,COD,Tier_2,857.42,3.42,0,1,Returned,Defective,1,0,0.0,0.0,0.0,0.0
ORD_0004992,CUST_00871,2023-03-16 18:00:00,Fashion,Prepaid,Tier_2,1804.89,16.7,0,0,Delivered,,0,0,0.0,0.0,0.0,0.0
ORD_0008389,CUST_03750,2023-03-16 19:00:00,Electronics,Prepaid,Tier_2,1118.47,28.87,0,0,Delivered,,0,0,0.0,0.0,0.0,0.0
ORD_0003779,CUST_01749,2023-03-16 20:00:00,Fashion,Prepaid,Tier_2,1189.33,39.48,0,0,Delivered,,0,0,0.0,0.0,0.0,0.0
ORD_0000664,CUST_03970,2023-03-16 22:00:00,Footwear,COD,Tier_3,798.06,14.42,0,0,Delivered,,0,1,0.0,0.0,0.0,0.0
ORD_0002121,CUST_05176,2023-03-16 23:00:00,Footwear,COD,Tier_1,1634.66,20.03,0,1,Returned,Wrong Size,1,0,0.0,0.0,0.0,0.0
ORD_0004574,CUST_05738,2023-03-17 00:00:00,Fashion,COD,Tier_1,2470.05,24.33,0,0,Delivered,,0,0,0.0,0.0,0.0,0.0
ORD_0009288,CUST_05117,2023-03-17 00:00:00,Fashion,Prepaid,Tier_1,979.33,27.99,0,0,Delivered,,0,0,0.0,0.0,0.0,0.0
ORD_0009895,CUST_02076,2023-03-17 01:00:00,Home,COD,Tier_2,2302.24,33.67,0,0,Delivered,,0,2,0.0,0.0,0.0,0.0
ORD_0009441,CUST_04018,2023-03-17 01:00:00,Footwear,Prepaid,Tier_2,431.48,14.93,0,1,Returned,Changed Mind,1,0,0.0,0.0,0.0,0.0
ORD_0004630,CUST_01101,2023-03-17 02:00:00,Footwear,COD,Tier_2,1968.73,49.48,0,0,Delivered,,0,0,0.0,0.0,0.0,0.0
ORD_0001492,CUST_00024,2023-03-17 02:00:00,Fashion,COD,Tier_2,1318.82,41.9,0,0,Delivered,,0,0,0.0,0.0,0.0,0.0
ORD_0005542,CUST_00373,2023-03-17 04:00:00,Footwear,COD,Tier_1,772.38,44.17,0,0,Delivered,,0,2,1.0,1.0,0.5,0.5
ORD_0005432,CUST_04139,2023-03-17 09:00:00,Footwear,COD,Tier_3,4452.78,8.17,0,1,Returned,Not as Expected,1,0,0.0,0.0,0.0,0.0
ORD_0003244,CUST_01522,2023-03-17 09:00:00,Footwear,COD,Tier_2,3559.68,12.55,0,0,Delivered,,0,0,0.0,0.0,0.0,0.0
ORD_0009801,CUST_04934,2023-03-17 10:00:00,Home,Prepaid,Tier_2,800.52,32.43,0,0,Delivered,,0,0,0.0,0.0,0.0,0.0
ORD_0005928,CUST_00059,2023-03-17 11:00:00,Footwear,COD,Tier_3,599.13,8.55,1,0,RTO,,1,1,0.0,0.0,0.0,0.0
ORD_0002536,CUST_05942,2023-03-17 12:00:00,Fashion,COD,Tier_1,2254.73,35.8,0,0,Delivered,,0,1,0.0,0.0,0.0,0.0
ORD_0008121,CUST_04425,2023-03-17 13:00:00,Electronics,COD,Tier_1,5828.84,7.54,0,0,Delivered,,0,0,0.0,0.0,0.0,0.0
ORD_0002098,CUST_03059,2023-03-17 16:00:00,Fashion,COD,Tier_1,3221.85,37.79,0,0,Delivered,,0,0,0.0,0.0,0.0,0.0
ORD_0002632,CUST_02380,2023-03-17 16:00:00,Fashion,Prepaid,Tier_1,844.51,39.52,0,0,Delivered,,0,0,0.0,0.0,0.0,0.0
ORD_0008273,CUST_01470,2023-03-17 16:00:00,Footwear,Prepaid,Tier_3,1370.17,33.91,0,1,Returned,Wrong Size,1,1,0.0,0.0,0.0,0.0
ORD_0008914,CUST_05838,2023-03-17 16:00:00,Footwear,Prepaid,Tier_3,4279.92,44.6,0,0,Delivered,,0,1,0.0,0.0,0.0,0.0
ORD_0001733,CUST_04578,2023-03-17 17:00:00,Fashion,COD,Tier_3,562.42,34.87,0,0,Delivered,,0,1,0.0,1.0,0.0,1.0
ORD_0005848,CUST_04774,2023-03-17 18:00:00,Home,COD,Tier_2,2770.02,48.34,0,0,Delivered,,0,2,0.0,2.0,0.0,1.0
ORD_0001160,CUST_01997,2023-03-17 18:00:00,Fashion,Prepaid,Tier_2,3407.73,36.91,0,0,Delivered,,0,2,0.0,0.0,0.0,0.0
ORD_0009357,CUST_02187,2023-03-17 19:00:00,Footwear,Prepaid,Tier_3,952.01,36.47,0,0,Delivered,,0,0,0.0,0.0,0.0,0.0
ORD_0004887,CUST_01634,2023-03-17 19:00:00,Fashion,Prepaid,Tier_1,853.23,46.44,1,0,RTO,,1,1,0.0,0.0,0.0,0.0
ORD_0003402,CUST_04378,2023-03-17 21:00:00,Footwear,Prepaid,Tier_1,478.38,19.05,0,0,Delivered,,0,1,0.0,0.0,0.0,0.0
ORD_0007400,CUST_03392,2023-03-17 21:00:00,Fashion,COD,Tier_2,1497.97,36.66,1,0,RTO,,1,0,0.0,0.0,0.0,0.0
ORD_0006924,CUST_00368,2023-03-17 22:00:00,Footwear,COD,Tier_3,942.04,17.83,1,0,RTO,,1,0,0.0,0.0,0.0,0.0
ORD_0008663,CUST_04608,2023-03-17 22:00:00,Fashion,COD,Tier_1,1115.93,0.45,0,0,Delivered,,0,0,0.0,0.0,0.0,0.0
ORD_0006869,CUST_02754,2023-03-17 22:00:00,Home,COD,Tier_2,1953.01,14.74,0,0,Delivered,,0,1,1.0,0.0,1.0,0.0
ORD_0002310,CUST_00608,2023-03-17 23:00:00,Fashion,COD,Tier_2,2714.55,44.01,0,0,Delivered,,0,1,0.0,0.0,0.0,0.0
ORD_0009469,CUST_04528,2023-03-18 00:00:00,Electronics,COD,Tier_3,5301.7,4.05,0,0,Delivered,,0,0,0.0,0.0,0.0,0.0
ORD_0002737,CUST_04222,2023-03-18 01:00:00,Electronics,COD,Tier_1,448.74,4.27,0,0,Delivered,,0,1,0.0,0.0,0.0,0.0
ORD_0002871,CUST_03078,2023-03-18 02:00:00,Fashion,COD,Tier_3,1989.45,29.54,0,0,Delivered,,0,0,0.0,0.0,0.0,0.0
ORD_0005560,CUST_01281,2023-03-18 02:00:00,Footwear,COD,Tier_2,763.93,1.67,0,0,Delivered,,0,0,0.0,0.0,0.0,0.0
ORD_0006825,CUST_04721,2023-03-18 02:00:00,Fashion,Prepaid,Tier_2,1295.68,35.59,0,0,Delivered,,0,0,0.0,0.0,0.0,0.0
ORD_0000563,CUST_02423,2023-03-18 03:00:00,Footwear,COD,Tier_1,1806.82,29.52,0,0,Delivered,,0,0,0.0,0.0,0.0,0.0
ORD_0006241,CUST_05903,2023-03-18 05:00:00,Fashion,Prepaid,Tier_2,5935.81,31.92,1,0,RTO,,1,0,0.0,0.0,0.0,0.0
ORD_0000824,CUST_03552,2023-03-18 05:00:00,Home,COD,Tier_3,634.74,23.0,0,0,Delivered,,0,0,0.0,0.0,0.0,0.0
ORD_0001944,CUST_05423,2023-03-18 05:00:00,Beauty,COD,Tier_1,2472.04,8.67,1,0,RTO,,1,1,0.0,0.0,0.0,0.0
ORD_0004037,CUST_03023,2023-03-18 05:00:00,Home,Prepaid,Tier_1,889.6,19.6,0,1,Returned,Wrong Size,1,1,0.0,0.0,0.0,0.0
ORD_0001162,CUST_04516,2023-03-18 05:00:00,Home,Prepaid,Tier_2,880.96,0.06,0,0,Delivered,,0,0,0.0,0.0,0.0,0.0
ORD_0000135,CUST_04043,2023-03-18 07:00:00,Beauty,Prepaid,Tier_2,1549.39,0.3,0,0,Delivered,,0,0,0.0,0.0,0.0,0.0
ORD_0000873,CUST_01978,2023-03-18 07:00:00,Home,Prepaid,Tier_2,1212.47,25.76,0,0,Delivered,,0,0,0.0,0.0,0.0,0.0
ORD_0002659,CUST_05227,2023-03-18 08:00:00,Footwear,Prepaid,Tier_3,3187.87,12.04,0,0,Delivered,,0,0,0.0,0.0,0.0,0.0
ORD_0006698,CUST_05804,2023-03-18 08:00:00,Fashion,Prepaid,Tier_1,1303.76,8.35,0,0,Delivered,,0,0,0.0,0.0,0.0,0.0
ORD_0002175,CUST_02687,2023-03-18 10:00:00,Home,COD,Tier_1,2297.12,14.86,0,0,Delivered,,0,1,0.0,0.0,0.0,0.0
ORD_0009433,CUST_01435,2023-03-18 11:00:00,Footwear,COD,Tier_2,3086.31,48.16,0,0,Delivered,,0,1,0.0,0.0,0.0,0.0
ORD_0005952,CUST_03386,2023-03-18 14:00:00,Footwear,Prepaid,Tier_2,3890.16,47.16,0,0,Delivered,,0,0,0.0,0.0,0.0,0.0
ORD_0002463,CUST_02997,2023-03-18 16:00:00,Beauty,COD,Tier_1,1017.5,0.39,0,0,Delivered,,0,1,1.0,0.0,1.0,0.0
ORD_0000111,CUST_04647,2023-03-18 17:00:00,Fashion,COD,Tier_1,723.95,14.68,0,0,Delivered,,0,0,0.0,0.0,0.0,0.0
ORD_0004862,CUST_01449,2023-03-18 17:00:00,Footwear,COD,Tier_1,758.52,43.99,0,0,Delivered,,0,0,0.0,0.0,0.0,0.0
ORD_0000145,CUST_00521,2023-03-18 17:00:00,Electronics,COD,Tier_2,644.27,35.52,0,0,Delivered,,0,0,0.0,0.0,0.0,0.0
ORD_0003480,CUST_00943,2023-03-18 18:00:00,Footwear,COD,Tier_1,872.14,3.14,0,0,Delivered,,0,0,0.0,0.0,0.0,0.0
ORD_0008863,CUST_03437,2023-03-18 19:00:00,Fashion,COD,Tier_3,1187.11,7.29,0,0,Delivered,,0,0,0.0,0.0,0.0,0.0
ORD_0008576,CUST_01465,2023-03-18 19:00:00,Home,COD,Tier_2,342.51,35.42,1,0,RTO,,1,0,0.0,0.0,0.0,0.0
ORD_0007395,CUST_05124,2023-03-18 19:00:00,Fashion,COD,Tier_1,1807.57,39.39,0,0,Delivered,,0,0,0.0,0.0,0.0,0.0
ORD_0005311,CUST_00946,2023-03-18 20:00:00,Home,Prepaid,Tier_2,2686.84,28.76,0,0,Delivered,,0,0,0.0,0.0,0.0,0.0
ORD_0001485,CUST_01698,2023-03-18 22:00:00,Home,Prepaid,Tier_1,497.54,44.78,0,0,Delivered,,0,0,0.0,0.0,0.0,0.0
ORD_0006240,CUST_04375,2023-03-18 22:00:00,Beauty,Prepaid,Tier_1,5150.83,28.41,0,0,Delivered,,0,0,0.0,0.0,0.0,0.0
ORD_0001279,CUST_01435,2023-03-19 00:00:00,Beauty,COD,Tier_1,926.26,11.43,0,0,Delivered,,0,2,0.0,0.0,0.0,0.0
ORD_0005795,CUST_05416,2023-03-19 00:00:00,Beauty,COD,Tier_1,747.8,29.49,0,0,Delivered,,0,1,0.0,0.0,0.0,0.0
ORD_0001320,CUST_02941,2023-03-19 00:00:00,Fashion,COD,Tier_1,906.91,13.34,0,0,Delivered,,0,0,0.0,0.0,0.0,0.0
ORD_0001022,CUST_01913,2023-03-19 01:00:00,Electronics,COD,Tier_2,889.65,28.63,0,1,Returned,Not as Expected,1,1,0.0,1.0,0.0,1.0
ORD_0009281,CUST_02355,2023-03-19 03:00:00,Fashion,COD,Tier_1,2009.0,24.77,0,0,Delivered,,0,0,0.0,0.0,0.0,0.0
ORD_0008900,CUST_03376,2023-03-19 04:00:00,Fashion,Prepaid,Tier_2,3744.42,26.6,0,1,Returned,Changed Mind,1,2,0.0,1.0,0.0,0.5
ORD_0009624,CUST_02035,2023-03-19 05:00:00,Home,Prepaid,Tier_2,3132.62,14.88,1,0,RTO,,1,0,0.0,0.0,0.0,0.0
ORD_0003205,CUST_03263,2023-03-19 06:00:00,Fashion,Prepaid,Tier_2,1621.5,25.0,0,0,Delivered,,0,0,0.0,0.0,0.0,0.0
ORD_0006876,CUST_02151,2023-03-19 09:00:00,Beauty,COD,Tier_3,1009.59,32.45,0,1,Returned,Changed Mind,1,0,0.0,0.0,0.0,0.0
ORD_0001525,CUST_01815,2023-03-19 09:00:00,Fashion,COD,Tier_1,461.03,38.32,0,0,Delivered,,0,1,0.0,0.0,0.0,0.0
ORD_0009150,CUST_04444,2023-03-19 11:00:00,Fashion,Prepaid,Tier_3,683.32,1.49,0,0,Delivered,,0,0,0.0,0.0,0.0,0.0
ORD_0006902,CUST_04719,2023-03-19 11:00:00,Beauty,Prepaid,Tier_2,1886.33,42.77,0,0,Delivered,,0,0,0.0,0.0,0.0,0.0
ORD_0009018,CUST_03602,2023-03-19 12:00:00,Fashion,COD,Tier_2,859.88,24.72,0,1,Returned,Changed Mind,1,0,0.0,0.0,0.0,0.0
ORD_0008401,CUST_00489,2023-03-19 13:00:00,Footwear,COD,Tier_2,2173.23,20.55,0,1,Returned,Wrong Size,1,1,0.0,0.0,0.0,0.0
ORD_0001851,CUST_04108,2023-03-19 14:00:00,Fashion,COD,Tier_2,1856.59,44.45,1,0,RTO,,1,0,0.0,0.0,0.0,0.0
ORD_0004495,CUST_01515,2023-03-19 14:00:00,Fashion,COD,Tier_1,804.47,17.61,0,0,Delivered,,0,0,0.0,0.0,0.0,0.0
ORD_0001310,CUST_02049,2023-03-19 14:00:00,Electronics,Prepaid,Tier_3,4580.64,27.58,0,0,Delivered,,0,0,0.0,0.0,0.0,0.0
ORD_0000751,CUST_03454,2023-03-19 15:00:00,Fashion,COD,Tier_2,683.7,34.39,0,0,Delivered,,0,0,0.0,0.0,0.0,0.0
ORD_0000165,CUST_01296,2023-03-19 15:00:00,Home,COD,Tier_3,3153.0,14.73,0,0,Delivered,,0,1,0.0,0.0,0.0,0.0
ORD_0009841,CUST_00740,2023-03-19 16:00:00,Fashion,COD,Tier_3,892.64,42.55,0,0,Delivered,,0,1,0.0,0.0,0.0,0.0
ORD_0007197,CUST_03798,2023-03-19 16:00:00,Home,COD,Tier_2,654.34,49.49,0,0,Delivered,,0,0,0.0,0.0,0.0,0.0
ORD_0005993,CUST_03567,2023-03-19 17:00:00,Electronics,COD,Tier_2,4401.31,17.87,0,0,Delivered,,0,1,0.0,1.0,0.0,1.0
ORD_0003611,CUST_02252,2023-03-19 17:00:00,Fashion,Prepaid,Tier_3,764.51,38.03,0,0,Delivered,,0,0,0.0,0.0,0.0,0.0
ORD_0006502,CUST_04450,2023-03-19 17:00:00,Fashion,Prepaid,Tier_1,303.9,48.59,0,0,Delivered,,0,0,0.0,0.0,0.0,0.0
ORD_0000605,CUST_02543,2023-03-19 18:00:00,Beauty,COD,Tier_3,1488.88,22.98,0,0,Delivered,,0,1,0.0,0.0,0.0,0.0
ORD_0005157,CUST_03639,2023-03-19 18:00:00,Fashion,COD,Tier_2,2380.73,49.66,0,0,Delivered,,0,0,0.0,0.0,0.0,0.0
ORD_0008370,CUST_01943,2023-03-19 19:00:00,Footwear,COD,Tier_2,350.04,9.67,0,0,Delivered,,0,1,0.0,1.0,0.0,1.0
ORD_0008293,CUST_05002,2023-03-19 20:00:00,Footwear,COD,Tier_3,2386.15,14.99,0,0,Delivered,,0,0,0.0,0.0,0.0,0.0
ORD_0009470,CUST_03152,2023-03-19 20:00:00,Home,COD,Tier_3,3146.9,41.44,0,0,Delivered,,0,0,0.0,0.0,0.0,0.0
ORD_0005405,CUST_02090,2023-03-19 23:00:00,Beauty,COD,Tier_2,684.45,8.96,0,0,Delivered,,0,0,0.0,0.0,0.0,0.0
ORD_0001833,CUST_00629,2023-03-20 00:00:00,Footwear,COD,Tier_2,2540.45,43.53,0,0,Delivered,,0,0,0.0,0.0,0.0,0.0
ORD_0006348,CUST_02151,2023-03-20 01:00:00,Footwear,Prepaid,Tier_3,2086.53,40.6,0,0,Delivered,,0,1,1.0,0.0,1.0,0.0
ORD_0000272,CUST_03826,2023-03-20 02:00:00,Footwear,COD,Tier_2,2372.1,43.71,0,0,Delivered,,0,1,0.0,1.0,0.0,1.0
ORD_0001157,CUST_03404,2023-03-20 02:00:00,Footwear,COD,Tier_2,1811.73,7.2,1,0,RTO,,1,0,0.0,0.0,0.0,0.0
ORD_0009997,CUST_04665,2023-03-20 05:00:00,Footwear,Prepaid,Tier_3,3612.33,4.94,0,0,Delivered,,0,0,0.0,0.0,0.0,0.0
ORD_0009663,CUST_03121,2023-03-20 05:00:00,Electronics,Prepaid,Tier_1,8256.61,10.52,0,0,Delivered,,0,0,0.0,0.0,0.0,0.0
ORD_0008983,CUST_00744,2023-03-20 05:00:00,Fashion,COD,Tier_1,341.93,7.46,0,0,Delivered,,0,0,0.0,0.0,0.0,0.0
ORD_0004976,CUST_00828,2023-03-20 06:00:00,Home,Prepaid,Tier_1,441.72,15.56,0,0,Delivered,,0,2,0.0,1.0,0.0,0.5
ORD_0009320,CUST_04486,2023-03-20 07:00:00,Beauty,Prepaid,Tier_2,606.16,44.03,0,0,Delivered,,0,0,0.0,0.0,0.0,0.0
ORD_0008633,CUST_02361,2023-03-20 08:00:00,Fashion,Prepaid,Tier_2,354.96,9.8,0,0,Delivered,,0,0,0.0,0.0,0.0,0.0
ORD_0004902,CUST_02557,2023-03-20 08:00:00,Fashion,Prepaid,Tier_1,597.95,25.88,0,1,Returned,Wrong Size,1,1,0.0,0.0,0.0,0.0
ORD_0008390,CUST_05897,2023-03-20 09:00:00,Fashion,COD,Tier_2,2445.58,15.74,1,0,RTO,,1,1,0.0,0.0,0.0,0.0
ORD_0007948,CUST_00431,2023-03-20 11:00:00,Footwear,Prepaid,Tier_1,1219.69,20.13,0,1,Returned,Defective,1,0,0.0,0.0,0.0,0.0
ORD_0004394,CUST_00011,2023-03-20 17:00:00,Electronics,COD,Tier_3,724.07,48.36,0,0,Delivered,,0,0,0.0,0.0,0.0,0.0
ORD_0003634,CUST_00839,2023-03-20 19:00:00,Fashion,COD,Tier_3,4878.86,32.8,1,0,RTO,,1,1,0.0,0.0,0.0,0.0
ORD_0006181,CUST_04246,2023-03-20 19:00:00,Fashion,Prepaid,Tier_2,351.19,12.08,0,0,Delivered,,0,0,0.0,0.0,0.0,0.0
ORD_0009219,CUST_02928,2023-03-20 19:00:00,Fashion,COD,Tier_1,1306.07,40.75,0,0,Delivered,,0,0,0.0,0.0,0.0,0.0
ORD_0006691,CUST_03835,2023-03-20 20:00:00,Fashion,COD,Tier_3,1799.33,28.9,0,0,Delivered,,0,0,0.0,0.0,0.0,0.0
ORD_0003978,CUST_04185,2023-03-20 20:00:00,Footwear,Prepaid,Tier_2,3791.19,29.45,1,0,RTO,,1,0,0.0,0.0,0.0,0.0
ORD_0003922,CUST_03201,2023-03-20 20:00:00,Footwear,Prepaid,Tier_2,1155.36,32.28,0,0,Delivered,,0,0,0.0,0.0,0.0,0.0
ORD_0003895,CUST_00327,2023-03-20 22:00:00,Electronics,COD,Tier_3,537.62,47.38,0,0,Delivered,,0,1,0.0,0.0,0.0,0.0
ORD_0008624,CUST_02492,2023-03-20 22:00:00,Electronics,COD,Tier_3,633.46,21.9,1,0,RTO,,1,1,1.0,0.0,1.0,0.0
ORD_0008402,CUST_02299,2023-03-20 23:00:00,Footwear,Prepaid,Tier_3,656.34,22.69,0,0,Delivered,,0,0,0.0,0.0,0.0,0.0
ORD_0009980,CUST_01214,2023-03-21 00:00:00,Footwear,Prepaid,Tier_2,849.05,38.87,0,0,Delivered,,0,0,0.0,0.0,0.0,0.0
ORD_0005786,CUST_02301,2023-03-21 00:00:00,Fashion,Prepaid,Tier_3,873.96,26.58,0,0,Delivered,,0,0,0.0,0.0,0.0,0.0
ORD_0006965,CUST_05436,2023-03-21 00:00:00,Electronics,COD,Tier_3,1890.59,22.15,0,0,Delivered,,0,0,0.0,0.0,0.0,0.0
ORD_0002240,CUST_04242,2023-03-21 00:00:00,Electronics,COD,Tier_1,2418.04,43.89,0,0,Delivered,,0,1,0.0,0.0,0.0,0.0
ORD_0004821,CUST_02516,2023-03-21 01:00:00,Footwear,COD,Tier_1,1480.28,6.41,0,1,Returned,Wrong Size,1,0,0.0,0.0,0.0,0.0
ORD_0003441,CUST_01811,2023-03-21 01:00:00,Fashion,Prepaid,Tier_3,1312.74,5.31,0,0,Delivered,,0,0,0.0,0.0,0.0,0.0
ORD_0001024,CUST_05121,2023-03-21 02:00:00,Fashion,COD,Tier_1,737.21,3.38,1,0,RTO,,1,2,0.0,2.0,0.0,1.0
ORD_0003443,CUST_03065,2023-03-21 03:00:00,Beauty,COD,Tier_1,1532.22,10.04,0,0,Delivered,,0,0,0.0,0.0,0.0,0.0
ORD_0003844,CUST_05281,2023-03-21 03:00:00,Fashion,Prepaid,Tier_3,946.14,3.18,0,0,Delivered,,0,1,1.0,0.0,1.0,0.0
ORD_0009855,CUST_01837,2023-03-21 03:00:00,Home,COD,Tier_3,1516.87,1.14,0,0,Delivered,,0,0,0.0,0.0,0.0,0.0
ORD_0003966,CUST_02745,2023-03-21 04:00:00,Fashion,Prepaid,Tier_3,432.61,46.82,0,0,Delivered,,0,0,0.0,0.0,0.0,0.0
ORD_0002242,CUST_04602,2023-03-21 05:00:00,Fashion,COD,Tier_2,788.38,3.83,0,0,Delivered,,0,0,0.0,0.0,0.0,0.0
ORD_0007210,CUST_03388,2023-03-21 05:00:00,Electronics,COD,Tier_3,412.88,24.85,0,0,Delivered,,0,0,0.0,0.0,0.0,0.0
ORD_0004474,CUST_03935,2023-03-21 06:00:00,Fashion,Prepaid,Tier_3,3685.8,3.64,0,0,Delivered,,0,0,0.0,0.0,0.0,0.0
ORD_0004536,CUST_00285,2023-03-21 07:00:00,Fashion,COD,Tier_2,832.8,39.0,0,0,Delivered,,0,0,0.0,0.0,0.0,0.0
ORD_0004480,CUST_05229,2023-03-21 07:00:00,Fashion,COD,Tier_3,420.7,38.16,0,1,Returned,Wrong Size,1,0,0.0,0.0,0.0,0.0
ORD_0002280,CUST_01837,2023-03-21 07:00:00,Fashion,COD,Tier_3,804.05,42.39,0,1,Returned,Changed Mind,1,1,0.0,0.0,0.0,0.0
ORD_0001470,CUST_00751,2023-03-21 09:00:00,Home,COD,Tier_3,1001.38,34.29,1,0,RTO,,1,0,0.0,0.0,0.0,0.0
ORD_0002488,CUST_03058,2023-03-21 10:00:00,Fashion,Prepaid,Tier_3,936.55,4.46,0,0,Delivered,,0,1,0.0,1.0,0.0,1.0
ORD_0003206,CUST_00631,2023-03-21 11:00:00,Electronics,Prepaid,Tier_1,1036.76,43.52,0,0,Delivered,,0,0,0.0,0.0,0.0,0.0
ORD_0005988,CUST_00044,2023-03-21 12:00:00,Footwear,Prepaid,Tier_2,1524.36,40.61,0,0,Delivered,,0,0,0.0,0.0,0.0,0.0
ORD_0007106,CUST_04646,2023-03-21 13:00:00,Electronics,COD,Tier_1,2881.85,30.31,1,0,RTO,,1,0,0.0,0.0,0.0,0.0
ORD_0002953,CUST_01435,2023-03-21 13:00:00,Fashion,COD,Tier_2,1531.92,23.17,1,0,RTO,,1,3,0.0,0.0,0.0,0.0
ORD_0002321,CUST_01058,2023-03-21 14:00:00,Home,Prepaid,Tier_3,829.89,21.31,0,0,Delivered,,0,0,0.0,0.0,0.0,0.0
ORD_0002386,CUST_02437,2023-03-21 17:00:00,Home,COD,Tier_2,3226.27,18.72,0,0,Delivered,,0,0,0.0,0.0,0.0,0.0
ORD_0001737,CUST_03253,2023-03-21 18:00:00,Beauty,COD,Tier_2,568.89,19.61,0,0,Delivered,,0,1,0.0,0.0,0.0,0.0
ORD_0006982,CUST_05410,2023-03-21 18:00:00,Fashion,COD,Tier_2,1002.14,15.87,0,1,Returned,Not as Expected,1,0,0.0,0.0,0.0,0.0
ORD_0009891,CUST_03807,2023-03-21 18:00:00,Home,COD,Tier_2,1509.69,49.64,0,0,Delivered,,0,1,0.0,0.0,0.0,0.0
ORD_0002831,CUST_01081,2023-03-21 19:00:00,Fashion,COD,Tier_1,1578.52,44.71,0,0,Delivered,,0,0,0.0,0.0,0.0,0.0
ORD_0007005,CUST_03752,2023-03-21 19:00:00,Fashion,COD,Tier_2,3314.05,12.3,1,0,RTO,,1,0,0.0,0.0,0.0,0.0
ORD_0002750,CUST_03143,2023-03-21 20:00:00,Footwear,COD,Tier_3,843.31,19.84,0,0,Delivered,,0,1,1.0,0.0,1.0,0.0
ORD_0003850,CUST_05908,2023-03-21 21:00:00,Fashion,Prepaid,Tier_2,3203.77,44.87,0,0,Delivered,,0,0,0.0,0.0,0.0,0.0
ORD_0008855,CUST_03777,2023-03-21 22:00:00,Footwear,COD,Tier_1,305.54,1.53,0,0,Delivered,,0,1,0.0,0.0,0.0,0.0
ORD_0006871,CUST_03899,2023-03-21 23:00:00,Electronics,COD,Tier_1,1606.61,44.49,1,0,RTO,,1,0,0.0,0.0,0.0,0.0
ORD_0002107,CUST_00850,2023-03-22 00:00:00,Fashion,COD,Tier_1,876.63,0.63,1,0,RTO,,1,0,0.0,0.0,0.0,0.0
ORD_0001484,CUST_04541,2023-03-22 00:00:00,Electronics,COD,Tier_2,881.09,46.85,0,1,Returned,Not as Expected,1,0,0.0,0.0,0.0,0.0
ORD_0002238,CUST_01525,2023-03-22 01:00:00,Fashion,COD,Tier_2,939.1,20.36,1,0,RTO,,1,0,0.0,0.0,0.0,0.0
ORD_0003089,CUST_04001,2023-03-22 02:00:00,Fashion,COD,Tier_3,2236.8,17.08,0,0,Delivered,,0,0,0.0,0.0,0.0,0.0
ORD_0006545,CUST_05185,2023-03-22 03:00:00,Beauty,COD,Tier_3,1964.49,6.76,0,0,Delivered,,0,0,0.0,0.0,0.0,0.0
ORD_0007107,CUST_05017,2023-03-22 03:00:00,Fashion,COD,Tier_3,699.12,49.64,0,1,Returned,Wrong Size,1,0,0.0,0.0,0.0,0.0
ORD_0007034,CUST_01848,2023-03-22 03:00:00,Electronics,COD,Tier_1,2426.98,27.89,0,0,Delivered,,0,1,0.0,0.0,0.0,0.0
ORD_0005241,CUST_03691,2023-03-22 07:00:00,Fashion,Prepaid,Tier_1,815.51,1.41,0,0,Delivered,,0,0,0.0,0.0,0.0,0.0
ORD_0005702,CUST_02384,2023-03-22 07:00:00,Footwear,COD,Tier_3,1536.4,19.42,0,0,Delivered,,0,0,0.0,0.0,0.0,0.0
ORD_0003927,CUST_05269,2023-03-22 08:00:00,Fashion,COD,Tier_3,727.62,18.44,1,0,RTO,,1,0,0.0,0.0,0.0,0.0
ORD_0007567,CUST_02221,2023-03-22 09:00:00,Home,COD,Tier_3,2132.5,25.55,0,0,Delivered,,0,0,0.0,0.0,0.0,0.0
ORD_0005315,CUST_04775,2023-03-22 09:00:00,Home,COD,Tier_3,1129.27,1.08,1,0,RTO,,1,0,0.0,0.0,0.0,0.0
ORD_0003542,CUST_03751,2023-03-22 09:00:00,Electronics,COD,Tier_3,3405.23,15.28,1,0,RTO,,1,0,0.0,0.0,0.0,0.0
ORD_0004588,CUST_04610,2023-03-22 09:00:00,Fashion,Prepaid,Tier_2,1069.25,27.54,0,1,Returned,Changed Mind,1,0,0.0,0.0,0.0,0.0
ORD_0008960,CUST_00269,2023-03-22 09:00:00,Fashion,Prepaid,Tier_3,320.44,27.38,0,0,Delivered,,0,0,0.0,0.0,0.0,0.0
ORD_0003976,CUST_04065,2023-03-22 10:00:00,Footwear,COD,Tier_1,730.36,39.37,0,0,Delivered,,0,0,0.0,0.0,0.0,0.0
ORD_0006158,CUST_02251,2023-03-22 10:00:00,Home,Prepaid,Tier_2,2049.05,28.04,0,0,Delivered,,0,2,0.0,1.0,0.0,0.5
ORD_0001697,CUST_00933,2023-03-22 11:00:00,Electronics,COD,Tier_2,1555.99,39.9,0,0,Delivered,,0,1,1.0,0.0,1.0,0.0
ORD_0004359,CUST_00266,2023-03-22 14:00:00,Fashion,COD,Tier_1,807.52,5.73,1,0,RTO,,1,1,0.0,1.0,0.0,1.0
ORD_0008661,CUST_01512,2023-03-22 14:00:00,Fashion,COD,Tier_1,1529.04,11.32,0,1,Returned,Changed Mind,1,1,0.0,0.0,0.0,0.0
ORD_0005645,CUST_02592,2023-03-22 15:00:00,Electronics,Prepaid,Tier_3,1700.26,44.71,0,1,Returned,Changed Mind,1,0,0.0,0.0,0.0,0.0
ORD_0004684,CUST_01455,2023-03-22 15:00:00,Home,COD,Tier_3,2353.15,40.99,0,0,Delivered,,0,0,0.0,0.0,0.0,0.0
ORD_0006746,CUST_03630,2023-03-22 16:00:00,Footwear,COD,Tier_3,713.89,23.7,1,0,RTO,,1,1,1.0,0.0,1.0,0.0
ORD_0004988,CUST_05061,2023-03-22 16:00:00,Electronics,COD,Tier_2,2869.79,21.06,0,1,Returned,Changed Mind,1,1,0.0,0.0,0.0,0.0
ORD_0001090,CUST_05490,2023-03-22 18:00:00,Home,COD,Tier_2,2455.22,10.43,0,0,Delivered,,0,0,0.0,0.0,0.0,0.0
ORD_0000329,CUST_01784,2023-03-22 19:00:00,Fashion,COD,Tier_3,1194.3,34.08,1,0,RTO,,1,0,0.0,0.0,0.0,0.0
ORD_0003801,CUST_05987,2023-03-22 19:00:00,Fashion,COD,Tier_3,378.32,17.03,1,0,RTO,,1,0,0.0,0.0,0.0,0.0
ORD_0003635,CUST_05355,2023-03-22 19:00:00,Fashion,COD,Tier_3,355.32,30.16,0,0,Delivered,,0,2,0.0,2.0,0.0,1.0
ORD_0003185,CUST_01732,2023-03-22 20:00:00,Footwear,COD,Tier_1,321.96,17.01,0,0,Delivered,,0,0,0.0,0.0,0.0,0.0
ORD_0001271,CUST_01193,2023-03-22 21:00:00,Home,COD,Tier_3,337.83,4.17,0,0,Delivered,,0,0,0.0,0.0,0.0,0.0
ORD_0004692,CUST_05644,2023-03-22 22:00:00,Fashion,COD,Tier_3,361.47,40.71,0,0,Delivered,,0,0,0.0,0.0,0.0,0.0
ORD_0004667,CUST_02953,2023-03-22 22:00:00,Footwear,COD,Tier_2,367.94,41.71,1,0,RTO,,1,0,0.0,0.0,0.0,0.0
ORD_0001916,CUST_05490,2023-03-23 00:00:00,Fashion,Prepaid,Tier_3,1918.51,43.05,1,0,RTO,,1,1,0.0,0.0,0.0,0.0
ORD_0003560,CUST_05681,2023-03-23 00:00:00,Fashion,COD,Tier_1,639.23,20.8,0,0,Delivered,,0,0,0.0,0.0,0.0,0.0
ORD_0002427,CUST_04733,2023-03-23 03:00:00,Footwear,COD,Tier_3,3001.24,19.86,0,0,Delivered,,0,1,0.0,1.0,0.0,1.0
ORD_0007080,CUST_04566,2023-03-23 03:00:00,Fashion,Prepaid,Tier_2,957.98,43.26,1,0,RTO,,1,0,0.0,0.0,0.0,0.0
ORD_0001858,CUST_00691,2023-03-23 04:00:00,Fashion,COD,Tier_2,327.5,21.87,1,0,RTO,,1,0,0.0,0.0,0.0,0.0
ORD_0003824,CUST_05146,2023-03-23 04:00:00,Fashion,Prepaid,Tier_3,1737.98,18.67,0,0,Delivered,,0,0,0.0,0.0,0.0,0.0
ORD_0009248,CUST_00168,2023-03-23 05:00:00,Footwear,Prepaid,Tier_3,2494.79,44.3,0,0,Delivered,,0,0,0.0,0.0,0.0,0.0
ORD_0001813,CUST_01237,2023-03-23 07:00:00,Fashion,Prepaid,Tier_1,666.36,20.4,0,0,Delivered,,0,0,0.0,0.0,0.0,0.0
ORD_0002624,CUST_00999,2023-03-23 08:00:00,Fashion,COD,Tier_2,1031.67,13.03,0,0,Delivered,,0,0,0.0,0.0,0.0,0.0
ORD_0006667,CUST_01570,2023-03-23 09:00:00,Fashion,COD,Tier_3,717.49,42.39,0,1,Returned,Wrong Size,1,2,1.0,0.0,0.5,0.0
ORD_0007221,CUST_02049,2023-03-23 09:00:00,Beauty,COD,Tier_1,363.19,11.17,0,0,Delivered,,0,1,0.0,0.0,0.0,0.0
ORD_0002984,CUST_03413,2023-03-23 10:00:00,Fashion,Prepaid,Tier_3,368.65,19.0,1,0,RTO,,1,2,1.0,0.0,0.5,0.0
ORD_0002643,CUST_01656,2023-03-23 10:00:00,Footwear,COD,Tier_3,2296.5,0.0,0,0,Delivered,,0,0,0.0,0.0,0.0,0.0
ORD_0006492,CUST_03799,2023-03-23 11:00:00,Fashion,Prepaid,Tier_2,862.03,30.26,0,0,Delivered,,0,0,0.0,0.0,0.0,0.0
ORD_0004362,CUST_02607,2023-03-23 11:00:00,Electronics,Prepaid,Tier_3,486.8,46.75,0,0,Delivered,,0,1,0.0,0.0,0.0,0.0
ORD_0006305,CUST_01328,2023-03-23 12:00:00,Fashion,COD,Tier_3,2534.02,15.51,1,0,RTO,,1,0,0.0,0.0,0.0,0.0
ORD_0005986,CUST_03188,2023-03-23 13:00:00,Fashion,Prepaid,Tier_2,637.49,33.58,0,1,Returned,Wrong Size,1,1,1.0,0.0,1.0,0.0
ORD_0005836,CUST_02323,2023-03-23 14:00:00,Footwear,COD,Tier_1,2426.81,47.26,0,0,Delivered,,0,0,0.0,0.0,0.0,0.0
ORD_0000818,CUST_05305,2023-03-23 15:00:00,Electronics,COD,Tier_2,4917.54,5.66,1,0,RTO,,1,0,0.0,0.0,0.0,0.0
ORD_0002585,CUST_05425,2023-03-23 15:00:00,Beauty,Prepaid,Tier_3,2954.96,20.11,0,0,Delivered,,0,0,0.0,0.0,0.0,0.0
ORD_0007718,CUST_00002,2023-03-23 15:00:00,Fashion,COD,Tier_1,3358.46,25.19,0,0,Delivered,,0,0,0.0,0.0,0.0,0.0
ORD_0002194,CUST_05239,2023-03-23 16:00:00,Footwear,COD,Tier_2,1791.57,8.36,0,0,Delivered,,0,1,0.0,1.0,0.0,1.0
ORD_0002090,CUST_04159,2023-03-23 17:00:00,Home,Prepaid,Tier_2,1878.87,35.0,0,0,Delivered,,0,0,0.0,0.0,0.0,0.0
ORD_0000885,CUST_00142,2023-03-23 17:00:00,Fashion,COD,Tier_2,5644.72,32.75,0,0,Delivered,,0,0,0.0,0.0,0.0,0.0
ORD_0003609,CUST_02393,2023-03-23 17:00:00,Footwear,Prepaid,Tier_2,765.19,49.78,0,0,Delivered,,0,0,0.0,0.0,0.0,0.0
ORD_0005543,CUST_05742,2023-03-23 18:00:00,Footwear,COD,Tier_3,1864.79,9.01,0,0,Delivered,,0,0,0.0,0.0,0.0,0.0
ORD_0000216,CUST_05980,2023-03-23 19:00:00,Home,COD,Tier_2,2221.46,45.2,0,0,Delivered,,0,1,1.0,0.0,1.0,0.0
ORD_0009846,CUST_03557,2023-03-23 20:00:00,Home,COD,Tier_2,1092.44,46.22,0,0,Delivered,,0,0,0.0,0.0,0.0,0.0
ORD_0003520,CUST_00834,2023-03-23 20:00:00,Electronics,Prepaid,Tier_1,814.79,6.81,0,0,Delivered,,0,0,0.0,0.0,0.0,0.0
ORD_0006636,CUST_01957,2023-03-23 21:00:00,Footwear,Prepaid,Tier_2,774.15,26.77,0,1,Returned,Changed Mind,1,0,0.0,0.0,0.0,0.0
ORD_0003999,CUST_03865,2023-03-24 00:00:00,Fashion,Prepaid,Tier_1,453.22,38.98,0,0,Delivered,,0,0,0.0,0.0,0.0,0.0
ORD_0008149,CUST_00323,2023-03-24 00:00:00,Home,COD,Tier_3,532.95,34.45,0,0,Delivered,,0,1,0.0,0.0,0.0,0.0
ORD_0004458,CUST_00786,2023-03-24 06:00:00,Home,COD,Tier_3,454.04,9.69,0,1,Returned,Defective,1,0,0.0,0.0,0.0,0.0
ORD_0008452,CUST_05707,2023-03-24 06:00:00,Fashion,COD,Tier_2,3215.85,2.84,0,1,Returned,Wrong Size,1,0,0.0,0.0,0.0,0.0
ORD_0001982,CUST_04321,2023-03-24 07:00:00,Fashion,COD,Tier_2,683.45,48.48,1,0,RTO,,1,1,0.0,0.0,0.0,0.0
ORD_0002626,CUST_05543,2023-03-24 09:00:00,Home,COD,Tier_2,932.77,24.95,1,0,RTO,,1,0,0.0,0.0,0.0,0.0
ORD_0001205,CUST_03124,2023-03-24 09:00:00,Fashion,Prepaid,Tier_2,3306.64,3.71,0,1,Returned,Wrong Size,1,0,0.0,0.0,0.0,0.0
ORD_0004059,CUST_05681,2023-03-24 10:00:00,Fashion,COD,Tier_3,748.35,43.76,1,0,RTO,,1,1,0.0,0.0,0.0,0.0
ORD_0002613,CUST_01699,2023-03-24 10:00:00,Fashion,Prepaid,Tier_1,542.84,16.0,1,0,RTO,,1,1,1.0,0.0,1.0,0.0
ORD_0009056,CUST_03337,2023-03-24 10:00:00,Fashion,COD,Tier_3,2415.27,31.79,0,0,Delivered,,0,0,0.0,0.0,0.0,0.0
ORD_0002082,CUST_05475,2023-03-24 11:00:00,Footwear,Prepaid,Tier_2,3391.38,47.97,0,0,Delivered,,0,0,0.0,0.0,0.0,0.0
ORD_0004816,CUST_05362,2023-03-24 14:00:00,Home,COD,Tier_1,3937.44,17.88,1,0,RTO,,1,0,0.0,0.0,0.0,0.0
ORD_0003420,CUST_05301,2023-03-24 14:00:00,Home,COD,Tier_3,3973.15,27.62,1,0,RTO,,1,0,0.0,0.0,0.0,0.0
ORD_0005260,CUST_05985,2023-03-24 14:00:00,Home,COD,Tier_1,1087.68,6.55,0,0,Delivered,,0,0,0.0,0.0,0.0,0.0
ORD_0005346,CUST_02939,2023-03-24 15:00:00,Home,COD,Tier_2,2157.49,0.8,0,0,Delivered,,0,0,0.0,0.0,0.0,0.0
ORD_0001920,CUST_00766,2023-03-24 16:00:00,Home,COD,Tier_1,1718.21,48.68,0,0,Delivered,,0,2,0.0,0.0,0.0,0.0
ORD_0009538,CUST_04231,2023-03-24 16:00:00,Electronics,Prepaid,Tier_3,7121.94,17.66,0,0,Delivered,,0,0,0.0,0.0,0.0,0.0
ORD_0002745,CUST_03912,2023-03-24 17:00:00,Home,Prepaid,Tier_3,773.48,41.04,0,0,Delivered,,0,0,0.0,0.0,0.0,0.0
ORD_0003210,CUST_01970,2023-03-24 17:00:00,Home,COD,Tier_3,1873.76,36.9,1,0,RTO,,1,1,0.0,0.0,0.0,0.0
ORD_0009964,CUST_05702,2023-03-24 18:00:00,Fashion,Prepaid,Tier_1,1649.96,17.42,0,1,Returned,Wrong Size,1,0,0.0,0.0,0.0,0.0
ORD_0006932,CUST_00921,2023-03-24 18:00:00,Fashion,COD,Tier_3,4958.32,11.67,1,0,RTO,,1,0,0.0,0.0,0.0,0.0
ORD_0002465,CUST_02998,2023-03-24 19:00:00,Beauty,COD,Tier_2,884.88,23.52,0,0,Delivered,,0,0,0.0,0.0,0.0,0.0
ORD_0002655,CUST_00416,2023-03-24 19:00:00,Footwear,COD,Tier_2,1230.07,45.77,0,0,Delivered,,0,0,0.0,0.0,0.0,0.0
ORD_0007163,CUST_04303,2023-03-24 19:00:00,Electronics,COD,Tier_1,447.65,20.07,0,0,Delivered,,0,1,0.0,1.0,0.0,1.0
ORD_0001076,CUST_05338,2023-03-24 20:00:00,Electronics,COD,Tier_3,622.25,20.89,0,0,Delivered,,0,1,0.0,0.0,0.0,0.0
ORD_0002660,CUST_01908,2023-03-24 20:00:00,Home,Prepaid,Tier_3,1093.06,49.64,0,0,Delivered,,0,2,0.0,0.0,0.0,0.0
ORD_0000465,CUST_01721,2023-03-24 22:00:00,Electronics,COD,Tier_2,1134.61,20.7,0,0,Delivered,,0,0,0.0,0.0,0.0,0.0
ORD_0007057,CUST_03680,2023-03-24 22:00:00,Fashion,Prepaid,Tier_3,1482.25,26.83,0,0,Delivered,,0,1,0.0,1.0,0.0,1.0
ORD_0007526,CUST_00361,2023-03-24 23:00:00,Footwear,Prepaid,Tier_2,2696.74,22.65,1,0,RTO,,1,1,1.0,0.0,1.0,0.0
ORD_0004820,CUST_01830,2023-03-24 23:00:00,Fashion,Prepaid,Tier_3,415.67,10.42,0,1,Returned,Wrong Size,1,0,0.0,0.0,0.0,0.0
ORD_0008905,CUST_01267,2023-03-25 03:00:00,Footwear,Prepaid,Tier_1,1843.3,13.94,1,0,RTO,,1,0,0.0,0.0,0.0,0.0
ORD_0009668,CUST_01084,2023-03-25 03:00:00,Footwear,COD,Tier_2,360.27,31.77,0,0,Delivered,,0,1,0.0,0.0,0.0,0.0
ORD_0008258,CUST_03594,2023-03-25 03:00:00,Footwear,Prepaid,Tier_3,959.17,32.89,0,1,Returned,Changed Mind,1,0,0.0,0.0,0.0,0.0
ORD_0009705,CUST_01240,2023-03-25 04:00:00,Fashion,Prepaid,Tier_3,661.67,22.11,0,0,Delivered,,0,0,0.0,0.0,0.0,0.0
ORD_0001072,CUST_00330,2023-03-25 04:00:00,Home,COD,Tier_1,1892.56,9.11,0,0,Delivered,,0,1,0.0,0.0,0.0,0.0
ORD_0009120,CUST_01103,2023-03-25 05:00:00,Footwear,COD,Tier_2,1475.44,11.42,0,1,Returned,Wrong Size,1,0,0.0,0.0,0.0,0.0
ORD_0000455,CUST_04772,2023-03-25 05:00:00,Fashion,COD,Tier_1,4689.39,43.22,0,1,Returned,Not as Expected,1,0,0.0,0.0,0.0,0.0
ORD_0005750,CUST_05766,2023-03-25 06:00:00,Fashion,COD,Tier_2,2461.46,31.14,0,1,Returned,Wrong Size,1,1,0.0,0.0,0.0,0.0
ORD_0003719,CUST_02935,2023-03-25 06:00:00,Fashion,Prepaid,Tier_2,1131.1,3.42,0,0,Delivered,,0,0,0.0,0.0,0.0,0.0
ORD_0007202,CUST_04102,2023-03-25 09:00:00,Electronics,Prepaid,Tier_3,1031.38,13.76,0,0,Delivered,,0,1,0.0,0.0,0.0,0.0
ORD_0004661,CUST_01645,2023-03-25 09:00:00,Fashion,Prepaid,Tier_3,1878.97,6.06,0,0,Delivered,,0,1,0.0,0.0,0.0,0.0
ORD_0009078,CUST_03235,2023-03-25 09:00:00,Fashion,Prepaid,Tier_1,5038.68,40.17,0,0,Delivered,,0,0,0.0,0.0,0.0,0.0
ORD_0000786,CUST_01342,2023-03-25 12:00:00,Footwear,COD,Tier_1,785.46,2.51,0,0,Delivered,,0,1,0.0,0.0,0.0,0.0
ORD_0004418,CUST_02611,2023-03-25 13:00:00,Electronics,Prepaid,Tier_2,1392.77,13.68,0,0,Delivered,,0,0,0.0,0.0,0.0,0.0
ORD_0006015,CUST_03597,2023-03-25 15:00:00,Fashion,Prepaid,Tier_1,1549.72,47.82,0,1,Returned,Wrong Size,1,0,0.0,0.0,0.0,0.0
ORD_0006658,CUST_05398,2023-03-25 15:00:00,Fashion,COD,Tier_1,862.7,46.6,0,0,Delivered,,0,1,0.0,1.0,0.0,1.0
ORD_0003588,CUST_00079,2023-03-25 16:00:00,Home,Prepaid,Tier_1,1626.07,45.74,0,0,Delivered,,0,0,0.0,0.0,0.0,0.0
ORD_0003175,CUST_00678,2023-03-25 17:00:00,Electronics,COD,Tier_3,1383.82,34.75,0,0,Delivered,,0,1,0.0,0.0,0.0,0.0
ORD_0000382,CUST_03755,2023-03-25 17:00:00,Beauty,COD,Tier_1,1165.63,36.44,0,1,Returned,Not as Expected,1,0,0.0,0.0,0.0,0.0
ORD_0006687,CUST_01710,2023-03-25 18:00:00,Electronics,COD,Tier_2,709.68,17.42,0,0,Delivered,,0,0,0.0,0.0,0.0,0.0
ORD_0008033,CUST_00983,2023-03-25 19:00:00,Electronics,Prepaid,Tier_1,1387.34,49.91,0,0,Delivered,,0,2,0.0,0.0,0.0,0.0
ORD_0008833,CUST_04907,2023-03-25 19:00:00,Footwear,Prepaid,Tier_3,1884.4,18.3,0,0,Delivered,,0,0,0.0,0.0,0.0,0.0
ORD_0007022,CUST_05122,2023-03-25 21:00:00,Beauty,COD,Tier_1,2307.29,11.94,0,0,Delivered,,0,1,0.0,0.0,0.0,0.0
ORD_0002485,CUST_01055,2023-03-25 21:00:00,Fashion,COD,Tier_3,1779.38,2.88,0,0,Delivered,,0,0,0.0,0.0,0.0,0.0
ORD_0004103,CUST_03220,2023-03-25 23:00:00,Footwear,Prepaid,Tier_1,2844.77,9.78,0,0,Delivered,,0,2,0.0,0.0,0.0,0.0
ORD_0005771,CUST_03325,2023-03-26 00:00:00,Fashion,Prepaid,Tier_1,1200.19,12.75,1,0,RTO,,1,0,0.0,0.0,0.0,0.0
ORD_0006519,CUST_04270,2023-03-26 01:00:00,Fashion,COD,Tier_1,526.56,13.78,0,0,Delivered,,0,0,0.0,0.0,0.0,0.0
ORD_0002738,CUST_02687,2023-03-26 02:00:00,Home,COD,Tier_1,571.28,44.65,0,0,Delivered,,0,2,0.0,0.0,0.0,0.0
ORD_0006175,CUST_03226,2023-03-26 04:00:00,Fashion,COD,Tier_1,3835.48,18.29,0,0,Delivered,,0,0,0.0,0.0,0.0,0.0
ORD_0002037,CUST_05041,2023-03-26 04:00:00,Electronics,COD,Tier_1,2134.6,43.6,1,0,RTO,,1,1,0.0,0.0,0.0,0.0
ORD_0001468,CUST_01001,2023-03-26 04:00:00,Electronics,COD,Tier_3,2106.77,9.87,0,0,Delivered,,0,1,0.0,1.0,0.0,1.0
ORD_0003106,CUST_01238,2023-03-26 06:00:00,Home,Prepaid,Tier_1,2857.5,42.66,0,0,Delivered,,0,0,0.0,0.0,0.0,0.0
ORD_0001596,CUST_00764,2023-03-26 06:00:00,Fashion,Prepaid,Tier_1,1378.56,34.06,0,0,Delivered,,0,0,0.0,0.0,0.0,0.0
ORD_0009452,CUST_02276,2023-03-26 07:00:00,Footwear,Prepaid,Tier_2,6136.85,39.35,0,0,Delivered,,0,1,0.0,1.0,0.0,1.0
ORD_0007190,CUST_03461,2023-03-26 13:00:00,Fashion,Prepaid,Tier_1,486.57,11.62,0,1,Returned,Wrong Size,1,1,0.0,0.0,0.0,0.0
ORD_0005582,CUST_04888,2023-03-26 13:00:00,Footwear,COD,Tier_2,2184.54,14.17,0,0,Delivered,,0,0,0.0,0.0,0.0,0.0
ORD_0004447,CUST_03353,2023-03-26 13:00:00,Electronics,COD,Tier_1,4744.44,36.5,1,0,RTO,,1,0,0.0,0.0,0.0,0.0
ORD_0008684,CUST_00036,2023-03-26 13:00:00,Fashion,Prepaid,Tier_3,615.14,6.28,0,1,Returned,Not as Expected,1,0,0.0,0.0,0.0,0.0
ORD_0006900,CUST_02650,2023-03-26 13:00:00,Home,Prepaid,Tier_2,427.8,41.14,0,1,Returned,Changed Mind,1,0,0.0,0.0,0.0,0.0
ORD_0001804,CUST_03678,2023-03-26 15:00:00,Fashion,Prepaid,Tier_2,1304.34,18.12,1,0,RTO,,1,0,0.0,0.0,0.0,0.0
ORD_0002895,CUST_04358,2023-03-26 15:00:00,Fashion,COD,Tier_3,5023.85,22.05,1,0,RTO,,1,0,0.0,0.0,0.0,0.0
ORD_0008191,CUST_05357,2023-03-26 16:00:00,Electronics,COD,Tier_3,2172.37,8.06,1,0,RTO,,1,0,0.0,0.0,0.0,0.0
ORD_0008781,CUST_00542,2023-03-26 17:00:00,Electronics,Prepaid,Tier_1,867.59,8.14,0,0,Delivered,,0,1,1.0,0.0,1.0,0.0
ORD_0004374,CUST_02618,2023-03-26 17:00:00,Fashion,COD,Tier_2,354.63,21.69,0,1,Returned,Changed Mind,1,0,0.0,0.0,0.0,0.0
ORD_0000162,CUST_00914,2023-03-26 17:00:00,Beauty,Prepaid,Tier_2,566.45,10.1,0,0,Delivered,,0,0,0.0,0.0,0.0,0.0
ORD_0009303,CUST_00629,2023-03-26 18:00:00,Footwear,COD,Tier_1,3225.33,8.27,0,0,Delivered,,0,1,0.0,0.0,0.0,0.0
ORD_0005840,CUST_04969,2023-03-26 18:00:00,Electronics,COD,Tier_3,1975.44,18.72,0,0,Delivered,,0,1,1.0,0.0,1.0,0.0
ORD_0009661,CUST_04134,2023-03-26 19:00:00,Beauty,COD,Tier_1,1613.37,9.09,0,0,Delivered,,0,0,0.0,0.0,0.0,0.0
ORD_0006677,CUST_05746,2023-03-26 20:00:00,Home,Prepaid,Tier_3,316.75,34.63,0,0,Delivered,,0,1,0.0,1.0,0.0,1.0
ORD_0003323,CUST_05906,2023-03-26 23:00:00,Fashion,Prepaid,Tier_3,524.81,30.78,0,0,Delivered,,0,0,0.0,0.0,0.0,0.0
ORD_0001643,CUST_04989,2023-03-27 00:00:00,Beauty,COD,Tier_2,6984.88,43.89,0,0,Delivered,,0,2,0.0,0.0,0.0,0.0
ORD_0004531,CUST_03902,2023-03-27 00:00:00,Fashion,Prepaid,Tier_2,2100.15,25.34,0,0,Delivered,,0,0,0.0,0.0,0.0,0.0
ORD_0009027,CUST_01865,2023-03-27 01:00:00,Footwear,COD,Tier_3,2079.65,46.09,0,0,Delivered,,0,1,0.0,0.0,0.0,0.0
ORD_0002399,CUST_01177,2023-03-27 01:00:00,Fashion,COD,Tier_3,1285.51,2.55,0,1,Returned,Wrong Size,1,0,0.0,0.0,0.0,0.0
ORD_0005483,CUST_01578,2023-03-27 03:00:00,Beauty,COD,Tier_2,3201.47,31.55,1,0,RTO,,1,1,0.0,0.0,0.0,0.0
ORD_0009510,CUST_02883,2023-03-27 03:00:00,Fashion,COD,Tier_2,3006.03,9.11,0,0,Delivered,,0,0,0.0,0.0,0.0,0.0
ORD_0002423,CUST_03426,2023-03-27 04:00:00,Fashion,Prepaid,Tier_3,413.38,38.55,0,1,Returned,Wrong Size,1,0,0.0,0.0,0.0,0.0
ORD_0008480,CUST_03727,2023-03-27 05:00:00,Electronics,Prepaid,Tier_2,1558.8,23.63,0,0,Delivered,,0,0,0.0,0.0,0.0,0.0
ORD_0000186,CUST_00005,2023-03-27 06:00:00,Fashion,COD,Tier_3,1196.63,6.12,1,0,RTO,,1,0,0.0,0.0,0.0,0.0
ORD_0003257,CUST_01264,2023-03-27 08:00:00,Home,Prepaid,Tier_3,1427.34,46.12,0,1,Returned,Wrong Size,1,0,0.0,0.0,0.0,0.0
ORD_0001704,CUST_04859,2023-03-27 08:00:00,Footwear,COD,Tier_2,4853.98,48.91,0,0,Delivered,,0,1,1.0,0.0,1.0,0.0
ORD_0002910,CUST_00129,2023-03-27 08:00:00,Electronics,COD,Tier_2,861.67,8.21,0,0,Delivered,,0,1,0.0,0.0,0.0,0.0
ORD_0002756,CUST_04772,2023-03-27 09:00:00,Beauty,COD,Tier_1,4278.09,40.15,0,0,Delivered,,0,1,1.0,0.0,1.0,0.0
ORD_0003368,CUST_01637,2023-03-27 09:00:00,Footwear,COD,Tier_1,975.11,0.18,1,0,RTO,,1,0,0.0,0.0,0.0,0.0
ORD_0002796,CUST_01790,2023-03-27 10:00:00,Fashion,COD,Tier_2,586.65,40.57,0,0,Delivered,,0,0,0.0,0.0,0.0,0.0
ORD_0000630,CUST_00874,2023-03-27 11:00:00,Electronics,Prepaid,Tier_3,1004.36,38.23,1,0,RTO,,1,0,0.0,0.0,0.0,0.0
ORD_0004926,CUST_01544,2023-03-27 11:00:00,Beauty,Prepaid,Tier_1,1562.14,13.32,0,0,Delivered,,0,0,0.0,0.0,0.0,0.0
ORD_0009833,CUST_04011,2023-03-27 12:00:00,Fashion,COD,Tier_3,921.03,2.59,0,0,Delivered,,0,0,0.0,0.0,0.0,0.0
ORD_0007805,CUST_05106,2023-03-27 12:00:00,Electronics,COD,Tier_3,717.31,37.15,1,0,RTO,,1,2,0.0,1.0,0.0,0.5
ORD_0006762,CUST_03073,2023-03-27 14:00:00,Footwear,Prepaid,Tier_3,1472.15,2.27,0,0,Delivered,,0,0,0.0,0.0,0.0,0.0
ORD_0004305,CUST_01069,2023-03-27 15:00:00,Beauty,COD,Tier_1,1028.33,48.01,0,0,Delivered,,0,0,0.0,0.0,0.0,0.0
ORD_0003646,CUST_01720,2023-03-27 15:00:00,Footwear,Prepaid,Tier_1,322.28,23.91,0,0,Delivered,,0,0,0.0,0.0,0.0,0.0
ORD_0001795,CUST_01253,2023-03-27 15:00:00,Fashion,COD,Tier_1,1760.12,27.86,0,0,Delivered,,0,0,0.0,0.0,0.0,0.0
ORD_0005356,CUST_01947,2023-03-27 18:00:00,Fashion,Prepaid,Tier_2,2292.74,18.49,0,0,Delivered,,0,1,0.0,0.0,0.0,0.0
ORD_0002765,CUST_00509,2023-03-27 19:00:00,Fashion,COD,Tier_2,856.14,8.81,0,0,Delivered,,0,0,0.0,0.0,0.0,0.0
ORD_0007973,CUST_05595,2023-03-27 20:00:00,Fashion,Prepaid,Tier_2,905.98,36.97,0,1,Returned,Not as Expected,1,0,0.0,0.0,0.0,0.0
ORD_0005381,CUST_04821,2023-03-27 21:00:00,Beauty,Prepaid,Tier_3,2292.5,47.8,0,1,Returned,Defective,1,1,0.0,0.0,0.0,0.0
ORD_0006956,CUST_05104,2023-03-27 22:00:00,Fashion,COD,Tier_1,4089.13,41.24,0,0,Delivered,,0,0,0.0,0.0,0.0,0.0
ORD_0001390,CUST_03233,2023-03-28 00:00:00,Home,COD,Tier_2,886.85,42.5,1,0,RTO,,1,0,0.0,0.0,0.0,0.0
ORD_0000396,CUST_02335,2023-03-28 00:00:00,Beauty,Prepaid,Tier_1,2240.68,16.82,0,0,Delivered,,0,0,0.0,0.0,0.0,0.0
ORD_0007170,CUST_03743,2023-03-28 00:00:00,Fashion,COD,Tier_3,3254.74,23.14,0,0,Delivered,,0,0,0.0,0.0,0.0,0.0
ORD_0003822,CUST_05919,2023-03-28 00:00:00,Electronics,COD,Tier_3,2502.99,19.87,0,0,Delivered,,0,1,0.0,0.0,0.0,0.0
ORD_0009394,CUST_00164,2023-03-28 03:00:00,Electronics,COD,Tier_3,967.02,3.37,1,0,RTO,,1,0,0.0,0.0,0.0,0.0
ORD_0008181,CUST_00135,2023-03-28 05:00:00,Electronics,COD,Tier_3,1108.0,47.81,0,0,Delivered,,0,0,0.0,0.0,0.0,0.0
ORD_0001185,CUST_04413,2023-03-28 05:00:00,Fashion,Prepaid,Tier_2,4166.66,44.09,0,0,Delivered,,0,0,0.0,0.0,0.0,0.0
ORD_0002982,CUST_04608,2023-03-28 06:00:00,Fashion,COD,Tier_1,364.17,43.08,1,0,RTO,,1,1,0.0,0.0,0.0,0.0
ORD_0000176,CUST_02445,2023-03-28 07:00:00,Electronics,COD,Tier_2,354.7,41.57,0,0,Delivered,,0,0,0.0,0.0,0.0,0.0
ORD_0002150,CUST_03015,2023-03-28 09:00:00,Fashion,COD,Tier_1,1108.72,36.9,0,0,Delivered,,0,0,0.0,0.0,0.0,0.0
ORD_0005819,CUST_04200,2023-03-28 09:00:00,Footwear,Prepaid,Tier_2,497.38,21.77,0,1,Returned,Defective,1,0,0.0,0.0,0.0,0.0
ORD_0008501,CUST_02211,2023-03-28 10:00:00,Footwear,COD,Tier_3,4505.38,22.57,1,0,RTO,,1,0,0.0,0.0,0.0,0.0
ORD_0009660,CUST_02078,2023-03-28 11:00:00,Footwear,COD,Tier_2,581.36,46.55,0,0,Delivered,,0,0,0.0,0.0,0.0,0.0
ORD_0004136,CUST_05709,2023-03-28 15:00:00,Electronics,COD,Tier_2,1828.76,18.77,0,0,Delivered,,0,0,0.0,0.0,0.0,0.0
ORD_0002413,CUST_01004,2023-03-28 16:00:00,Electronics,COD,Tier_3,3352.4,6.61,0,0,Delivered,,0,1,0.0,0.0,0.0,0.0
ORD_0001176,CUST_02318,2023-03-28 17:00:00,Electronics,COD,Tier_2,2355.15,6.66,0,0,Delivered,,0,0,0.0,0.0,0.0,0.0
ORD_0009247,CUST_02185,2023-03-28 19:00:00,Fashion,COD,Tier_2,1796.01,21.39,0,0,Delivered,,0,0,0.0,0.0,0.0,0.0
ORD_0007379,CUST_04067,2023-03-28 19:00:00,Fashion,COD,Tier_2,1523.09,24.48,1,0,RTO,,1,0,0.0,0.0,0.0,0.0
ORD_0007596,CUST_05157,2023-03-28 22:00:00,Fashion,Prepaid,Tier_2,3058.35,32.75,0,0,Delivered,,0,1,0.0,1.0,0.0,1.0
ORD_0006788,CUST_04558,2023-03-28 23:00:00,Electronics,Prepaid,Tier_1,4125.37,26.17,0,0,Delivered,,0,0,0.0,0.0,0.0,0.0
ORD_0005605,CUST_04648,2023-03-29 01:00:00,Fashion,Prepaid,Tier_2,1490.42,0.74,0,1,Returned,Changed Mind,1,0,0.0,0.0,0.0,0.0
ORD_0003620,CUST_04185,2023-03-29 03:00:00,Electronics,Prepaid,Tier_1,4161.92,16.54,0,0,Delivered,,0,1,0.0,1.0,0.0,1.0
ORD_0009893,CUST_05901,2023-03-29 03:00:00,Home,COD,Tier_3,3613.25,7.88,0,0,Delivered,,0,0,0.0,0.0,0.0,0.0
ORD_0005948,CUST_02258,2023-03-29 03:00:00,Fashion,COD,Tier_2,2900.29,19.42,1,0,RTO,,1,0,0.0,0.0,0.0,0.0
ORD_0003770,CUST_05948,2023-03-29 06:00:00,Fashion,COD,Tier_3,674.59,22.05,0,0,Delivered,,0,0,0.0,0.0,0.0,0.0
ORD_0005026,CUST_05928,2023-03-29 06:00:00,Fashion,Prepaid,Tier_2,2247.03,46.53,0,1,Returned,Not as Expected,1,0,0.0,0.0,0.0,0.0
ORD_0006208,CUST_01725,2023-03-29 08:00:00,Footwear,COD,Tier_1,1154.96,4.43,0,0,Delivered,,0,0,0.0,0.0,0.0,0.0
ORD_0006399,CUST_03377,2023-03-29 09:00:00,Footwear,COD,Tier_3,1041.99,39.4,1,0,RTO,,1,0,0.0,0.0,0.0,0.0
ORD_0000198,CUST_00646,2023-03-29 09:00:00,Fashion,COD,Tier_3,667.74,13.2,0,1,Returned,Defective,1,1,0.0,0.0,0.0,0.0
ORD_0008284,CUST_01689,2023-03-29 10:00:00,Fashion,COD,Tier_3,597.3,14.16,0,0,Delivered,,0,1,0.0,0.0,0.0,0.0
ORD_0008710,CUST_00204,2023-03-29 10:00:00,Beauty,COD,Tier_3,686.61,27.82,1,0,RTO,,1,0,0.0,0.0,0.0,0.0
ORD_0008042,CUST_00909,2023-03-29 12:00:00,Fashion,COD,Tier_2,588.16,29.35,0,0,Delivered,,0,1,0.0,1.0,0.0,1.0
ORD_0006764,CUST_02082,2023-03-29 13:00:00,Electronics,COD,Tier_1,2580.96,49.88,1,0,RTO,,1,0,0.0,0.0,0.0,0.0
ORD_0000711,CUST_01807,2023-03-29 13:00:00,Home,COD,Tier_2,1710.16,33.8,0,1,Returned,Changed Mind,1,0,0.0,0.0,0.0,0.0
ORD_0004844,CUST_02445,2023-03-29 14:00:00,Fashion,COD,Tier_1,1015.08,48.37,1,0,RTO,,1,1,0.0,0.0,0.0,0.0
ORD_0009463,CUST_05425,2023-03-29 14:00:00,Fashion,COD,Tier_2,321.14,4.02,0,0,Delivered,,0,1,0.0,0.0,0.0,0.0
ORD_0004094,CUST_04652,2023-03-29 14:00:00,Fashion,Prepaid,Tier_3,666.24,44.47,0,0,Delivered,,0,1,0.0,0.0,0.0,0.0
ORD_0002993,CUST_05298,2023-03-29 15:00:00,Fashion,COD,Tier_1,795.66,4.65,0,1,Returned,Changed Mind,1,0,0.0,0.0,0.0,0.0
ORD_0000582,CUST_04752,2023-03-29 16:00:00,Fashion,Prepaid,Tier_1,1529.25,33.26,0,0,Delivered,,0,0,0.0,0.0,0.0,0.0
ORD_0003409,CUST_05748,2023-03-29 18:00:00,Fashion,COD,Tier_3,1494.64,37.31,0,0,Delivered,,0,0,0.0,0.0,0.0,0.0
ORD_0009896,CUST_02912,2023-03-29 18:00:00,Beauty,Prepaid,Tier_2,338.51,47.19,0,1,Returned,Wrong Size,1,0,0.0,0.0,0.0,0.0
ORD_0008785,CUST_00055,2023-03-29 18:00:00,Electronics,COD,Tier_3,670.34,39.37,0,0,Delivered,,0,0,0.0,0.0,0.0,0.0
ORD_0003590,CUST_01119,2023-03-29 19:00:00,Footwear,COD,Tier_1,801.22,1.98,0,0,Delivered,,0,0,0.0,0.0,0.0,0.0
ORD_0005472,CUST_02317,2023-03-29 20:00:00,Footwear,COD,Tier_1,1807.04,30.01,0,0,Delivered,,0,0,0.0,0.0,0.0,0.0
ORD_0001276,CUST_05586,2023-03-29 21:00:00,Electronics,COD,Tier_3,320.96,36.54,0,0,Delivered,,0,0,0.0,0.0,0.0,0.0
ORD_0005903,CUST_03124,2023-03-29 21:00:00,Fashion,Prepaid,Tier_3,1020.77,37.1,0,0,Delivered,,0,1,1.0,0.0,1.0,0.0
ORD_0004525,CUST_03430,2023-03-29 21:00:00,Footwear,COD,Tier_3,1205.7,46.68,0,0,Delivered,,0,1,0.0,0.0,0.0,0.0
ORD_0007984,CUST_02215,2023-03-29 22:00:00,Home,COD,Tier_1,2130.21,6.86,0,0,Delivered,,0,0,0.0,0.0,0.0,0.0
ORD_0009487,CUST_02437,2023-03-29 23:00:00,Footwear,COD,Tier_2,504.74,37.27,0,0,Delivered,,0,1,0.0,0.0,0.0,0.0
ORD_0009753,CUST_01480,2023-03-30 00:00:00,Home,Prepaid,Tier_2,399.38,26.96,1,0,RTO,,1,0,0.0,0.0,0.0,0.0
ORD_0000008,CUST_05544,2023-03-30 00:00:00,Fashion,COD,Tier_2,1958.51,18.48,0,0,Delivered,,0,0,0.0,0.0,0.0,0.0
ORD_0009708,CUST_05216,2023-03-30 01:00:00,Electronics,COD,Tier_2,1750.77,24.04,1,0,RTO,,1,1,0.0,0.0,0.0,0.0
ORD_0005733,CUST_00515,2023-03-30 02:00:00,Home,Prepaid,Tier_2,1263.94,20.84,0,0,Delivered,,0,1,0.0,0.0,0.0,0.0
ORD_0006493,CUST_05710,2023-03-30 03:00:00,Electronics,COD,Tier_2,2468.04,34.4,0,0,Delivered,,0,0,0.0,0.0,0.0,0.0
ORD_0002068,CUST_04711,2023-03-30 05:00:00,Fashion,Prepaid,Tier_1,955.57,17.47,0,0,Delivered,,0,0,0.0,0.0,0.0,0.0
ORD_0002547,CUST_05910,2023-03-30 05:00:00,Fashion,Prepaid,Tier_2,1690.0,10.28,0,0,Delivered,,0,0,0.0,0.0,0.0,0.0
ORD_0001153,CUST_02391,2023-03-30 06:00:00,Electronics,COD,Tier_1,706.2,32.14,0,0,Delivered,,0,0,0.0,0.0,0.0,0.0
ORD_0004216,CUST_04087,2023-03-30 06:00:00,Beauty,COD,Tier_3,2345.73,34.31,0,0,Delivered,,0,0,0.0,0.0,0.0,0.0
ORD_0009476,CUST_01000,2023-03-30 06:00:00,Fashion,COD,Tier_1,1175.75,29.59,0,0,Delivered,,0,0,0.0,0.0,0.0,0.0
ORD_0003354,CUST_02615,2023-03-30 07:00:00,Fashion,COD,Tier_3,5703.9,37.66,0,0,Delivered,,0,0,0.0,0.0,0.0,0.0
ORD_0003265,CUST_00873,2023-03-30 08:00:00,Footwear,COD,Tier_2,307.57,46.19,0,0,Delivered,,0,0,0.0,0.0,0.0,0.0
ORD_0006630,CUST_03106,2023-03-30 08:00:00,Home,COD,Tier_1,921.14,5.16,0,0,Delivered,,0,2,0.0,1.0,0.0,0.5
ORD_0009671,CUST_04756,2023-03-30 08:00:00,Home,COD,Tier_3,1234.28,15.25,0,0,Delivered,,0,1,0.0,0.0,0.0,0.0
ORD_0008838,CUST_03573,2023-03-30 08:00:00,Fashion,COD,Tier_3,2778.35,1.36,0,1,Returned,Not as Expected,1,2,1.0,1.0,0.5,0.5
ORD_0004662,CUST_00473,2023-03-30 09:00:00,Fashion,COD,Tier_3,3506.69,49.53,1,0,RTO,,1,0,0.0,0.0,0.0,0.0
ORD_0000143,CUST_03459,2023-03-30 10:00:00,Footwear,COD,Tier_3,3442.39,40.32,0,0,Delivered,,0,0,0.0,0.0,0.0,0.0
ORD_0004030,CUST_02313,2023-03-30 10:00:00,Electronics,Prepaid,Tier_3,1748.99,5.94,0,0,Delivered,,0,0,0.0,0.0,0.0,0.0
ORD_0006205,CUST_01507,2023-03-30 11:00:00,Home,Prepaid,Tier_1,4348.09,49.2,1,0,RTO,,1,1,0.0,0.0,0.0,0.0
ORD_0000374,CUST_01073,2023-03-30 11:00:00,Fashion,COD,Tier_1,4925.76,29.91,0,0,Delivered,,0,0,0.0,0.0,0.0,0.0
ORD_0005962,CUST_02513,2023-03-30 12:00:00,Home,COD,Tier_2,306.9,24.57,0,0,Delivered,,0,0,0.0,0.0,0.0,0.0
ORD_0000915,CUST_04390,2023-03-30 13:00:00,Footwear,COD,Tier_1,4921.52,10.14,0,1,Returned,Wrong Size,1,1,0.0,0.0,0.0,0.0
ORD_0007446,CUST_03392,2023-03-30 17:00:00,Beauty,COD,Tier_2,2448.23,44.51,0,0,Delivered,,0,1,0.0,1.0,0.0,1.0
ORD_0005095,CUST_03999,2023-03-30 17:00:00,Fashion,Prepaid,Tier_2,3322.5,48.29,0,0,Delivered,,0,0,0.0,0.0,0.0,0.0
ORD_0008718,CUST_00451,2023-03-30 19:00:00,Home,COD,Tier_2,745.19,23.09,0,0,Delivered,,0,0,0.0,0.0,0.0,0.0
ORD_0007385,CUST_01474,2023-03-30 20:00:00,Home,COD,Tier_1,2505.92,8.07,0,0,Delivered,,0,2,0.0,0.0,0.0,0.0
ORD_0001743,CUST_02565,2023-03-30 21:00:00,Fashion,Prepaid,Tier_1,906.38,27.43,0,1,Returned,Changed Mind,1,0,0.0,0.0,0.0,0.0
ORD_0005850,CUST_05106,2023-03-30 23:00:00,Footwear,COD,Tier_2,833.46,31.91,1,0,RTO,,1,3,0.0,2.0,0.0,0.6666666666666666
ORD_0001530,CUST_04272,2023-03-31 00:00:00,Fashion,Prepaid,Tier_1,1025.05,21.01,0,1,Returned,Defective,1,0,0.0,0.0,0.0,0.0
ORD_0009741,CUST_01480,2023-03-31 00:00:00,Fashion,COD,Tier_2,1282.82,14.38,0,0,Delivered,,0,1,0.0,1.0,0.0,1.0
ORD_0004191,CUST_01377,2023-03-31 00:00:00,Fashion,COD,Tier_1,664.83,2.19,0,1,Returned,Not as Expected,1,0,0.0,0.0,0.0,0.0
ORD_0002130,CUST_00359,2023-03-31 01:00:00,Electronics,Prepaid,Tier_3,2715.97,26.73,0,1,Returned,Not as Expected,1,0,0.0,0.0,0.0,0.0
ORD_0003459,CUST_05982,2023-03-31 01:00:00,Fashion,COD,Tier_2,1837.34,26.41,0,0,Delivered,,0,0,0.0,0.0,0.0,0.0
ORD_0008794,CUST_04653,2023-03-31 01:00:00,Electronics,COD,Tier_2,1418.08,48.09,0,0,Delivered,,0,0,0.0,0.0,0.0,0.0
ORD_0004331,CUST_06000,2023-03-31 02:00:00,Footwear,COD,Tier_3,1012.12,25.18,0,0,Delivered,,0,0,0.0,0.0,0.0,0.0
ORD_0004281,CUST_02881,2023-03-31 02:00:00,Fashion,Prepaid,Tier_3,730.69,29.95,0,0,Delivered,,0,0,0.0,0.0,0.0,0.0
ORD_0003191,CUST_00610,2023-03-31 05:00:00,Fashion,COD,Tier_1,3164.17,49.58,0,1,Returned,Not as Expected,1,0,0.0,0.0,0.0,0.0
ORD_0004893,CUST_01562,2023-03-31 05:00:00,Footwear,Prepaid,Tier_2,952.96,17.83,0,0,Delivered,,0,1,0.0,0.0,0.0,0.0
ORD_0004368,CUST_04065,2023-03-31 05:00:00,Home,COD,Tier_1,1608.15,14.89,1,0,RTO,,1,1,0.0,0.0,0.0,0.0
ORD_0004581,CUST_01226,2023-03-31 06:00:00,Fashion,COD,Tier_2,1197.14,14.47,1,0,RTO,,1,0,0.0,0.0,0.0,0.0
ORD_0009541,CUST_01066,2023-03-31 08:00:00,Home,COD,Tier_1,1358.38,22.64,0,0,Delivered,,0,1,0.0,0.0,0.0,0.0
ORD_0005089,CUST_05009,2023-03-31 08:00:00,Footwear,COD,Tier_3,5052.01,6.74,0,1,Returned,Wrong Size,1,0,0.0,0.0,0.0,0.0
ORD_0001699,CUST_03522,2023-03-31 08:00:00,Fashion,COD,Tier_2,1680.05,27.43,1,0,RTO,,1,0,0.0,0.0,0.0,0.0
ORD_0006322,CUST_03689,2023-03-31 10:00:00,Fashion,COD,Tier_1,1437.69,2.16,0,0,Delivered,,0,0,0.0,0.0,0.0,0.0
ORD_0004484,CUST_00947,2023-03-31 13:00:00,Fashion,COD,Tier_1,3329.05,41.54,0,1,Returned,Wrong Size,1,0,0.0,0.0,0.0,0.0
ORD_0002392,CUST_03602,2023-03-31 16:00:00,Fashion,COD,Tier_3,3849.61,48.53,1,0,RTO,,1,1,1.0,0.0,1.0,0.0
ORD_0008064,CUST_02726,2023-03-31 17:00:00,Fashion,COD,Tier_1,649.38,45.52,0,0,Delivered,,0,0,0.0,0.0,0.0,0.0
ORD_0002420,CUST_02378,2023-03-31 20:00:00,Electronics,COD,Tier_1,509.6,29.07,0,0,Delivered,,0,0,0.0,0.0,0.0,0.0
ORD_0006860,CUST_04713,2023-03-31 20:00:00,Footwear,Prepaid,Tier_3,1254.17,2.94,1,0,RTO,,1,2,0.0,2.0,0.0,1.0
ORD_0005970,CUST_01883,2023-03-31 23:00:00,Footwear,COD,Tier_2,1219.53,37.44,0,1,Returned,Not as Expected,1,1,0.0,0.0,0.0,0.0
ORD_0000677,CUST_00661,2023-03-31 23:00:00,Fashion,COD,Tier_1,1758.66,17.84,1,0,RTO,,1,0,0.0,0.0,0.0,0.0
ORD_0008476,CUST_03763,2023-04-01 00:00:00,Fashion,COD,Tier_2,2357.73,5.47,0,0,Delivered,,0,0,0.0,0.0,0.0,0.0
ORD_0006253,CUST_00492,2023-04-01 01:00:00,Home,COD,Tier_2,1721.15,47.25,0,0,Delivered,,0,1,0.0,0.0,0.0,0.0
ORD_0003727,CUST_02200,2023-04-01 01:00:00,Beauty,COD,Tier_3,3764.41,41.96,0,0,Delivered,,0,0,0.0,0.0,0.0,0.0
ORD_0004020,CUST_04113,2023-04-01 01:00:00,Beauty,COD,Tier_2,1244.13,22.5,0,0,Delivered,,0,0,0.0,0.0,0.0,0.0
ORD_0000248,CUST_00581,2023-04-01 02:00:00,Fashion,COD,Tier_1,554.29,39.07,0,1,Returned,Wrong Size,1,2,0.0,0.0,0.0,0.0
ORD_0007964,CUST_04346,2023-04-01 03:00:00,Fashion,Prepaid,Tier_3,990.17,30.9,0,0,Delivered,,0,0,0.0,0.0,0.0,0.0
ORD_0000479,CUST_00204,2023-04-01 03:00:00,Footwear,COD,Tier_3,843.37,16.19,0,1,Returned,Changed Mind,1,1,0.0,1.0,0.0,1.0
ORD_0000266,CUST_00795,2023-04-01 03:00:00,Beauty,Prepaid,Tier_3,3346.93,43.43,1,0,RTO,,1,1,1.0,0.0,1.0,0.0
ORD_0003849,CUST_04916,2023-04-01 03:00:00,Fashion,COD,Tier_2,1289.85,11.8,0,0,Delivered,,0,1,0.0,0.0,0.0,0.0
ORD_0002046,CUST_04988,2023-04-01 03:00:00,Fashion,COD,Tier_2,1130.45,3.26,1,0,RTO,,1,0,0.0,0.0,0.0,0.0
ORD_0005531,CUST_00139,2023-04-01 04:00:00,Home,Prepaid,Tier_3,480.28,13.73,1,0,RTO,,1,0,0.0,0.0,0.0,0.0
ORD_0008767,CUST_05964,2023-04-01 06:00:00,Beauty,Prepaid,Tier_2,3184.79,11.97,0,0,Delivered,,0,0,0.0,0.0,0.0,0.0
ORD_0005797,CUST_03397,2023-04-01 08:00:00,Footwear,COD,Tier_2,2284.79,6.86,0,0,Delivered,,0,1,0.0,0.0,0.0,0.0
ORD_0002672,CUST_01294,2023-04-01 10:00:00,Beauty,COD,Tier_3,638.1,14.5,1,0,RTO,,1,0,0.0,0.0,0.0,0.0
ORD_0001448,CUST_03344,2023-04-01 10:00:00,Footwear,COD,Tier_1,1076.16,24.35,1,0,RTO,,1,0,0.0,0.0,0.0,0.0
ORD_0006172,CUST_00267,2023-04-01 10:00:00,Electronics,COD,Tier_3,2623.7,29.26,0,0,Delivered,,0,0,0.0,0.0,0.0,0.0
ORD_0009911,CUST_05771,2023-04-01 10:00:00,Home,COD,Tier_1,619.4,31.71,1,0,RTO,,1,0,0.0,0.0,0.0,0.0
ORD_0000857,CUST_02663,2023-04-01 11:00:00,Footwear,COD,Tier_2,795.92,4.81,1,0,RTO,,1,0,0.0,0.0,0.0,0.0
ORD_0002593,CUST_02805,2023-04-01 11:00:00,Fashion,COD,Tier_2,1045.08,24.39,0,0,Delivered,,0,0,0.0,0.0,0.0,0.0
ORD_0009929,CUST_00872,2023-04-01 12:00:00,Fashion,Prepaid,Tier_3,1015.18,7.65,0,1,Returned,Not as Expected,1,0,0.0,0.0,0.0,0.0
ORD_0001441,CUST_05953,2023-04-01 12:00:00,Footwear,Prepaid,Tier_3,2343.3,0.77,0,0,Delivered,,0,0,0.0,0.0,0.0,0.0
ORD_0004702,CUST_05304,2023-04-01 15:00:00,Fashion,COD,Tier_3,404.74,28.16,1,0,RTO,,1,0,0.0,0.0,0.0,0.0
ORD_0000402,CUST_05011,2023-04-01 16:00:00,Fashion,Prepaid,Tier_3,2034.39,20.67,0,0,Delivered,,0,0,0.0,0.0,0.0,0.0
ORD_0000685,CUST_01753,2023-04-01 17:00:00,Electronics,COD,Tier_2,8883.63,13.9,0,0,Delivered,,0,1,0.0,0.0,0.0,0.0
ORD_0004360,CUST_01492,2023-04-01 19:00:00,Footwear,COD,Tier_3,2694.69,15.51,0,1,Returned,Not as Expected,1,0,0.0,0.0,0.0,0.0
ORD_0009045,CUST_04045,2023-04-01 21:00:00,Fashion,COD,Tier_2,955.49,7.19,0,1,Returned,Not as Expected,1,0,0.0,0.0,0.0,0.0
ORD_0007739,CUST_02821,2023-04-01 21:00:00,Home,COD,Tier_3,978.1,27.9,0,0,Delivered,,0,1,0.0,1.0,0.0,1.0
ORD_0000662,CUST_02272,2023-04-01 21:00:00,Fashion,Prepaid,Tier_1,558.94,42.03,0,1,Returned,Wrong Size,1,2,0.0,0.0,0.0,0.0
ORD_0005152,CUST_03102,2023-04-02 02:00:00,Fashion,COD,Tier_3,755.75,42.62,0,1,Returned,Wrong Size,1,0,0.0,0.0,0.0,0.0
ORD_0004169,CUST_03282,2023-04-02 02:00:00,Fashion,Prepaid,Tier_3,363.67,16.24,0,1,Returned,Not as Expected,1,0,0.0,0.0,0.0,0.0
ORD_0005207,CUST_02910,2023-04-02 03:00:00,Fashion,Prepaid,Tier_1,3183.6,16.52,0,0,Delivered,,0,1,0.0,0.0,0.0,0.0
ORD_0008350,CUST_00239,2023-04-02 03:00:00,Fashion,Prepaid,Tier_3,1404.31,34.24,0,0,Delivered,,0,0,0.0,0.0,0.0,0.0
ORD_0009898,CUST_04797,2023-04-02 03:00:00,Footwear,COD,Tier_3,352.12,38.35,0,1,Returned,Changed Mind,1,1,0.0,0.0,0.0,0.0
ORD_0004118,CUST_03683,2023-04-02 04:00:00,Fashion,Prepaid,Tier_2,1341.72,39.29,0,1,Returned,Changed Mind,1,0,0.0,0.0,0.0,0.0
ORD_0003004,CUST_05519,2023-04-02 04:00:00,Home,Prepaid,Tier_2,978.39,13.31,0,0,Delivered,,0,0,0.0,0.0,0.0,0.0
ORD_0004965,CUST_03887,2023-04-02 06:00:00,Electronics,COD,Tier_3,805.71,24.59,0,0,Delivered,,0,0,0.0,0.0,0.0,0.0
ORD_0001098,CUST_05428,2023-04-02 06:00:00,Electronics,COD,Tier_1,1109.25,23.13,0,0,Delivered,,0,0,0.0,0.0,0.0,0.0
ORD_0008367,CUST_02672,2023-04-02 06:00:00,Electronics,COD,Tier_1,3167.51,29.63,0,0,Delivered,,0,0,0.0,0.0,0.0,0.0
ORD_0008892,CUST_02881,2023-04-02 09:00:00,Fashion,COD,Tier_3,1535.47,23.23,0,0,Delivered,,0,1,0.0,0.0,0.0,0.0
ORD_0004728,CUST_03085,2023-04-02 10:00:00,Beauty,COD,Tier_3,2617.51,18.78,0,0,Delivered,,0,0,0.0,0.0,0.0,0.0
ORD_0007605,CUST_05841,2023-04-02 11:00:00,Footwear,COD,Tier_3,2066.48,33.34,1,0,RTO,,1,0,0.0,0.0,0.0,0.0
ORD_0002526,CUST_02456,2023-04-02 12:00:00,Fashion,Prepaid,Tier_2,3495.98,32.59,0,0,Delivered,,0,0,0.0,0.0,0.0,0.0
ORD_0004833,CUST_04781,2023-04-02 12:00:00,Fashion,COD,Tier_3,9164.43,48.56,0,0,Delivered,,0,0,0.0,0.0,0.0,0.0
ORD_0008707,CUST_04514,2023-04-02 15:00:00,Electronics,COD,Tier_2,519.54,43.56,1,0,RTO,,1,0,0.0,0.0,0.0,0.0
ORD_0005269,CUST_03152,2023-04-02 16:00:00,Footwear,Prepaid,Tier_3,2993.65,14.47,0,0,Delivered,,0,1,0.0,0.0,0.0,0.0
ORD_0009810,CUST_00169,2023-04-02 16:00:00,Fashion,COD,Tier_3,1305.69,37.9,1,0,RTO,,1,0,0.0,0.0,0.0,0.0
ORD_0008115,CUST_04020,2023-04-02 17:00:00,Footwear,COD,Tier_1,1161.86,35.99,0,0,Delivered,,0,0,0.0,0.0,0.0,0.0
ORD_0008984,CUST_01193,2023-04-02 18:00:00,Electronics,COD,Tier_3,846.7,39.39,1,0,RTO,,1,1,0.0,0.0,0.0,0.0
ORD_0009013,CUST_03889,2023-04-02 19:00:00,Fashion,COD,Tier_3,1479.66,6.08,0,0,Delivered,,0,2,0.0,1.0,0.0,0.5
ORD_0001055,CUST_00659,2023-04-02 21:00:00,Fashion,COD,Tier_3,903.87,32.03,0,0,Delivered,,0,0,0.0,0.0,0.0,0.0
ORD_0003764,CUST_05316,2023-04-02 22:00:00,Fashion,COD,Tier_3,314.67,9.86,0,0,Delivered,,0,0,0.0,0.0,0.0,0.0
ORD_0006388,CUST_05240,2023-04-02 23:00:00,Fashion,COD,Tier_1,300.66,35.86,0,0,Delivered,,0,0,0.0,0.0,0.0,0.0
ORD_0004019,CUST_00979,2023-04-03 00:00:00,Home,COD,Tier_3,4000.27,29.51,0,1,Returned,Wrong Size,1,0,0.0,0.0,0.0,0.0
ORD_0001856,CUST_02814,2023-04-03 01:00:00,Footwear,Prepaid,Tier_2,754.78,5.56,0,1,Returned,Wrong Size,1,0,0.0,0.0,0.0,0.0
ORD_0009183,CUST_05408,2023-04-03 04:00:00,Beauty,Prepaid,Tier_2,3508.08,21.85,0,0,Delivered,,0,1,0.0,0.0,0.0,0.0
ORD_0002778,CUST_05233,2023-04-03 06:00:00,Electronics,COD,Tier_1,1293.3,42.81,0,0,Delivered,,0,0,0.0,0.0,0.0,0.0
ORD_0008795,CUST_01122,2023-04-03 07:00:00,Footwear,COD,Tier_2,1146.36,44.79,0,0,Delivered,,0,0,0.0,0.0,0.0,0.0
ORD_0001419,CUST_02476,2023-04-03 07:00:00,Footwear,COD,Tier_2,5236.31,1.02,0,0,Delivered,,0,0,0.0,0.0,0.0,0.0
ORD_0000265,CUST_00773,2023-04-03 07:00:00,Footwear,COD,Tier_1,3638.79,43.46,0,1,Returned,Changed Mind,1,1,1.0,0.0,1.0,0.0
ORD_0000959,CUST_00935,2023-04-03 08:00:00,Home,COD,Tier_3,1078.35,13.79,0,0,Delivered,,0,0,0.0,0.0,0.0,0.0
ORD_0002114,CUST_02774,2023-04-03 08:00:00,Home,COD,Tier_1,512.42,21.69,0,0,Delivered,,0,0,0.0,0.0,0.0,0.0
ORD_0000928,CUST_01591,2023-04-03 08:00:00,Fashion,COD,Tier_3,4665.53,15.38,0,0,Delivered,,0,0,0.0,0.0,0.0,0.0
ORD_0006246,CUST_04606,2023-04-03 08:00:00,Fashion,Prepaid,Tier_2,873.24,13.41,0,0,Delivered,,0,0,0.0,0.0,0.0,0.0
ORD_0009594,CUST_05519,2023-04-03 09:00:00,Fashion,COD,Tier_2,9444.84,17.64,0,0,Delivered,,0,1,0.0,0.0,0.0,0.0
ORD_0000197,CUST_04648,2023-04-03 09:00:00,Fashion,COD,Tier_1,2507.2,43.3,0,0,Delivered,,0,1,1.0,0.0,1.0,0.0
ORD_0009635,CUST_05678,2023-04-03 13:00:00,Electronics,COD,Tier_2,816.47,20.79,0,0,Delivered,,0,0,0.0,0.0,0.0,0.0
ORD_0004312,CUST_01211,2023-04-03 13:00:00,Fashion,COD,Tier_3,2162.52,43.5,1,0,RTO,,1,0,0.0,0.0,0.0,0.0
ORD_0007287,CUST_00651,2023-04-03 14:00:00,Electronics,Prepaid,Tier_3,1972.91,24.52,1,0,RTO,,1,0,0.0,0.0,0.0,0.0
ORD_0006666,CUST_03977,2023-04-03 16:00:00,Fashion,COD,Tier_1,3512.86,39.58,1,0,RTO,,1,0,0.0,0.0,0.0,0.0
ORD_0000174,CUST_00872,2023-04-03 19:00:00,Fashion,Prepaid,Tier_2,844.28,21.86,1,0,RTO,,1,1,1.0,0.0,1.0,0.0
ORD_0000836,CUST_04409,2023-04-03 20:00:00,Fashion,Prepaid,Tier_2,1698.55,8.45,0,0,Delivered,,0,0,0.0,0.0,0.0,0.0
ORD_0000349,CUST_05532,2023-04-03 21:00:00,Footwear,COD,Tier_2,376.12,44.08,0,0,Delivered,,0,1,1.0,0.0,1.0,0.0
ORD_0008038,CUST_05378,2023-04-03 21:00:00,Home,COD,Tier_2,1343.98,13.0,0,0,Delivered,,0,0,0.0,0.0,0.0,0.0
ORD_0004763,CUST_05337,2023-04-03 22:00:00,Footwear,COD,Tier_3,3251.79,45.6,0,0,Delivered,,0,0,0.0,0.0,0.0,0.0
ORD_0000894,CUST_04765,2023-04-04 00:00:00,Fashion,COD,Tier_2,419.52,18.15,0,0,Delivered,,0,0,0.0,0.0,0.0,0.0
ORD_0006979,CUST_00069,2023-04-04 00:00:00,Electronics,Prepaid,Tier_2,814.36,28.06,0,0,Delivered,,0,0,0.0,0.0,0.0,0.0
ORD_0007389,CUST_02380,2023-04-04 01:00:00,Fashion,COD,Tier_2,3837.43,32.85,1,0,RTO,,1,1,0.0,0.0,0.0,0.0
ORD_0004754,CUST_00523,2023-04-04 01:00:00,Fashion,Prepaid,Tier_2,736.56,30.1,1,0,RTO,,1,0,0.0,0.0,0.0,0.0
ORD_0003216,CUST_03145,2023-04-04 02:00:00,Home,Prepaid,Tier_1,3031.05,22.77,0,0,Delivered,,0,0,0.0,0.0,0.0,0.0
ORD_0008943,CUST_05637,2023-04-04 02:00:00,Fashion,COD,Tier_3,960.26,24.66,0,1,Returned,Not as Expected,1,0,0.0,0.0,0.0,0.0
ORD_0006623,CUST_02158,2023-04-04 02:00:00,Electronics,COD,Tier_3,2510.94,29.56,1,0,RTO,,1,3,0.0,1.0,0.0,0.3333333333333333
ORD_0004773,CUST_02619,2023-04-04 03:00:00,Fashion,COD,Tier_3,3112.83,39.61,1,0,RTO,,1,1,0.0,0.0,0.0,0.0
ORD_0009201,CUST_02890,2023-04-04 03:00:00,Fashion,Prepaid,Tier_3,2333.75,21.15,0,1,Returned,Changed Mind,1,0,0.0,0.0,0.0,0.0
ORD_0000650,CUST_05019,2023-04-04 04:00:00,Fashion,Prepaid,Tier_2,1143.24,23.97,0,0,Delivered,,0,0,0.0,0.0,0.0,0.0
ORD_0001359,CUST_06000,2023-04-04 05:00:00,Fashion,COD,Tier_2,3783.18,28.92,0,0,Delivered,,0,1,0.0,0.0,0.0,0.0
ORD_0001402,CUST_05231,2023-04-04 09:00:00,Beauty,COD,Tier_1,2884.79,10.61,0,0,Delivered,,0,0,0.0,0.0,0.0,0.0
ORD_0004093,CUST_04849,2023-04-04 09:00:00,Beauty,COD,Tier_3,2666.62,17.42,1,0,RTO,,1,1,0.0,0.0,0.0,0.0
ORD_0009349,CUST_02460,2023-04-04 11:00:00,Electronics,COD,Tier_1,2258.03,11.39,0,0,Delivered,,0,1,0.0,0.0,0.0,0.0
ORD_0007036,CUST_02800,2023-04-04 12:00:00,Electronics,Prepaid,Tier_2,874.71,0.14,0,0,Delivered,,0,0,0.0,0.0,0.0,0.0
ORD_0003991,CUST_00945,2023-04-04 13:00:00,Footwear,Prepaid,Tier_3,652.21,8.56,0,0,Delivered,,0,0,0.0,0.0,0.0,0.0
ORD_0004708,CUST_03355,2023-04-04 15:00:00,Fashion,COD,Tier_3,386.08,4.95,1,0,RTO,,1,1,1.0,0.0,1.0,0.0
ORD_0005701,CUST_04831,2023-04-04 15:00:00,Fashion,Prepaid,Tier_3,654.6,14.99,0,0,Delivered,,0,1,1.0,0.0,1.0,0.0
ORD_0005911,CUST_02086,2023-04-04 17:00:00,Electronics,Prepaid,Tier_2,3367.13,25.03,0,0,Delivered,,0,0,0.0,0.0,0.0,0.0
ORD_0005691,CUST_04519,2023-04-04 19:00:00,Fashion,Prepaid,Tier_3,2265.33,20.95,0,1,Returned,Changed Mind,1,0,0.0,0.0,0.0,0.0
ORD_0003365,CUST_02991,2023-04-04 19:00:00,Fashion,COD,Tier_2,1783.56,21.9,0,1,Returned,Not as Expected,1,1,0.0,0.0,0.0,0.0
ORD_0008383,CUST_04993,2023-04-04 19:00:00,Fashion,Prepaid,Tier_1,665.19,38.69,0,1,Returned,Wrong Size,1,2,0.0,1.0,0.0,0.5
ORD_0006622,CUST_02423,2023-04-04 19:00:00,Electronics,Prepaid,Tier_1,513.5,15.16,0,1,Returned,Changed Mind,1,1,0.0,0.0,0.0,0.0
ORD_0005220,CUST_05912,2023-04-04 20:00:00,Footwear,Prepaid,Tier_2,1833.07,8.97,0,1,Returned,Wrong Size,1,0,0.0,0.0,0.0,0.0
ORD_0004994,CUST_01628,2023-04-04 20:00:00,Electronics,COD,Tier_2,1378.0,26.19,0,1,Returned,Changed Mind,1,0,0.0,0.0,0.0,0.0
ORD_0009804,CUST_03268,2023-04-04 20:00:00,Fashion,COD,Tier_2,1504.56,38.07,1,0,RTO,,1,0,0.0,0.0,0.0,0.0
ORD_0002731,CUST_01583,2023-04-04 21:00:00,Fashion,COD,Tier_2,544.0,28.33,0,1,Returned,Changed Mind,1,1,1.0,0.0,1.0,0.0
ORD_0001056,CUST_04900,2023-04-04 21:00:00,Fashion,COD,Tier_2,423.16,25.03,0,1,Returned,Not as Expected,1,0,0.0,0.0,0.0,0.0
ORD_0002620,CUST_04592,2023-04-04 22:00:00,Beauty,Prepaid,Tier_3,468.79,23.82,0,0,Delivered,,0,0,0.0,0.0,0.0,0.0
ORD_0005484,CUST_02625,2023-04-05 00:00:00,Footwear,COD,Tier_2,4653.38,16.94,0,0,Delivered,,0,0,0.0,0.0,0.0,0.0
ORD_0004871,CUST_04721,2023-04-05 01:00:00,Fashion,Prepaid,Tier_3,7234.32,33.08,0,1,Returned,Wrong Size,1,1,0.0,0.0,0.0,0.0
ORD_0008593,CUST_05591,2023-04-05 03:00:00,Home,COD,Tier_2,4383.6,11.53,0,0,Delivered,,0,0,0.0,0.0,0.0,0.0
ORD_0009867,CUST_03836,2023-04-05 06:00:00,Fashion,COD,Tier_3,1540.57,49.79,0,0,Delivered,,0,0,0.0,0.0,0.0,0.0
ORD_0002776,CUST_05655,2023-04-05 07:00:00,Beauty,COD,Tier_1,2054.98,34.76,0,0,Delivered,,0,0,0.0,0.0,0.0,0.0
ORD_0007592,CUST_01467,2023-04-05 07:00:00,Fashion,Prepaid,Tier_1,1858.07,10.3,0,1,Returned,Changed Mind,1,0,0.0,0.0,0.0,0.0
ORD_0000872,CUST_00702,2023-04-05 07:00:00,Footwear,COD,Tier_3,2555.02,26.8,1,0,RTO,,1,0,0.0,0.0,0.0,0.0
ORD_0001360,CUST_01077,2023-04-05 10:00:00,Fashion,COD,Tier_2,1180.47,27.42,0,0,Delivered,,0,0,0.0,0.0,0.0,0.0
ORD_0003663,CUST_02303,2023-04-05 10:00:00,Footwear,COD,Tier_2,477.53,48.52,1,0,RTO,,1,0,0.0,0.0,0.0,0.0
ORD_0000964,CUST_04727,2023-04-05 11:00:00,Electronics,COD,Tier_1,2248.42,38.68,0,0,Delivered,,0,0,0.0,0.0,0.0,0.0
ORD_0007796,CUST_01113,2023-04-05 13:00:00,Footwear,COD,Tier_1,1109.2,18.45,0,0,Delivered,,0,0,0.0,0.0,0.0,0.0
ORD_0009204,CUST_00504,2023-04-05 13:00:00,Footwear,Prepaid,Tier_3,1187.71,31.53,0,0,Delivered,,0,1,1.0,0.0,1.0,0.0
ORD_0002800,CUST_00671,2023-04-05 16:00:00,Fashion,COD,Tier_2,579.17,15.59,0,0,Delivered,,0,0,0.0,0.0,0.0,0.0
ORD_0005439,CUST_02863,2023-04-05 16:00:00,Electronics,Prepaid,Tier_3,2568.14,3.3,0,0,Delivered,,0,1,0.0,1.0,0.0,1.0
ORD_0004057,CUST_02838,2023-04-05 18:00:00,Fashion,COD,Tier_3,1310.61,10.22,0,1,Returned,Changed Mind,1,1,0.0,0.0,0.0,0.0
ORD_0007228,CUST_01013,2023-04-05 18:00:00,Fashion,COD,Tier_2,3302.1,21.82,0,0,Delivered,,0,0,0.0,0.0,0.0,0.0
ORD_0005371,CUST_02059,2023-04-05 19:00:00,Fashion,Prepaid,Tier_2,1407.56,31.5,0,0,Delivered,,0,1,0.0,1.0,0.0,1.0
ORD_0006116,CUST_05519,2023-04-05 21:00:00,Home,COD,Tier_1,2153.92,45.0,1,0,RTO,,1,2,0.0,0.0,0.0,0.0
ORD_0009701,CUST_03570,2023-04-05 22:00:00,Electronics,Prepaid,Tier_1,455.14,23.2,0,0,Delivered,,0,0,0.0,0.0,0.0,0.0
ORD_0003296,CUST_00694,2023-04-05 22:00:00,Home,COD,Tier_3,1069.91,38.03,1,0,RTO,,1,0,0.0,0.0,0.0,0.0
ORD_0001979,CUST_02309,2023-04-05 23:00:00,Home,COD,Tier_3,1112.42,12.37,0,0,Delivered,,0,0,0.0,0.0,0.0,0.0
ORD_0004629,CUST_01868,2023-04-05 23:00:00,Home,COD,Tier_3,370.41,4.48,1,0,RTO,,1,0,0.0,0.0,0.0,0.0
ORD_0006695,CUST_04572,2023-04-06 00:00:00,Fashion,Prepaid,Tier_2,524.33,1.05,0,0,Delivered,,0,3,0.0,1.0,0.0,0.3333333333333333
ORD_0007940,CUST_01371,2023-04-06 02:00:00,Fashion,COD,Tier_2,3779.16,24.4,0,0,Delivered,,0,0,0.0,0.0,0.0,0.0
ORD_0000085,CUST_05309,2023-04-06 02:00:00,Beauty,COD,Tier_1,2607.73,34.86,0,0,Delivered,,0,0,0.0,0.0,0.0,0.0
ORD_0001181,CUST_05407,2023-04-06 03:00:00,Fashion,COD,Tier_3,3639.7,16.59,1,0,RTO,,1,0,0.0,0.0,0.0,0.0
ORD_0008946,CUST_01027,2023-04-06 04:00:00,Fashion,COD,Tier_1,1480.02,23.2,0,0,Delivered,,0,0,0.0,0.0,0.0,0.0
ORD_0008673,CUST_01332,2023-04-06 04:00:00,Footwear,COD,Tier_3,771.7,24.2,1,0,RTO,,1,0,0.0,0.0,0.0,0.0
ORD_0008670,CUST_03055,2023-04-06 05:00:00,Home,COD,Tier_3,4958.72,37.62,0,0,Delivered,,0,0,0.0,0.0,0.0,0.0
ORD_0008454,CUST_03707,2023-04-06 08:00:00,Fashion,COD,Tier_3,2526.13,13.71,0,0,Delivered,,0,0,0.0,0.0,0.0,0.0
ORD_0006376,CUST_05715,2023-04-06 10:00:00,Footwear,Prepaid,Tier_3,887.63,7.96,0,1,Returned,Changed Mind,1,0,0.0,0.0,0.0,0.0
ORD_0008285,CUST_01173,2023-04-06 10:00:00,Home,COD,Tier_3,816.83,18.65,0,0,Delivered,,0,0,0.0,0.0,0.0,0.0
ORD_0008715,CUST_02928,2023-04-06 11:00:00,Beauty,COD,Tier_2,318.65,18.99,0,0,Delivered,,0,1,0.0,0.0,0.0,0.0
ORD_0003842,CUST_02030,2023-04-06 11:00:00,Fashion,Prepaid,Tier_3,1848.89,45.19,0,1,Returned,Changed Mind,1,0,0.0,0.0,0.0,0.0
ORD_0003942,CUST_00451,2023-04-06 14:00:00,Beauty,COD,Tier_1,621.55,24.24,0,0,Delivered,,0,1,0.0,0.0,0.0,0.0
ORD_0007970,CUST_05559,2023-04-06 14:00:00,Fashion,COD,Tier_1,2411.39,13.39,0,0,Delivered,,0,0,0.0,0.0,0.0,0.0
ORD_0002271,CUST_02458,2023-04-06 16:00:00,Footwear,Prepaid,Tier_1,1467.56,6.62,0,0,Delivered,,0,0,0.0,0.0,0.0,0.0
ORD_0004307,CUST_05874,2023-04-06 17:00:00,Footwear,Prepaid,Tier_1,1651.41,0.68,0,0,Delivered,,0,0,0.0,0.0,0.0,0.0
ORD_0008923,CUST_00143,2023-04-06 18:00:00,Footwear,COD,Tier_3,3295.31,1.16,1,0,RTO,,1,0,0.0,0.0,0.0,0.0
ORD_0007824,CUST_04111,2023-04-06 19:00:00,Fashion,COD,Tier_3,461.62,28.13,1,0,RTO,,1,3,0.0,1.0,0.0,0.3333333333333333
ORD_0006613,CUST_03838,2023-04-06 19:00:00,Fashion,Prepaid,Tier_3,993.16,31.11,0,0,Delivered,,0,0,0.0,0.0,0.0,0.0
ORD_0004259,CUST_00821,2023-04-06 20:00:00,Beauty,COD,Tier_3,1626.26,33.91,0,0,Delivered,,0,1,0.0,0.0,0.0,0.0
ORD_0003659,CUST_00487,2023-04-06 20:00:00,Beauty,Prepaid,Tier_3,2062.24,1.72,0,0,Delivered,,0,0,0.0,0.0,0.0,0.0
ORD_0005524,CUST_03340,2023-04-06 23:00:00,Fashion,Prepaid,Tier_1,1886.74,19.93,0,0,Delivered,,0,0,0.0,0.0,0.0,0.0
ORD_0002187,CUST_03663,2023-04-06 23:00:00,Footwear,Prepaid,Tier_3,577.63,40.16,0,1,Returned,Changed Mind,1,1,0.0,0.0,0.0,0.0
ORD_0004070,CUST_01952,2023-04-07 01:00:00,Fashion,COD,Tier_2,2343.34,13.28,1,0,RTO,,1,0,0.0,0.0,0.0,0.0
ORD_0002363,CUST_00233,2023-04-07 01:00:00,Beauty,Prepaid,Tier_2,4122.97,28.24,0,0,Delivered,,0,0,0.0,0.0,0.0,0.0
ORD_0004357,CUST_03208,2023-04-07 02:00:00,Fashion,Prepaid,Tier_2,1185.58,15.72,0,1,Returned,Wrong Size,1,0,0.0,0.0,0.0,0.0
ORD_0007658,CUST_00582,2023-04-07 04:00:00,Footwear,Prepaid,Tier_3,1177.35,22.63,0,0,Delivered,,0,0,0.0,0.0,0.0,0.0
ORD_0002065,CUST_00135,2023-04-07 04:00:00,Fashion,Prepaid,Tier_2,1142.8,39.92,0,0,Delivered,,0,1,0.0,0.0,0.0,0.0
ORD_0000714,CUST_02236,2023-04-07 06:00:00,Footwear,COD,Tier_1,2464.98,29.6,0,0,Delivered,,0,0,0.0,0.0,0.0,0.0
ORD_0004768,CUST_01969,2023-04-07 07:00:00,Fashion,COD,Tier_3,924.09,29.13,0,0,Delivered,,0,1,0.0,0.0,0.0,0.0
ORD_0006313,CUST_02192,2023-04-07 07:00:00,Home,Prepaid,Tier_2,812.76,28.27,0,0,Delivered,,0,1,0.0,0.0,0.0,0.0
ORD_0004433,CUST_03955,2023-04-07 08:00:00,Electronics,COD,Tier_3,4900.99,25.32,1,0,RTO,,1,1,0.0,1.0,0.0,1.0
ORD_0009874,CUST_05606,2023-04-07 08:00:00,Footwear,COD,Tier_1,307.39,12.59,0,0,Delivered,,0,0,0.0,0.0,0.0,0.0
ORD_0002690,CUST_00306,2023-04-07 09:00:00,Beauty,COD,Tier_2,3542.66,49.84,1,0,RTO,,1,0,0.0,0.0,0.0,0.0
ORD_0001829,CUST_00309,2023-04-07 09:00:00,Electronics,COD,Tier_3,3306.16,14.49,1,0,RTO,,1,0,0.0,0.0,0.0,0.0
ORD_0001991,CUST_03937,2023-04-07 09:00:00,Fashion,COD,Tier_2,1321.29,27.85,1,0,RTO,,1,0,0.0,0.0,0.0,0.0
ORD_0004751,CUST_05607,2023-04-07 13:00:00,Beauty,Prepaid,Tier_3,1148.08,29.65,0,0,Delivered,,0,0,0.0,0.0,0.0,0.0
ORD_0003203,CUST_01182,2023-04-07 14:00:00,Fashion,COD,Tier_2,1430.67,18.98,0,0,Delivered,,0,1,0.0,0.0,0.0,0.0
ORD_0000155,CUST_05905,2023-04-07 14:00:00,Beauty,Prepaid,Tier_3,1579.16,37.83,0,0,Delivered,,0,1,0.0,0.0,0.0,0.0
ORD_0002566,CUST_03613,2023-04-07 17:00:00,Footwear,Prepaid,Tier_3,925.64,7.72,0,0,Delivered,,0,0,0.0,0.0,0.0,0.0
ORD_0005392,CUST_01532,2023-04-07 20:00:00,Electronics,Prepaid,Tier_3,4433.26,42.06,0,0,Delivered,,0,0,0.0,0.0,0.0,0.0
ORD_0002586,CUST_03919,2023-04-07 20:00:00,Beauty,COD,Tier_1,1704.52,44.19,1,0,RTO,,1,1,0.0,0.0,0.0,0.0
ORD_0003826,CUST_03373,2023-04-07 21:00:00,Home,COD,Tier_2,577.82,16.4,0,1,Returned,Wrong Size,1,0,0.0,0.0,0.0,0.0
ORD_0000224,CUST_03060,2023-04-07 22:00:00,Beauty,COD,Tier_2,988.69,36.73,0,0,Delivered,,0,0,0.0,0.0,0.0,0.0
ORD_0001495,CUST_01065,2023-04-07 22:00:00,Beauty,COD,Tier_3,382.72,4.18,0,0,Delivered,,0,0,0.0,0.0,0.0,0.0
ORD_0006864,CUST_03539,2023-04-07 23:00:00,Footwear,Prepaid,Tier_2,3852.53,1.85,0,0,Delivered,,0,0,0.0,0.0,0.0,0.0
ORD_0006672,CUST_03184,2023-04-08 01:00:00,Footwear,COD,Tier_3,737.06,16.79,0,0,Delivered,,0,0,0.0,0.0,0.0,0.0
ORD_0000773,CUST_05485,2023-04-08 01:00:00,Beauty,COD,Tier_3,839.26,18.59,1,0,RTO,,1,0,0.0,0.0,0.0,0.0
ORD_0005263,CUST_03174,2023-04-08 02:00:00,Footwear,COD,Tier_1,1440.24,39.76,0,0,Delivered,,0,2,0.0,1.0,0.0,0.5
ORD_0006328,CUST_05962,2023-04-08 02:00:00,Footwear,COD,Tier_1,3101.98,14.08,0,0,Delivered,,0,0,0.0,0.0,0.0,0.0
ORD_0000267,CUST_05399,2023-04-08 03:00:00,Electronics,COD,Tier_1,1998.29,16.41,0,0,Delivered,,0,0,0.0,0.0,0.0,0.0
ORD_0008221,CUST_01399,2023-04-08 04:00:00,Beauty,COD,Tier_3,522.03,39.32,0,0,Delivered,,0,0,0.0,0.0,0.0,0.0
ORD_0007500,CUST_04146,2023-04-08 04:00:00,Fashion,Prepaid,Tier_1,2066.67,43.53,0,1,Returned,Wrong Size,1,0,0.0,0.0,0.0,0.0
ORD_0004065,CUST_05958,2023-04-08 06:00:00,Electronics,COD,Tier_2,2196.61,47.27,1,0,RTO,,1,0,0.0,0.0,0.0,0.0
ORD_0000847,CUST_03693,2023-04-08 08:00:00,Home,Prepaid,Tier_1,1964.86,12.05,0,0,Delivered,,0,0,0.0,0.0,0.0,0.0
ORD_0008034,CUST_00708,2023-04-08 10:00:00,Electronics,Prepaid,Tier_1,322.64,39.98,0,0,Delivered,,0,1,1.0,0.0,1.0,0.0
ORD_0001110,CUST_00010,2023-04-08 11:00:00,Footwear,COD,Tier_2,2383.3,45.64,0,0,Delivered,,0,0,0.0,0.0,0.0,0.0
ORD_0001383,CUST_05541,2023-04-08 11:00:00,Fashion,COD,Tier_3,622.61,40.42,0,0,Delivered,,0,0,0.0,0.0,0.0,0.0
ORD_0008882,CUST_05612,2023-04-08 11:00:00,Footwear,COD,Tier_1,306.87,6.25,0,1,Returned,Wrong Size,1,0,0.0,0.0,0.0,0.0
ORD_0002034,CUST_05780,2023-04-08 13:00:00,Footwear,COD,Tier_3,350.68,46.14,0,0,Delivered,,0,2,0.0,1.0,0.0,0.5
ORD_0007021,CUST_02912,2023-04-08 13:00:00,Beauty,COD,Tier_2,1351.59,24.66,0,0,Delivered,,0,1,1.0,0.0,1.0,0.0
ORD_0007630,CUST_01503,2023-04-08 14:00:00,Electronics,COD,Tier_2,1713.69,30.49,1,0,RTO,,1,0,0.0,0.0,0.0,0.0
ORD_0000069,CUST_00654,2023-04-08 15:00:00,Fashion,Prepaid,Tier_2,2109.62,42.78,0,0,Delivered,,0,0,0.0,0.0,0.0,0.0
ORD_0006649,CUST_05023,2023-04-08 15:00:00,Electronics,COD,Tier_1,490.45,48.17,0,0,Delivered,,0,1,0.0,0.0,0.0,0.0
ORD_0002573,CUST_03362,2023-04-08 16:00:00,Fashion,Prepaid,Tier_2,842.48,22.92,0,0,Delivered,,0,1,0.0,0.0,0.0,0.0
ORD_0002396,CUST_01672,2023-04-08 16:00:00,Footwear,Prepaid,Tier_1,2089.69,18.1,0,0,Delivered,,0,1,1.0,0.0,1.0,0.0
ORD_0005959,CUST_04546,2023-04-08 16:00:00,Fashion,Prepaid,Tier_2,1537.52,23.18,0,0,Delivered,,0,0,0.0,0.0,0.0,0.0
ORD_0002557,CUST_01211,2023-04-08 17:00:00,Fashion,Prepaid,Tier_2,2437.55,20.73,0,0,Delivered,,0,1,0.0,1.0,0.0,1.0
ORD_0000207,CUST_03894,2023-04-08 18:00:00,Beauty,Prepaid,Tier_2,350.64,4.08,0,0,Delivered,,0,2,0.0,0.0,0.0,0.0
ORD_0005145,CUST_02711,2023-04-08 18:00:00,Home,COD,Tier_2,627.91,46.66,0,0,Delivered,,0,0,0.0,0.0,0.0,0.0
ORD_0006448,CUST_04358,2023-04-08 18:00:00,Home,COD,Tier_3,1355.4,8.01,1,0,RTO,,1,1,0.0,1.0,0.0,1.0
ORD_0004695,CUST_00225,2023-04-08 19:00:00,Home,Prepaid,Tier_2,1909.82,42.05,0,0,Delivered,,0,0,0.0,0.0,0.0,0.0
ORD_0002989,CUST_01990,2023-04-08 19:00:00,Fashion,Prepaid,Tier_2,1463.18,46.19,0,0,Delivered,,0,0,0.0,0.0,0.0,0.0
ORD_0005382,CUST_04478,2023-04-08 20:00:00,Home,COD,Tier_1,1085.33,35.16,0,0,Delivered,,0,0,0.0,0.0,0.0,0.0
ORD_0007836,CUST_00928,2023-04-08 20:00:00,Footwear,COD,Tier_1,1991.92,30.58,0,0,Delivered,,0,1,0.0,0.0,0.0,0.0
ORD_0006091,CUST_03775,2023-04-08 22:00:00,Home,COD,Tier_3,3593.21,37.15,0,0,Delivered,,0,0,0.0,0.0,0.0,0.0
ORD_0000400,CUST_05764,2023-04-08 23:00:00,Fashion,COD,Tier_1,1722.14,49.96,0,0,Delivered,,0,1,1.0,0.0,1.0,0.0
ORD_0008508,CUST_00664,2023-04-08 23:00:00,Footwear,COD,Tier_1,723.01,31.08,0,0,Delivered,,0,0,0.0,0.0,0.0,0.0
ORD_0000004,CUST_02007,2023-04-08 23:00:00,Footwear,COD,Tier_2,960.41,48.19,0,0,Delivered,,0,1,0.0,0.0,0.0,0.0
ORD_0008998,CUST_04737,2023-04-09 01:00:00,Electronics,Prepaid,Tier_2,617.45,15.3,0,0,Delivered,,0,2,0.0,1.0,0.0,0.5
ORD_0002158,CUST_05670,2023-04-09 01:00:00,Beauty,COD,Tier_2,617.61,27.89,1,0,RTO,,1,0,0.0,0.0,0.0,0.0
ORD_0000399,CUST_04451,2023-04-09 01:00:00,Fashion,COD,Tier_1,1900.7,40.19,0,0,Delivered,,0,0,0.0,0.0,0.0,0.0
ORD_0000681,CUST_03138,2023-04-09 02:00:00,Fashion,COD,Tier_2,1214.94,40.92,0,0,Delivered,,0,1,0.0,0.0,0.0,0.0
ORD_0002670,CUST_00043,2023-04-09 03:00:00,Home,Prepaid,Tier_1,874.37,15.94,0,1,Returned,Wrong Size,1,0,0.0,0.0,0.0,0.0
ORD_0002498,CUST_00330,2023-04-09 03:00:00,Fashion,Prepaid,Tier_1,1861.69,21.16,0,0,Delivered,,0,2,0.0,0.0,0.0,0.0
ORD_0000199,CUST_00702,2023-04-09 05:00:00,Home,COD,Tier_2,1914.31,21.99,1,0,RTO,,1,1,0.0,1.0,0.0,1.0
ORD_0006382,CUST_05170,2023-04-09 05:00:00,Home,COD,Tier_3,2850.83,46.98,0,0,Delivered,,0,1,0.0,0.0,0.0,0.0
ORD_0005221,CUST_03353,2023-04-09 05:00:00,Footwear,Prepaid,Tier_3,520.8,23.95,0,0,Delivered,,0,1,0.0,1.0,0.0,1.0
ORD_0004345,CUST_04825,2023-04-09 05:00:00,Electronics,COD,Tier_2,1053.67,8.1,1,0,RTO,,1,1,0.0,0.0,0.0,0.0
ORD_0009543,CUST_05618,2023-04-09 06:00:00,Fashion,Prepaid,Tier_3,533.29,26.16,0,1,Returned,Not as Expected,1,1,0.0,1.0,0.0,1.0
ORD_0009086,CUST_01631,2023-04-09 07:00:00,Fashion,Prepaid,Tier_3,2035.16,18.25,0,0,Delivered,,0,1,0.0,0.0,0.0,0.0
ORD_0005579,CUST_00343,2023-04-09 07:00:00,Beauty,COD,Tier_1,1173.54,8.2,0,1,Returned,Not as Expected,1,0,0.0,0.0,0.0,0.0
ORD_0008043,CUST_05699,2023-04-09 08:00:00,Footwear,COD,Tier_2,2228.44,44.98,0,0,Delivered,,0,0,0.0,0.0,0.0,0.0
ORD_0000716,CUST_03979,2023-04-09 09:00:00,Fashion,COD,Tier_2,578.17,24.81,0,1,Returned,Not as Expected,1,1,0.0,0.0,0.0,0.0
ORD_0006330,CUST_05424,2023-04-09 11:00:00,Fashion,COD,Tier_2,957.38,16.09,0,0,Delivered,,0,1,0.0,0.0,0.0,0.0
ORD_0000298,CUST_00803,2023-04-09 12:00:00,Home,COD,Tier_2,1308.82,48.36,0,0,Delivered,,0,0,0.0,0.0,0.0,0.0
ORD_0005851,CUST_05404,2023-04-09 13:00:00,Fashion,COD,Tier_2,2742.45,25.29,0,1,Returned,Wrong Size,1,0,0.0,0.0,0.0,0.0
ORD_0003602,CUST_03637,2023-04-09 14:00:00,Fashion,COD,Tier_2,999.93,48.14,0,0,Delivered,,0,3,0.0,1.0,0.0,0.3333333333333333
ORD_0006034,CUST_05366,2023-04-09 17:00:00,Home,COD,Tier_3,315.29,9.32,0,0,Delivered,,0,0,0.0,0.0,0.0,0.0
ORD_0007335,CUST_03020,2023-04-09 18:00:00,Footwear,COD,Tier_1,1273.23,30.87,0,0,Delivered,,0,0,0.0,0.0,0.0,0.0
ORD_0007897,CUST_02350,2023-04-09 20:00:00,Fashion,COD,Tier_2,1512.27,27.34,0,0,Delivered,,0,0,0.0,0.0,0.0,0.0
ORD_0000802,CUST_01990,2023-04-09 20:00:00,Home,Prepaid,Tier_2,1646.9,6.95,0,0,Delivered,,0,1,0.0,0.0,0.0,0.0
ORD_0009899,CUST_00670,2023-04-09 23:00:00,Beauty,COD,Tier_2,2108.0,10.65,0,0,Delivered,,0,0,0.0,0.0,0.0,0.0
ORD_0005787,CUST_01733,2023-04-09 23:00:00,Electronics,COD,Tier_3,6225.58,38.78,0,0,Delivered,,0,0,0.0,0.0,0.0,0.0
ORD_0005288,CUST_02572,2023-04-09 23:00:00,Fashion,COD,Tier_2,1911.1,14.61,0,0,Delivered,,0,2,0.0,0.0,0.0,0.0
ORD_0008014,CUST_03654,2023-04-10 00:00:00,Fashion,COD,Tier_2,4303.56,14.3,0,0,Delivered,,0,0,0.0,0.0,0.0,0.0
ORD_0000968,CUST_01243,2023-04-10 00:00:00,Footwear,COD,Tier_3,1167.1,14.6,1,0,RTO,,1,0,0.0,0.0,0.0,0.0
ORD_0003322,CUST_02021,2023-04-10 03:00:00,Electronics,Prepaid,Tier_3,3405.78,3.56,0,0,Delivered,,0,1,0.0,1.0,0.0,1.0
ORD_0008135,CUST_00453,2023-04-10 03:00:00,Footwear,COD,Tier_3,1609.07,33.5,0,0,Delivered,,0,0,0.0,0.0,0.0,0.0
ORD_0007921,CUST_05741,2023-04-10 03:00:00,Fashion,COD,Tier_2,355.19,35.73,0,0,Delivered,,0,2,0.0,0.0,0.0,0.0
ORD_0004549,CUST_01579,2023-04-10 03:00:00,Fashion,COD,Tier_2,2139.37,36.94,0,0,Delivered,,0,0,0.0,0.0,0.0,0.0
ORD_0004278,CUST_00232,2023-04-10 04:00:00,Fashion,Prepaid,Tier_1,1164.73,15.42,0,1,Returned,Not as Expected,1,0,0.0,0.0,0.0,0.0
ORD_0009214,CUST_02796,2023-04-10 04:00:00,Fashion,COD,Tier_3,1600.22,18.83,0,0,Delivered,,0,1,0.0,0.0,0.0,0.0
ORD_0006020,CUST_02343,2023-04-10 06:00:00,Fashion,COD,Tier_2,650.71,27.12,0,0,Delivered,,0,0,0.0,0.0,0.0,0.0
ORD_0000527,CUST_03575,2023-04-10 06:00:00,Fashion,COD,Tier_3,467.86,11.1,1,0,RTO,,1,0,0.0,0.0,0.0,0.0
ORD_0006688,CUST_05372,2023-04-10 07:00:00,Footwear,COD,Tier_1,547.64,3.18,0,0,Delivered,,0,0,0.0,0.0,0.0,0.0
ORD_0001926,CUST_00150,2023-04-10 08:00:00,Beauty,COD,Tier_3,610.18,22.33,1,0,RTO,,1,0,0.0,0.0,0.0,0.0
ORD_0004479,CUST_01400,2023-04-10 08:00:00,Electronics,COD,Tier_2,2373.48,17.82,0,0,Delivered,,0,1,1.0,0.0,1.0,0.0
ORD_0003503,CUST_03541,2023-04-10 10:00:00,Footwear,COD,Tier_1,1813.62,22.68,0,0,Delivered,,0,1,0.0,0.0,0.0,0.0
ORD_0002567,CUST_02570,2023-04-10 10:00:00,Fashion,Prepaid,Tier_2,1532.01,34.45,0,0,Delivered,,0,0,0.0,0.0,0.0,0.0
ORD_0003297,CUST_05938,2023-04-10 11:00:00,Beauty,Prepaid,Tier_3,826.42,26.6,0,0,Delivered,,0,0,0.0,0.0,0.0,0.0
ORD_0003755,CUST_01303,2023-04-10 11:00:00,Fashion,COD,Tier_3,4095.75,37.16,0,0,Delivered,,0,0,0.0,0.0,0.0,0.0
ORD_0009559,CUST_01491,2023-04-10 14:00:00,Footwear,Prepaid,Tier_2,719.76,24.4,0,0,Delivered,,0,0,0.0,0.0,0.0,0.0
ORD_0004267,CUST_04717,2023-04-10 14:00:00,Fashion,Prepaid,Tier_2,1474.19,2.68,0,0,Delivered,,0,1,0.0,0.0,0.0,0.0
ORD_0005831,CUST_05224,2023-04-10 15:00:00,Fashion,COD,Tier_1,494.33,13.83,1,0,RTO,,1,0,0.0,0.0,0.0,0.0
ORD_0006235,CUST_03454,2023-04-10 17:00:00,Fashion,COD,Tier_2,336.31,22.99,0,0,Delivered,,0,1,0.0,0.0,0.0,0.0
ORD_0005202,CUST_00799,2023-04-10 17:00:00,Footwear,COD,Tier_2,1523.76,33.36,1,0,RTO,,1,0,0.0,0.0,0.0,0.0
ORD_0008540,CUST_05758,2023-04-10 17:00:00,Footwear,COD,Tier_3,2333.16,2.57,1,0,RTO,,1,1,0.0,0.0,0.0,0.0
ORD_0000328,CUST_02431,2023-04-10 17:00:00,Footwear,Prepaid,Tier_2,4907.82,3.43,0,0,Delivered,,0,0,0.0,0.0,0.0,0.0
ORD_0005120,CUST_03546,2023-04-10 19:00:00,Electronics,COD,Tier_3,2547.88,23.96,0,0,Delivered,,0,1,0.0,0.0,0.0,0.0
ORD_0000147,CUST_03127,2023-04-10 19:00:00,Fashion,COD,Tier_1,1672.42,14.05,0,0,Delivered,,0,0,0.0,0.0,0.0,0.0
ORD_0003771,CUST_05730,2023-04-10 19:00:00,Fashion,COD,Tier_2,5338.92,43.47,0,0,Delivered,,0,0,0.0,0.0,0.0,0.0
ORD_0009873,CUST_01047,2023-04-10 21:00:00,Electronics,COD,Tier_2,2301.48,45.72,1,0,RTO,,1,0,0.0,0.0,0.0,0.0
ORD_0005366,CUST_05613,2023-04-10 22:00:00,Home,Prepaid,Tier_2,1154.57,25.08,0,0,Delivered,,0,0,0.0,0.0,0.0,0.0
ORD_0004261,CUST_05382,2023-04-10 22:00:00,Electronics,COD,Tier_3,309.86,31.05,0,1,Returned,Changed Mind,1,1,0.0,0.0,0.0,0.0
ORD_0005448,CUST_05065,2023-04-10 23:00:00,Beauty,COD,Tier_3,3849.67,22.89,0,0,Delivered,,0,0,0.0,0.0,0.0,0.0
ORD_0003742,CUST_03765,2023-04-10 23:00:00,Fashion,Prepaid,Tier_2,871.25,49.08,0,0,Delivered,,0,0,0.0,0.0,0.0,0.0
ORD_0008355,CUST_01928,2023-04-11 00:00:00,Fashion,COD,Tier_1,540.73,10.13,0,0,Delivered,,0,1,1.0,0.0,1.0,0.0
ORD_0009028,CUST_03339,2023-04-11 03:00:00,Fashion,COD,Tier_2,2784.96,18.22,1,0,RTO,,1,0,0.0,0.0,0.0,0.0
ORD_0002017,CUST_03164,2023-04-11 06:00:00,Beauty,COD,Tier_2,1022.27,31.0,0,1,Returned,Wrong Size,1,0,0.0,0.0,0.0,0.0
ORD_0007298,CUST_00401,2023-04-11 06:00:00,Home,COD,Tier_3,673.68,2.37,0,0,Delivered,,0,0,0.0,0.0,0.0,0.0
ORD_0002767,CUST_00969,2023-04-11 07:00:00,Electronics,COD,Tier_3,1340.54,13.49,0,0,Delivered,,0,0,0.0,0.0,0.0,0.0
ORD_0004265,CUST_00459,2023-04-11 07:00:00,Footwear,COD,Tier_1,1768.62,13.76,1,0,RTO,,1,0,0.0,0.0,0.0,0.0
ORD_0004201,CUST_01416,2023-04-11 07:00:00,Beauty,COD,Tier_2,386.2,40.17,0,0,Delivered,,0,0,0.0,0.0,0.0,0.0
ORD_0006261,CUST_02129,2023-04-11 09:00:00,Home,Prepaid,Tier_3,3142.48,2.14,0,0,Delivered,,0,1,1.0,0.0,1.0,0.0
ORD_0000629,CUST_00046,2023-04-11 10:00:00,Beauty,COD,Tier_2,2118.5,33.15,0,0,Delivered,,0,0,0.0,0.0,0.0,0.0
ORD_0007714,CUST_01783,2023-04-11 11:00:00,Home,Prepaid,Tier_3,2328.69,15.39,1,0,RTO,,1,0,0.0,0.0,0.0,0.0
ORD_0001374,CUST_02106,2023-04-11 12:00:00,Fashion,COD,Tier_2,1228.57,49.51,0,0,Delivered,,0,0,0.0,0.0,0.0,0.0
ORD_0000458,CUST_03521,2023-04-11 14:00:00,Fashion,COD,Tier_2,857.27,2.49,1,0,RTO,,1,0,0.0,0.0,0.0,0.0
ORD_0005490,CUST_04369,2023-04-11 14:00:00,Electronics,Prepaid,Tier_2,5914.07,31.68,0,1,Returned,Wrong Size,1,0,0.0,0.0,0.0,0.0
ORD_0000423,CUST_01668,2023-04-11 15:00:00,Beauty,COD,Tier_3,558.27,2.62,0,0,Delivered,,0,0,0.0,0.0,0.0,0.0
ORD_0007424,CUST_03245,2023-04-11 18:00:00,Footwear,COD,Tier_1,2260.86,9.17,0,0,Delivered,,0,0,0.0,0.0,0.0,0.0
ORD_0008202,CUST_01160,2023-04-11 18:00:00,Fashion,COD,Tier_2,1857.33,11.98,0,0,Delivered,,0,0,0.0,0.0,0.0,0.0
ORD_0001553,CUST_05187,2023-04-11 19:00:00,Home,Prepaid,Tier_1,404.69,32.53,0,0,Delivered,,0,0,0.0,0.0,0.0,0.0
ORD_0007484,CUST_00712,2023-04-11 19:00:00,Fashion,COD,Tier_1,3181.43,37.97,0,1,Returned,Not as Expected,1,0,0.0,0.0,0.0,0.0
ORD_0003309,CUST_02199,2023-04-11 20:00:00,Footwear,Prepaid,Tier_1,376.89,29.15,0,0,Delivered,,0,0,0.0,0.0,0.0,0.0
ORD_0006290,CUST_05028,2023-04-11 22:00:00,Fashion,Prepaid,Tier_1,1149.73,9.77,1,0,RTO,,1,1,0.0,0.0,0.0,0.0
ORD_0007263,CUST_05132,2023-04-11 23:00:00,Footwear,COD,Tier_3,624.75,34.51,1,0,RTO,,1,0,0.0,0.0,0.0,0.0
ORD_0003768,CUST_05125,2023-04-12 01:00:00,Footwear,COD,Tier_2,560.7,12.91,1,0,RTO,,1,1,0.0,0.0,0.0,0.0
ORD_0002525,CUST_04612,2023-04-12 02:00:00,Electronics,COD,Tier_1,396.1,15.25,0,0,Delivered,,0,0,0.0,0.0,0.0,0.0
ORD_0005400,CUST_04560,2023-04-12 02:00:00,Fashion,COD,Tier_2,2022.7,49.25,0,0,Delivered,,0,0,0.0,0.0,0.0,0.0
ORD_0000273,CUST_05973,2023-04-12 03:00:00,Home,COD,Tier_2,1464.5,35.51,0,0,Delivered,,0,0,0.0,0.0,0.0,0.0
ORD_0002227,CUST_04702,2023-04-12 03:00:00,Footwear,Prepaid,Tier_2,1388.42,14.69,1,0,RTO,,1,0,0.0,0.0,0.0,0.0
ORD_0006854,CUST_00414,2023-04-12 05:00:00,Beauty,COD,Tier_2,948.54,7.02,1,0,RTO,,1,0,0.0,0.0,0.0,0.0
ORD_0003179,CUST_02714,2023-04-12 06:00:00,Fashion,Prepaid,Tier_2,1783.71,20.77,0,1,Returned,Defective,1,0,0.0,0.0,0.0,0.0
ORD_0009859,CUST_01271,2023-04-12 06:00:00,Fashion,COD,Tier_3,893.0,49.21,0,0,Delivered,,0,0,0.0,0.0,0.0,0.0
ORD_0009791,CUST_04663,2023-04-12 08:00:00,Beauty,COD,Tier_1,1094.25,13.34,0,0,Delivered,,0,0,0.0,0.0,0.0,0.0
ORD_0000036,CUST_02788,2023-04-12 08:00:00,Beauty,Prepaid,Tier_2,1210.96,23.11,0,0,Delivered,,0,0,0.0,0.0,0.0,0.0
ORD_0009864,CUST_04299,2023-04-12 09:00:00,Home,COD,Tier_3,448.13,22.62,1,0,RTO,,1,0,0.0,0.0,0.0,0.0
ORD_0007139,CUST_05500,2023-04-12 12:00:00,Home,COD,Tier_1,3019.47,35.72,0,0,Delivered,,0,1,0.0,0.0,0.0,0.0
ORD_0002364,CUST_00666,2023-04-12 12:00:00,Fashion,COD,Tier_1,844.22,4.8,1,0,RTO,,1,1,0.0,1.0,0.0,1.0
ORD_0003714,CUST_05988,2023-04-12 12:00:00,Electronics,Prepaid,Tier_2,1165.82,27.03,0,0,Delivered,,0,0,0.0,0.0,0.0,0.0
ORD_0000225,CUST_03589,2023-04-12 13:00:00,Fashion,COD,Tier_3,730.76,46.61,0,0,Delivered,,0,0,0.0,0.0,0.0,0.0
ORD_0003505,CUST_00240,2023-04-12 14:00:00,Fashion,COD,Tier_3,365.03,20.67,1,0,RTO,,1,0,0.0,0.0,0.0,0.0
ORD_0000366,CUST_02137,2023-04-12 15:00:00,Beauty,Prepaid,Tier_2,1528.08,6.3,0,0,Delivered,,0,0,0.0,0.0,0.0,0.0
ORD_0007363,CUST_05932,2023-04-12 16:00:00,Home,Prepaid,Tier_3,1246.63,1.83,0,0,Delivered,,0,1,0.0,0.0,0.0,0.0
ORD_0008896,CUST_04245,2023-04-12 16:00:00,Home,Prepaid,Tier_2,2489.27,28.81,0,0,Delivered,,0,0,0.0,0.0,0.0,0.0
ORD_0000929,CUST_02427,2023-04-12 19:00:00,Home,COD,Tier_3,753.77,6.11,0,0,Delivered,,0,0,0.0,0.0,0.0,0.0
ORD_0002156,CUST_01531,2023-04-12 20:00:00,Fashion,COD,Tier_3,5077.2,40.63,1,0,RTO,,1,0,0.0,0.0,0.0,0.0
ORD_0008812,CUST_01262,2023-04-12 21:00:00,Fashion,COD,Tier_2,2631.42,29.31,0,0,Delivered,,0,0,0.0,0.0,0.0,0.0
ORD_0006506,CUST_02049,2023-04-12 21:00:00,Fashion,COD,Tier_3,1250.96,6.03,0,0,Delivered,,0,2,0.0,0.0,0.0,0.0
ORD_0004837,CUST_03869,2023-04-12 21:00:00,Footwear,COD,Tier_3,4738.62,12.11,1,0,RTO,,1,0,0.0,0.0,0.0,0.0
ORD_0009241,CUST_03776,2023-04-12 23:00:00,Footwear,Prepaid,Tier_2,405.22,9.82,0,1,Returned,Changed Mind,1,1,0.0,0.0,0.0,0.0
ORD_0006967,CUST_00357,2023-04-13 00:00:00,Electronics,COD,Tier_2,508.38,36.2,0,0,Delivered,,0,1,0.0,1.0,0.0,1.0
ORD_0007852,CUST_02009,2023-04-13 01:00:00,Fashion,COD,Tier_3,499.72,46.6,0,0,Delivered,,0,1,0.0,0.0,0.0,0.0
ORD_0000163,CUST_02405,2023-04-13 02:00:00,Electronics,Prepaid,Tier_2,1445.36,11.85,0,0,Delivered,,0,0,0.0,0.0,0.0,0.0
ORD_0002382,CUST_03957,2023-04-13 03:00:00,Fashion,Prepaid,Tier_2,881.59,7.56,0,0,Delivered,,0,0,0.0,0.0,0.0,0.0
ORD_0007950,CUST_03802,2023-04-13 04:00:00,Fashion,Prepaid,Tier_2,1516.21,44.14,0,0,Delivered,,0,0,0.0,0.0,0.0,0.0
ORD_0006133,CUST_01983,2023-04-13 06:00:00,Fashion,COD,Tier_2,384.25,22.5,0,0,Delivered,,0,0,0.0,0.0,0.0,0.0
ORD_0001109,CUST_04216,2023-04-13 07:00:00,Fashion,COD,Tier_2,1004.19,4.27,1,0,RTO,,1,0,0.0,0.0,0.0,0.0
ORD_0003744,CUST_01018,2023-04-13 09:00:00,Electronics,Prepaid,Tier_1,502.18,7.92,0,0,Delivered,,0,0,0.0,0.0,0.0,0.0
ORD_0003789,CUST_00067,2023-04-13 10:00:00,Fashion,COD,Tier_1,1802.69,0.18,0,1,Returned,Wrong Size,1,0,0.0,0.0,0.0,0.0
ORD_0007336,CUST_03105,2023-04-13 10:00:00,Fashion,COD,Tier_1,555.05,49.02,0,1,Returned,Wrong Size,1,1,0.0,0.0,0.0,0.0
ORD_0007411,CUST_02308,2023-04-13 11:00:00,Electronics,COD,Tier_3,2853.98,45.01,0,0,Delivered,,0,0,0.0,0.0,0.0,0.0
ORD_0000202,CUST_00567,2023-04-13 13:00:00,Fashion,Prepaid,Tier_2,1280.76,48.28,0,1,Returned,Changed Mind,1,0,0.0,0.0,0.0,0.0
ORD_0003799,CUST_03139,2023-04-13 15:00:00,Home,Prepaid,Tier_2,954.44,9.47,0,0,Delivered,,0,1,0.0,1.0,0.0,1.0
ORD_0006660,CUST_00359,2023-04-13 16:00:00,Beauty,COD,Tier_3,1025.93,37.28,0,0,Delivered,,0,1,1.0,0.0,1.0,0.0
ORD_0000780,CUST_03022,2023-04-13 16:00:00,Home,COD,Tier_3,1086.61,8.88,1,0,RTO,,1,0,0.0,0.0,0.0,0.0
ORD_0007622,CUST_03855,2023-04-13 17:00:00,Fashion,COD,Tier_2,6925.99,42.57,1,0,RTO,,1,0,0.0,0.0,0.0,0.0
ORD_0006220,CUST_05620,2023-04-13 17:00:00,Home,COD,Tier_1,896.13,36.45,0,0,Delivered,,0,0,0.0,0.0,0.0,0.0
ORD_0002625,CUST_04698,2023-04-13 18:00:00,Electronics,Prepaid,Tier_1,2080.51,14.95,0,1,Returned,Not as Expected,1,1,0.0,1.0,0.0,1.0
ORD_0001407,CUST_03863,2023-04-13 18:00:00,Fashion,COD,Tier_2,403.16,1.11,1,0,RTO,,1,0,0.0,0.0,0.0,0.0
ORD_0005335,CUST_01319,2023-04-13 18:00:00,Electronics,COD,Tier_1,1992.46,29.83,0,0,Delivered,,0,0,0.0,0.0,0.0,0.0
ORD_0008333,CUST_00354,2023-04-13 20:00:00,Home,COD,Tier_3,2328.8,0.61,0,0,Delivered,,0,0,0.0,0.0,0.0,0.0
ORD_0003683,CUST_01088,2023-04-13 20:00:00,Footwear,COD,Tier_1,2281.63,13.78,0,1,Returned,Changed Mind,1,1,0.0,0.0,0.0,0.0
ORD_0001490,CUST_01209,2023-04-13 21:00:00,Electronics,COD,Tier_3,1119.61,10.82,0,0,Delivered,,0,0,0.0,0.0,0.0,0.0
ORD_0005056,CUST_02198,2023-04-14 00:00:00,Electronics,COD,Tier_3,2406.92,17.68,0,1,Returned,Changed Mind,1,0,0.0,0.0,0.0,0.0
ORD_0004264,CUST_04372,2023-04-14 00:00:00,Electronics,COD,Tier_2,500.06,35.43,0,0,Delivered,,0,1,0.0,0.0,0.0,0.0
ORD_0007443,CUST_04399,2023-04-14 01:00:00,Electronics,COD,Tier_1,4172.98,22.72,0,1,Returned,Defective,1,2,0.0,1.0,0.0,0.5
ORD_0005764,CUST_05353,2023-04-14 03:00:00,Electronics,COD,Tier_3,1857.2,11.45,1,0,RTO,,1,1,1.0,0.0,1.0,0.0
ORD_0004396,CUST_03162,2023-04-14 04:00:00,Footwear,Prepaid,Tier_1,3271.08,24.85,0,0,Delivered,,0,0,0.0,0.0,0.0,0.0
ORD_0009323,CUST_05144,2023-04-14 05:00:00,Fashion,COD,Tier_1,3205.64,33.76,0,0,Delivered,,0,0,0.0,0.0,0.0,0.0
ORD_0000485,CUST_02186,2023-04-14 05:00:00,Footwear,COD,Tier_3,1242.83,43.24,1,0,RTO,,1,0,0.0,0.0,0.0,0.0
ORD_0001509,CUST_01428,2023-04-14 06:00:00,Footwear,Prepaid,Tier_2,4765.58,36.12,0,1,Returned,Wrong Size,1,0,0.0,0.0,0.0,0.0
ORD_0004780,CUST_02422,2023-04-14 06:00:00,Fashion,Prepaid,Tier_2,2826.44,3.69,0,0,Delivered,,0,1,0.0,1.0,0.0,1.0
ORD_0005728,CUST_02940,2023-04-14 07:00:00,Fashion,COD,Tier_1,661.89,6.97,1,0,RTO,,1,0,0.0,0.0,0.0,0.0
ORD_0009569,CUST_05134,2023-04-14 07:00:00,Fashion,COD,Tier_2,788.35,32.33,0,1,Returned,Defective,1,1,1.0,0.0,1.0,0.0
ORD_0007191,CUST_02412,2023-04-14 08:00:00,Fashion,COD,Tier_3,2595.23,36.62,0,0,Delivered,,0,0,0.0,0.0,0.0,0.0
ORD_0002447,CUST_00399,2023-04-14 10:00:00,Electronics,Prepaid,Tier_1,1565.88,37.02,0,0,Delivered,,0,1,1.0,0.0,1.0,0.0
ORD_0001350,CUST_00796,2023-04-14 10:00:00,Electronics,Prepaid,Tier_3,1351.77,0.56,0,0,Delivered,,0,0,0.0,0.0,0.0,0.0
ORD_0000278,CUST_00807,2023-04-14 10:00:00,Footwear,Prepaid,Tier_3,1966.12,22.46,0,0,Delivered,,0,0,0.0,0.0,0.0,0.0
ORD_0009134,CUST_02481,2023-04-14 11:00:00,Fashion,COD,Tier_3,1832.19,8.5,0,0,Delivered,,0,1,0.0,1.0,0.0,1.0
ORD_0005864,CUST_03158,2023-04-14 12:00:00,Electronics,COD,Tier_3,2150.33,28.97,1,0,RTO,,1,0,0.0,0.0,0.0,0.0
ORD_0008024,CUST_00754,2023-04-14 14:00:00,Fashion,COD,Tier_1,3269.87,34.05,0,1,Returned,Wrong Size,1,0,0.0,0.0,0.0,0.0
ORD_0006551,CUST_04790,2023-04-14 16:00:00,Fashion,COD,Tier_2,1161.38,44.5,0,0,Delivered,,0,0,0.0,0.0,0.0,0.0
ORD_0009237,CUST_00162,2023-04-14 16:00:00,Beauty,COD,Tier_3,1718.24,21.02,1,0,RTO,,1,1,1.0,0.0,1.0,0.0
ORD_0005039,CUST_02381,2023-04-14 18:00:00,Home,COD,Tier_1,391.73,4.46,0,0,Delivered,,0,0,0.0,0.0,0.0,0.0
ORD_0001063,CUST_00749,2023-04-14 19:00:00,Electronics,Prepaid,Tier_3,1033.35,23.27,0,0,Delivered,,0,1,1.0,0.0,1.0,0.0
ORD_0003063,CUST_03421,2023-04-14 20:00:00,Home,COD,Tier_3,909.07,34.93,0,0,Delivered,,0,0,0.0,0.0,0.0,0.0
ORD_0007014,CUST_04014,2023-04-14 21:00:00,Fashion,COD,Tier_1,1360.2,37.7,0,0,Delivered,,0,1,0.0,1.0,0.0,1.0
ORD_0005226,CUST_01537,2023-04-14 21:00:00,Fashion,COD,Tier_3,715.63,23.13,0,0,Delivered,,0,0,0.0,0.0,0.0,0.0
ORD_0001685,CUST_00669,2023-04-14 22:00:00,Footwear,COD,Tier_1,563.38,12.91,0,0,Delivered,,0,1,1.0,0.0,1.0,0.0
ORD_0001790,CUST_01200,2023-04-14 22:00:00,Fashion,Prepaid,Tier_2,580.23,43.62,0,0,Delivered,,0,0,0.0,0.0,0.0,0.0
ORD_0002207,CUST_05555,2023-04-14 23:00:00,Footwear,COD,Tier_3,393.16,17.81,0,0,Delivered,,0,0,0.0,0.0,0.0,0.0
ORD_0005338,CUST_02053,2023-04-15 00:00:00,Footwear,COD,Tier_3,814.89,8.73,0,0,Delivered,,0,1,0.0,0.0,0.0,0.0
ORD_0001263,CUST_00238,2023-04-15 01:00:00,Electronics,COD,Tier_2,3682.59,37.81,1,0,RTO,,1,2,1.0,0.0,0.5,0.0
ORD_0003342,CUST_05334,2023-04-15 01:00:00,Footwear,COD,Tier_2,3106.0,0.23,0,0,Delivered,,0,0,0.0,0.0,0.0,0.0
ORD_0003535,CUST_03184,2023-04-15 02:00:00,Fashion,COD,Tier_3,1848.12,41.02,0,0,Delivered,,0,1,0.0,0.0,0.0,0.0
ORD_0000517,CUST_01463,2023-04-15 03:00:00,Home,COD,Tier_1,2407.28,34.44,0,1,Returned,Not as Expected,1,0,0.0,0.0,0.0,0.0
ORD_0004108,CUST_02228,2023-04-15 03:00:00,Fashion,Prepaid,Tier_3,1457.49,47.73,0,0,Delivered,,0,0,0.0,0.0,0.0,0.0
ORD_0009227,CUST_05310,2023-04-15 04:00:00,Fashion,COD,Tier_1,1630.82,9.36,0,0,Delivered,,0,0,0.0,0.0,0.0,0.0
ORD_0005680,CUST_00618,2023-04-15 04:00:00,Fashion,Prepaid,Tier_1,788.77,37.98,0,0,Delivered,,0,0,0.0,0.0,0.0,0.0
ORD_0002855,CUST_00494,2023-04-15 05:00:00,Electronics,COD,Tier_1,2813.73,41.18,0,0,Delivered,,0,0,0.0,0.0,0.0,0.0
ORD_0006654,CUST_02639,2023-04-15 05:00:00,Fashion,COD,Tier_1,554.02,46.14,0,0,Delivered,,0,1,0.0,0.0,0.0,0.0
ORD_0008067,CUST_02169,2023-04-15 06:00:00,Home,COD,Tier_1,397.72,13.92,1,0,RTO,,1,0,0.0,0.0,0.0,0.0
ORD_0004376,CUST_05212,2023-04-15 06:00:00,Footwear,COD,Tier_2,1314.7,24.41,0,0,Delivered,,0,1,1.0,0.0,1.0,0.0
ORD_0001731,CUST_01886,2023-04-15 06:00:00,Fashion,COD,Tier_2,729.5,36.84,0,0,Delivered,,0,0,0.0,0.0,0.0,0.0
ORD_0001742,CUST_00638,2023-04-15 07:00:00,Beauty,COD,Tier_1,604.6,26.88,0,0,Delivered,,0,0,0.0,0.0,0.0,0.0
ORD_0000292,CUST_02282,2023-04-15 13:00:00,Fashion,Prepaid,Tier_2,1159.61,12.81,1,0,RTO,,1,0,0.0,0.0,0.0,0.0
ORD_0007923,CUST_03973,2023-04-15 14:00:00,Footwear,COD,Tier_3,850.84,17.5,1,0,RTO,,1,1,0.0,1.0,0.0,1.0
ORD_0009284,CUST_02436,2023-04-15 15:00:00,Electronics,COD,Tier_3,2176.37,49.37,1,0,RTO,,1,0,0.0,0.0,0.0,0.0
ORD_0000609,CUST_00201,2023-04-15 17:00:00,Home,COD,Tier_2,1427.73,21.07,1,0,RTO,,1,0,0.0,0.0,0.0,0.0
ORD_0001771,CUST_02542,2023-04-15 17:00:00,Electronics,COD,Tier_2,4264.35,41.25,0,0,Delivered,,0,0,0.0,0.0,0.0,0.0
ORD_0003759,CUST_02953,2023-04-15 18:00:00,Footwear,COD,Tier_2,1641.31,16.17,0,0,Delivered,,0,1,0.0,1.0,0.0,1.0
ORD_0008799,CUST_02372,2023-04-15 19:00:00,Footwear,COD,Tier_2,1789.92,7.54,0,0,Delivered,,0,0,0.0,0.0,0.0,0.0
ORD_0003460,CUST_01161,2023-04-15 20:00:00,Home,COD,Tier_2,1053.33,30.94,0,1,Returned,Not as Expected,1,0,0.0,0.0,0.0,0.0
ORD_0008045,CUST_02076,2023-04-15 20:00:00,Footwear,COD,Tier_2,3587.82,4.4,0,0,Delivered,,0,3,0.0,0.0,0.0,0.0
ORD_0008793,CUST_05819,2023-04-15 21:00:00,Beauty,COD,Tier_1,829.97,0.97,0,0,Delivered,,0,1,0.0,0.0,0.0,0.0
ORD_0004858,CUST_00663,2023-04-15 21:00:00,Home,COD,Tier_1,2780.6,44.39,1,0,RTO,,1,0,0.0,0.0,0.0,0.0
ORD_0003825,CUST_01241,2023-04-16 00:00:00,Fashion,COD,Tier_3,1121.99,7.18,1,0,RTO,,1,0,0.0,0.0,0.0,0.0
ORD_0001551,CUST_02253,2023-04-16 00:00:00,Electronics,COD,Tier_2,5933.88,41.0,0,0,Delivered,,0,0,0.0,0.0,0.0,0.0
ORD_0009775,CUST_05798,2023-04-16 02:00:00,Fashion,COD,Tier_3,2126.99,10.09,0,0,Delivered,,0,1,1.0,0.0,1.0,0.0
ORD_0001735,CUST_02902,2023-04-16 02:00:00,Footwear,COD,Tier_2,437.0,49.07,0,0,Delivered,,0,0,0.0,0.0,0.0,0.0
ORD_0009502,CUST_05877,2023-04-16 04:00:00,Electronics,COD,Tier_2,504.5,7.09,0,0,Delivered,,0,0,0.0,0.0,0.0,0.0
ORD_0001297,CUST_03812,2023-04-16 05:00:00,Fashion,COD,Tier_2,1236.02,30.39,0,0,Delivered,,0,0,0.0,0.0,0.0,0.0
ORD_0003140,CUST_04296,2023-04-16 07:00:00,Footwear,COD,Tier_2,881.46,10.13,0,0,Delivered,,0,1,0.0,0.0,0.0,0.0
ORD_0005832,CUST_00153,2023-04-16 07:00:00,Home,COD,Tier_3,8536.69,19.52,0,0,Delivered,,0,0,0.0,0.0,0.0,0.0
ORD_0008752,CUST_00100,2023-04-16 07:00:00,Home,Prepaid,Tier_2,3699.13,12.95,0,0,Delivered,,0,0,0.0,0.0,0.0,0.0
ORD_0006619,CUST_04352,2023-04-16 08:00:00,Beauty,COD,Tier_2,730.93,47.03,0,1,Returned,Wrong Size,1,0,0.0,0.0,0.0,0.0
ORD_0002700,CUST_00076,2023-04-16 08:00:00,Beauty,Prepaid,Tier_2,506.02,8.55,0,0,Delivered,,0,0,0.0,0.0,0.0,0.0
ORD_0009507,CUST_02138,2023-04-16 09:00:00,Fashion,COD,Tier_2,487.89,44.81,0,0,Delivered,,0,0,0.0,0.0,0.0,0.0
ORD_0001933,CUST_01573,2023-04-16 09:00:00,Fashion,COD,Tier_1,4074.49,23.77,0,1,Returned,Changed Mind,1,0,0.0,0.0,0.0,0.0
ORD_0001343,CUST_02054,2023-04-16 10:00:00,Fashion,Prepaid,Tier_1,1698.51,31.41,0,1,Returned,Not as Expected,1,2,0.0,0.0,0.0,0.0
ORD_0000383,CUST_05089,2023-04-16 10:00:00,Fashion,Prepaid,Tier_2,506.4,19.33,1,0,RTO,,1,0,0.0,0.0,0.0,0.0
ORD_0008317,CUST_01797,2023-04-16 11:00:00,Beauty,Prepaid,Tier_2,1488.87,4.04,0,0,Delivered,,0,1,0.0,1.0,0.0,1.0
ORD_0000767,CUST_00167,2023-04-16 11:00:00,Home,Prepaid,Tier_3,3897.66,35.42,0,0,Delivered,,0,0,0.0,0.0,0.0,0.0
ORD_0009416,CUST_04755,2023-04-16 12:00:00,Fashion,Prepaid,Tier_2,769.61,35.64,0,0,Delivered,,0,0,0.0,0.0,0.0,0.0
ORD_0000628,CUST_05634,2023-04-16 12:00:00,Fashion,COD,Tier_2,764.07,22.04,1,0,RTO,,1,0,0.0,0.0,0.0,0.0
ORD_0003812,CUST_01171,2023-04-16 12:00:00,Beauty,COD,Tier_2,4151.38,45.56,0,0,Delivered,,0,1,0.0,1.0,0.0,1.0
ORD_0005601,CUST_01592,2023-04-16 13:00:00,Fashion,COD,Tier_3,1698.8,9.84,0,0,Delivered,,0,0,0.0,0.0,0.0,0.0
ORD_0006797,CUST_01134,2023-04-16 15:00:00,Fashion,Prepaid,Tier_2,5773.07,23.42,1,0,RTO,,1,0,0.0,0.0,0.0,0.0
ORD_0008120,CUST_00575,2023-04-16 22:00:00,Footwear,COD,Tier_1,1191.03,1.99,1,0,RTO,,1,0,0.0,0.0,0.0,0.0
ORD_0002400,CUST_02561,2023-04-16 22:00:00,Fashion,COD,Tier_1,468.66,45.06,0,1,Returned,Wrong Size,1,0,0.0,0.0,0.0,0.0
ORD_0001212,CUST_01035,2023-04-16 22:00:00,Footwear,Prepaid,Tier_2,728.46,30.33,0,0,Delivered,,0,0,0.0,0.0,0.0,0.0
ORD_0001282,CUST_03134,2023-04-16 22:00:00,Home,COD,Tier_2,1699.63,23.62,0,0,Delivered,,0,1,0.0,0.0,0.0,0.0
ORD_0006757,CUST_04985,2023-04-16 23:00:00,Beauty,COD,Tier_2,656.06,30.34,0,0,Delivered,,0,0,0.0,0.0,0.0,0.0
ORD_0004564,CUST_00713,2023-04-16 23:00:00,Fashion,COD,Tier_1,1499.0,47.42,0,0,Delivered,,0,1,0.0,1.0,0.0,1.0
ORD_0008623,CUST_03752,2023-04-17 00:00:00,Fashion,Prepaid,Tier_1,1266.04,46.95,0,1,Returned,Changed Mind,1,1,0.0,1.0,0.0,1.0
ORD_0009196,CUST_04053,2023-04-17 00:00:00,Beauty,COD,Tier_1,2414.21,10.28,0,0,Delivered,,0,0,0.0,0.0,0.0,0.0
ORD_0008239,CUST_04719,2023-04-17 00:00:00,Fashion,COD,Tier_2,1458.44,33.91,0,1,Returned,Changed Mind,1,1,0.0,0.0,0.0,0.0
ORD_0008531,CUST_01678,2023-04-17 00:00:00,Fashion,COD,Tier_1,386.45,17.17,0,0,Delivered,,0,0,0.0,0.0,0.0,0.0
ORD_0002636,CUST_00648,2023-04-17 02:00:00,Fashion,Prepaid,Tier_2,3351.74,27.35,0,0,Delivered,,0,2,0.0,0.0,0.0,0.0
ORD_0000129,CUST_04781,2023-04-17 03:00:00,Electronics,COD,Tier_2,381.34,9.01,0,0,Delivered,,0,1,0.0,0.0,0.0,0.0
ORD_0006082,CUST_05687,2023-04-17 03:00:00,Fashion,COD,Tier_1,2926.5,3.03,0,0,Delivered,,0,1,0.0,1.0,0.0,1.0
ORD_0005000,CUST_02933,2023-04-17 04:00:00,Fashion,Prepaid,Tier_3,2135.68,32.9,0,0,Delivered,,0,0,0.0,0.0,0.0,0.0
ORD_0009252,CUST_00183,2023-04-17 05:00:00,Footwear,Prepaid,Tier_2,2186.45,19.4,1,0,RTO,,1,0,0.0,0.0,0.0,0.0
ORD_0004223,CUST_03138,2023-04-17 07:00:00,Fashion,Prepaid,Tier_3,4296.33,39.46,0,0,Delivered,,0,2,0.0,0.0,0.0,0.0
ORD_0002648,CUST_02226,2023-04-17 07:00:00,Home,COD,Tier_1,1303.62,2.74,0,0,Delivered,,0,0,0.0,0.0,0.0,0.0
ORD_0002955,CUST_05561,2023-04-17 08:00:00,Home,COD,Tier_3,407.74,24.35,0,0,Delivered,,0,0,0.0,0.0,0.0,0.0
ORD_0000046,CUST_02818,2023-04-17 08:00:00,Fashion,Prepaid,Tier_2,374.45,20.27,0,0,Delivered,,0,0,0.0,0.0,0.0,0.0
ORD_0001993,CUST_04543,2023-04-17 08:00:00,Fashion,COD,Tier_3,1127.71,32.12,0,0,Delivered,,0,0,0.0,0.0,0.0,0.0
ORD_0006701,CUST_02178,2023-04-17 08:00:00,Beauty,Prepaid,Tier_2,2396.19,17.9,0,0,Delivered,,0,0,0.0,0.0,0.0,0.0
ORD_0003896,CUST_00496,2023-04-17 09:00:00,Fashion,COD,Tier_3,3127.69,35.88,0,0,Delivered,,0,1,0.0,0.0,0.0,0.0
ORD_0004593,CUST_03367,2023-04-17 09:00:00,Beauty,COD,Tier_1,1721.71,23.17,0,0,Delivered,,0,0,0.0,0.0,0.0,0.0
ORD_0002834,CUST_03743,2023-04-17 09:00:00,Electronics,Prepaid,Tier_2,1668.76,12.27,0,0,Delivered,,0,1,0.0,0.0,0.0,0.0
ORD_0001559,CUST_04894,2023-04-17 10:00:00,Fashion,Prepaid,Tier_1,2373.33,2.63,0,0,Delivered,,0,0,0.0,0.0,0.0,0.0
ORD_0001035,CUST_01166,2023-04-17 11:00:00,Footwear,Prepaid,Tier_3,6111.74,3.7,0,0,Delivered,,0,0,0.0,0.0,0.0,0.0
ORD_0006865,CUST_02374,2023-04-17 11:00:00,Electronics,COD,Tier_2,1741.05,25.83,1,0,RTO,,1,0,0.0,0.0,0.0,0.0
ORD_0002793,CUST_03858,2023-04-17 12:00:00,Footwear,Prepaid,Tier_2,605.94,32.45,0,0,Delivered,,0,0,0.0,0.0,0.0,0.0
ORD_0003049,CUST_01665,2023-04-17 13:00:00,Electronics,Prepaid,Tier_3,2730.94,46.73,0,1,Returned,Wrong Size,1,1,0.0,0.0,0.0,0.0
ORD_0001494,CUST_01186,2023-04-17 13:00:00,Fashion,Prepaid,Tier_3,1110.14,20.63,0,1,Returned,Changed Mind,1,0,0.0,0.0,0.0,0.0
ORD_0000434,CUST_02267,2023-04-17 15:00:00,Footwear,COD,Tier_3,1757.04,8.97,1,0,RTO,,1,0,0.0,0.0,0.0,0.0
ORD_0009282,CUST_02173,2023-04-17 16:00:00,Home,COD,Tier_3,904.1,12.28,1,0,RTO,,1,0,0.0,0.0,0.0,0.0
ORD_0000189,CUST_04003,2023-04-17 16:00:00,Home,Prepaid,Tier_2,664.66,20.21,0,0,Delivered,,0,0,0.0,0.0,0.0,0.0
ORD_0007603,CUST_02723,2023-04-17 17:00:00,Fashion,COD,Tier_2,896.21,35.96,0,1,Returned,Not as Expected,1,0,0.0,0.0,0.0,0.0
ORD_0006560,CUST_05640,2023-04-17 17:00:00,Footwear,Prepaid,Tier_2,969.07,40.81,0,0,Delivered,,0,0,0.0,0.0,0.0,0.0
ORD_0004724,CUST_05812,2023-04-17 18:00:00,Home,COD,Tier_1,1945.09,42.07,0,0,Delivered,,0,0,0.0,0.0,0.0,0.0
ORD_0002336,CUST_02327,2023-04-17 19:00:00,Footwear,Prepaid,Tier_2,896.28,38.41,0,0,Delivered,,0,0,0.0,0.0,0.0,0.0
ORD_0009908,CUST_00371,2023-04-17 19:00:00,Home,COD,Tier_3,740.12,12.74,0,0,Delivered,,0,0,0.0,0.0,0.0,0.0
ORD_0008327,CUST_05614,2023-04-17 20:00:00,Fashion,Prepaid,Tier_1,1244.8,14.87,0,0,Delivered,,0,0,0.0,0.0,0.0,0.0
ORD_0009335,CUST_05034,2023-04-17 20:00:00,Beauty,COD,Tier_2,2090.98,9.63,0,1,Returned,Wrong Size,1,0,0.0,0.0,0.0,0.0
ORD_0001781,CUST_04178,2023-04-17 20:00:00,Beauty,Prepaid,Tier_2,1319.92,40.62,1,0,RTO,,1,0,0.0,0.0,0.0,0.0
ORD_0002258,CUST_01415,2023-04-17 20:00:00,Fashion,Prepaid,Tier_2,477.83,10.75,0,1,Returned,Changed Mind,1,0,0.0,0.0,0.0,0.0
ORD_0003425,CUST_05550,2023-04-17 22:00:00,Beauty,Prepaid,Tier_2,1606.03,5.28,0,0,Delivered,,0,0,0.0,0.0,0.0,0.0
ORD_0003366,CUST_00933,2023-04-17 22:00:00,Home,Prepaid,Tier_2,1360.65,37.06,0,0,Delivered,,0,2,1.0,0.0,0.5,0.0
ORD_0001201,CUST_00358,2023-04-17 23:00:00,Footwear,COD,Tier_2,7554.38,4.42,0,0,Delivered,,0,1,0.0,0.0,0.0,0.0
ORD_0003785,CUST_04256,2023-04-17 23:00:00,Fashion,Prepaid,Tier_3,993.27,28.87,0,0,Delivered,,0,1,0.0,1.0,0.0,1.0
ORD_0009760,CUST_02693,2023-04-18 00:00:00,Home,Prepaid,Tier_3,2555.27,26.5,0,0,Delivered,,0,0,0.0,0.0,0.0,0.0
ORD_0002402,CUST_02616,2023-04-18 01:00:00,Electronics,COD,Tier_1,3320.83,15.9,1,0,RTO,,1,0,0.0,0.0,0.0,0.0
ORD_0009897,CUST_02088,2023-04-18 02:00:00,Fashion,COD,Tier_2,538.69,48.11,0,1,Returned,Wrong Size,1,0,0.0,0.0,0.0,0.0
ORD_0004086,CUST_04758,2023-04-18 03:00:00,Beauty,COD,Tier_1,2130.84,15.71,0,0,Delivered,,0,0,0.0,0.0,0.0,0.0
ORD_0006289,CUST_03122,2023-04-18 03:00:00,Fashion,COD,Tier_1,915.13,34.58,0,0,Delivered,,0,0,0.0,0.0,0.0,0.0
ORD_0002193,CUST_02250,2023-04-18 04:00:00,Footwear,COD,Tier_3,1907.34,42.91,0,1,Returned,Not as Expected,1,1,1.0,0.0,1.0,0.0
ORD_0008840,CUST_05145,2023-04-18 06:00:00,Footwear,Prepaid,Tier_2,3871.22,48.73,0,0,Delivered,,0,0,0.0,0.0,0.0,0.0
ORD_0001660,CUST_00571,2023-04-18 08:00:00,Footwear,COD,Tier_3,2539.32,7.41,0,0,Delivered,,0,0,0.0,0.0,0.0,0.0
ORD_0007786,CUST_01101,2023-04-18 10:00:00,Fashion,Prepaid,Tier_1,343.77,0.99,0,0,Delivered,,0,1,0.0,0.0,0.0,0.0
ORD_0001232,CUST_05675,2023-04-18 11:00:00,Footwear,COD,Tier_1,4683.73,15.88,0,0,Delivered,,0,0,0.0,0.0,0.0,0.0
ORD_0007853,CUST_03871,2023-04-18 11:00:00,Footwear,COD,Tier_2,1422.9,17.55,0,0,Delivered,,0,1,0.0,0.0,0.0,0.0
ORD_0000745,CUST_01734,2023-04-18 12:00:00,Beauty,Prepaid,Tier_2,1117.84,2.9,0,1,Returned,Wrong Size,1,0,0.0,0.0,0.0,0.0
ORD_0009520,CUST_05255,2023-04-18 12:00:00,Electronics,COD,Tier_2,901.41,22.82,0,0,Delivered,,0,1,0.0,1.0,0.0,1.0
ORD_0006309,CUST_02596,2023-04-18 13:00:00,Electronics,Prepaid,Tier_3,1589.26,20.18,0,0,Delivered,,0,0,0.0,0.0,0.0,0.0
ORD_0005955,CUST_03953,2023-04-18 14:00:00,Fashion,COD,Tier_3,2092.61,9.94,0,0,Delivered,,0,2,1.0,1.0,0.5,0.5
ORD_0006477,CUST_05859,2023-04-18 17:00:00,Electronics,Prepaid,Tier_1,1206.74,4.33,0,0,Delivered,,0,0,0.0,0.0,0.0,0.0
ORD_0005458,CUST_01969,2023-04-18 18:00:00,Home,COD,Tier_2,956.75,1.87,1,0,RTO,,1,2,0.0,0.0,0.0,0.0
ORD_0008426,CUST_03879,2023-04-18 21:00:00,Fashion,COD,Tier_3,515.25,35.33,0,1,Returned,Wrong Size,1,1,0.0,0.0,0.0,0.0
ORD_0006845,CUST_02616,2023-04-18 22:00:00,Electronics,Prepaid,Tier_2,542.0,9.87,0,0,Delivered,,0,1,0.0,1.0,0.0,1.0
ORD_0008494,CUST_03153,2023-04-18 22:00:00,Footwear,COD,Tier_1,381.66,5.71,0,0,Delivered,,0,0,0.0,0.0,0.0,0.0
ORD_0000012,CUST_03457,2023-04-18 22:00:00,Electronics,COD,Tier_2,1275.44,33.69,0,0,Delivered,,0,1,0.0,0.0,0.0,0.0
ORD_0007884,CUST_04618,2023-04-18 22:00:00,Home,COD,Tier_1,1074.11,35.59,1,0,RTO,,1,0,0.0,0.0,0.0,0.0
ORD_0008170,CUST_04858,2023-04-18 22:00:00,Footwear,Prepaid,Tier_1,2355.33,13.78,0,1,Returned,Wrong Size,1,0,0.0,0.0,0.0,0.0
ORD_0009461,CUST_04963,2023-04-19 01:00:00,Home,Prepaid,Tier_3,2277.45,49.99,0,0,Delivered,,0,1,0.0,0.0,0.0,0.0
ORD_0007527,CUST_05629,2023-04-19 03:00:00,Electronics,COD,Tier_2,400.25,24.04,0,0,Delivered,,0,0,0.0,0.0,0.0,0.0
ORD_0003235,CUST_05195,2023-04-19 03:00:00,Fashion,COD,Tier_3,2163.37,16.82,1,0,RTO,,1,0,0.0,0.0,0.0,0.0
ORD_0005283,CUST_05735,2023-04-19 03:00:00,Fashion,Prepaid,Tier_3,1463.26,31.69,1,0,RTO,,1,1,0.0,1.0,0.0,1.0
ORD_0002395,CUST_03805,2023-04-19 04:00:00,Home,Prepaid,Tier_3,1468.05,25.53,1,0,RTO,,1,0,0.0,0.0,0.0,0.0
ORD_0009097,CUST_05845,2023-04-19 05:00:00,Electronics,COD,Tier_2,3930.2,28.29,0,0,Delivered,,0,0,0.0,0.0,0.0,0.0
ORD_0005506,CUST_00591,2023-04-19 06:00:00,Electronics,Prepaid,Tier_2,3459.97,36.29,0,1,Returned,Changed Mind,1,1,0.0,0.0,0.0,0.0
ORD_0000792,CUST_04717,2023-04-19 06:00:00,Electronics,Prepaid,Tier_2,4029.42,16.21,0,0,Delivered,,0,2,0.0,0.0,0.0,0.0
ORD_0000354,CUST_02017,2023-04-19 06:00:00,Fashion,Prepaid,Tier_1,1791.58,32.2,0,0,Delivered,,0,1,0.0,0.0,0.0,0.0
ORD_0009338,CUST_05953,2023-04-19 06:00:00,Fashion,Prepaid,Tier_1,2114.83,15.05,0,0,Delivered,,0,1,0.0,0.0,0.0,0.0
ORD_0008574,CUST_00657,2023-04-19 09:00:00,Beauty,COD,Tier_3,3484.98,47.34,0,0,Delivered,,0,1,0.0,0.0,0.0,0.0
ORD_0007464,CUST_02298,2023-04-19 10:00:00,Beauty,COD,Tier_2,2589.42,43.36,0,0,Delivered,,0,0,0.0,0.0,0.0,0.0
ORD_0006593,CUST_02935,2023-04-19 11:00:00,Fashion,COD,Tier_2,1528.22,3.64,0,0,Delivered,,0,1,0.0,0.0,0.0,0.0
ORD_0002164,CUST_05957,2023-04-19 11:00:00,Electronics,COD,Tier_2,5743.6,47.1,0,0,Delivered,,0,2,0.0,0.0,0.0,0.0
ORD_0008514,CUST_02982,2023-04-19 11:00:00,Fashion,COD,Tier_1,2489.43,6.23,0,0,Delivered,,0,0,0.0,0.0,0.0,0.0
ORD_0004664,CUST_00271,2023-04-19 12:00:00,Fashion,COD,Tier_2,1175.31,7.82,1,0,RTO,,1,0,0.0,0.0,0.0,0.0
ORD_0004102,CUST_02581,2023-04-19 12:00:00,Electronics,COD,Tier_2,1585.19,29.05,0,0,Delivered,,0,0,0.0,0.0,0.0,0.0
ORD_0002749,CUST_02137,2023-04-19 13:00:00,Footwear,COD,Tier_3,718.19,44.12,0,0,Delivered,,0,1,0.0,0.0,0.0,0.0
ORD_0009521,CUST_05256,2023-04-19 13:00:00,Fashion,Prepaid,Tier_1,307.04,40.27,0,0,Delivered,,0,1,0.0,0.0,0.0,0.0
ORD_0003391,CUST_05396,2023-04-19 13:00:00,Electronics,COD,Tier_1,1070.23,14.26,0,0,Delivered,,0,1,0.0,1.0,0.0,1.0
ORD_0008529,CUST_04594,2023-04-19 14:00:00,Footwear,COD,Tier_3,4719.23,6.91,0,0,Delivered,,0,0,0.0,0.0,0.0,0.0
ORD_0007220,CUST_00739,2023-04-19 16:00:00,Home,Prepaid,Tier_3,1141.26,3.48,0,0,Delivered,,0,0,0.0,0.0,0.0,0.0
ORD_0002815,CUST_01228,2023-04-19 17:00:00,Home,Prepaid,Tier_1,1839.15,42.47,0,0,Delivered,,0,0,0.0,0.0,0.0,0.0
ORD_0008176,CUST_05271,2023-04-19 19:00:00,Home,COD,Tier_3,895.45,22.36,1,0,RTO,,1,1,0.0,1.0,0.0,1.0
ORD_0003015,CUST_03928,2023-04-19 19:00:00,Footwear,COD,Tier_1,1567.4,27.66,1,0,RTO,,1,0,0.0,0.0,0.0,0.0
ORD_0003356,CUST_05694,2023-04-19 22:00:00,Home,Prepaid,Tier_3,2803.68,22.89,0,0,Delivered,,0,0,0.0,0.0,0.0,0.0
ORD_0008022,CUST_00195,2023-04-19 23:00:00,Beauty,COD,Tier_3,3229.79,38.95,0,0,Delivered,,0,1,0.0,0.0,0.0,0.0
ORD_0004135,CUST_05773,2023-04-20 00:00:00,Footwear,Prepaid,Tier_3,1718.85,20.36,0,1,Returned,Changed Mind,1,2,1.0,0.0,0.5,0.0
ORD_0009489,CUST_01313,2023-04-20 01:00:00,Fashion,COD,Tier_2,1463.09,8.89,1,0,RTO,,1,0,0.0,0.0,0.0,0.0
ORD_0002262,CUST_05587,2023-04-20 02:00:00,Footwear,Prepaid,Tier_2,1049.29,36.06,0,0,Delivered,,0,0,0.0,0.0,0.0,0.0
ORD_0009246,CUST_03451,2023-04-20 05:00:00,Home,COD,Tier_1,3643.05,20.35,1,0,RTO,,1,0,0.0,0.0,0.0,0.0
ORD_0000528,CUST_04967,2023-04-20 06:00:00,Fashion,COD,Tier_3,3255.56,46.78,1,0,RTO,,1,0,0.0,0.0,0.0,0.0
ORD_0005513,CUST_00311,2023-04-20 07:00:00,Electronics,COD,Tier_2,1796.46,36.9,0,0,Delivered,,0,0,0.0,0.0,0.0,0.0
ORD_0003608,CUST_01807,2023-04-20 07:00:00,Electronics,COD,Tier_2,2355.79,48.06,1,0,RTO,,1,1,1.0,0.0,1.0,0.0
ORD_0001817,CUST_03623,2023-04-20 07:00:00,Home,COD,Tier_2,434.58,38.08,0,0,Delivered,,0,0,0.0,0.0,0.0,0.0
ORD_0000643,CUST_03807,2023-04-20 08:00:00,Fashion,COD,Tier_2,3318.66,20.5,0,0,Delivered,,0,2,0.0,0.0,0.0,0.0
ORD_0009683,CUST_04346,2023-04-20 08:00:00,Footwear,Prepaid,Tier_2,1566.08,25.22,1,0,RTO,,1,1,0.0,0.0,0.0,0.0
ORD_0001089,CUST_02631,2023-04-20 08:00:00,Electronics,COD,Tier_1,5580.11,28.28,0,0,Delivered,,0,0,0.0,0.0,0.0,0.0
ORD_0000210,CUST_02172,2023-04-20 09:00:00,Fashion,COD,Tier_2,404.71,23.24,0,0,Delivered,,0,1,0.0,1.0,0.0,1.0
ORD_0001655,CUST_01487,2023-04-20 10:00:00,Fashion,COD,Tier_3,1560.76,49.51,0,1,Returned,Changed Mind,1,1,0.0,0.0,0.0,0.0
ORD_0008481,CUST_03800,2023-04-20 10:00:00,Beauty,COD,Tier_3,2230.2,5.44,1,0,RTO,,1,0,0.0,0.0,0.0,0.0
ORD_0006760,CUST_04470,2023-04-20 11:00:00,Footwear,COD,Tier_1,675.43,48.33,0,1,Returned,Wrong Size,1,2,0.0,0.0,0.0,0.0
ORD_0008085,CUST_00871,2023-04-20 11:00:00,Fashion,Prepaid,Tier_2,726.46,33.99,0,0,Delivered,,0,1,0.0,0.0,0.0,0.0
ORD_0003327,CUST_05052,2023-04-20 12:00:00,Electronics,COD,Tier_3,2523.65,1.71,1,0,RTO,,1,0,0.0,0.0,0.0,0.0
ORD_0005572,CUST_05308,2023-04-20 12:00:00,Footwear,COD,Tier_1,2330.77,16.77,1,0,RTO,,1,1,0.0,0.0,0.0,0.0
ORD_0002552,CUST_04295,2023-04-20 14:00:00,Beauty,COD,Tier_1,1240.48,3.78,1,0,RTO,,1,0,0.0,0.0,0.0,0.0
ORD_0008652,CUST_01949,2023-04-20 15:00:00,Fashion,COD,Tier_2,1106.52,16.59,0,1,Returned,Wrong Size,1,0,0.0,0.0,0.0,0.0
ORD_0005668,CUST_01440,2023-04-20 17:00:00,Fashion,COD,Tier_2,456.57,45.29,0,0,Delivered,,0,0,0.0,0.0,0.0,0.0
ORD_0003019,CUST_00126,2023-04-20 18:00:00,Home,Prepaid,Tier_3,6894.6,24.78,0,0,Delivered,,0,0,0.0,0.0,0.0,0.0
ORD_0004200,CUST_03496,2023-04-20 18:00:00,Home,Prepaid,Tier_3,372.77,39.08,0,0,Delivered,,0,0,0.0,0.0,0.0,0.0
ORD_0001684,CUST_05522,2023-04-20 19:00:00,Beauty,Prepaid,Tier_2,942.63,21.61,0,0,Delivered,,0,0,0.0,0.0,0.0,0.0
ORD_0000103,CUST_00459,2023-04-20 20:00:00,Beauty,COD,Tier_2,2358.35,46.38,0,0,Delivered,,0,1,0.0,1.0,0.0,1.0
ORD_0009231,CUST_05637,2023-04-20 20:00:00,Fashion,COD,Tier_1,547.44,10.74,1,0,RTO,,1,1,1.0,0.0,1.0,0.0
ORD_0001642,CUST_00216,2023-04-20 22:00:00,Footwear,Prepaid,Tier_3,1639.29,43.59,0,1,Returned,Defective,1,1,0.0,0.0,0.0,0.0
ORD_0003783,CUST_04864,2023-04-20 23:00:00,Fashion,COD,Tier_2,1958.46,28.41,0,0,Delivered,,0,1,0.0,0.0,0.0,0.0
ORD_0006017,CUST_01653,2023-04-21 01:00:00,Footwear,Prepaid,Tier_3,2068.63,44.93,1,0,RTO,,1,0,0.0,0.0,0.0,0.0
ORD_0005489,CUST_04408,2023-04-21 01:00:00,Home,COD,Tier_2,652.44,17.65,0,0,Delivered,,0,0,0.0,0.0,0.0,0.0
ORD_0002096,CUST_05208,2023-04-21 01:00:00,Home,Prepaid,Tier_2,556.35,13.18,0,0,Delivered,,0,0,0.0,0.0,0.0,0.0
ORD_0009429,CUST_03465,2023-04-21 02:00:00,Electronics,COD,Tier_3,9279.71,10.84,0,0,Delivered,,0,0,0.0,0.0,0.0,0.0
ORD_0008249,CUST_00990,2023-04-21 03:00:00,Fashion,COD,Tier_1,1324.27,41.2,0,0,Delivered,,0,0,0.0,0.0,0.0,0.0
ORD_0000372,CUST_02176,2023-04-21 03:00:00,Fashion,Prepaid,Tier_1,1140.36,38.11,0,0,Delivered,,0,0,0.0,0.0,0.0,0.0
ORD_0000099,CUST_04563,2023-04-21 04:00:00,Home,COD,Tier_3,453.52,12.68,1,0,RTO,,1,0,0.0,0.0,0.0,0.0
ORD_0002287,CUST_02957,2023-04-21 05:00:00,Footwear,COD,Tier_1,363.24,30.56,0,1,Returned,Not as Expected,1,1,0.0,1.0,0.0,1.0
ORD_0008046,CUST_02414,2023-04-21 06:00:00,Footwear,COD,Tier_1,2291.9,19.23,0,0,Delivered,,0,1,1.0,0.0,1.0,0.0
ORD_0000772,CUST_03880,2023-04-21 06:00:00,Fashion,COD,Tier_3,1973.36,18.14,0,0,Delivered,,0,1,0.0,0.0,0.0,0.0
ORD_0003442,CUST_03652,2023-04-21 06:00:00,Fashion,COD,Tier_2,2339.75,48.73,1,0,RTO,,1,0,0.0,0.0,0.0,0.0
ORD_0005550,CUST_02469,2023-04-21 08:00:00,Beauty,COD,Tier_2,838.96,17.6,0,0,Delivered,,0,1,1.0,0.0,1.0,0.0
ORD_0007305,CUST_01191,2023-04-21 09:00:00,Beauty,Prepaid,Tier_2,2603.16,28.84,0,0,Delivered,,0,0,0.0,0.0,0.0,0.0
ORD_0009194,CUST_03207,2023-04-21 09:00:00,Fashion,Prepaid,Tier_3,492.94,47.63,0,0,Delivered,,0,0,0.0,0.0,0.0,0.0
ORD_0005228,CUST_03219,2023-04-21 10:00:00,Footwear,COD,Tier_1,1375.32,24.08,0,0,Delivered,,0,1,0.0,0.0,0.0,0.0
ORD_0000755,CUST_00159,2023-04-21 11:00:00,Home,COD,Tier_1,1059.06,3.56,1,0,RTO,,1,0,0.0,0.0,0.0,0.0
ORD_0002265,CUST_02847,2023-04-21 12:00:00,Electronics,COD,Tier_1,4482.84,20.21,1,0,RTO,,1,0,0.0,0.0,0.0,0.0
ORD_0005332,CUST_00464,2023-04-21 13:00:00,Fashion,COD,Tier_3,3543.25,35.53,1,0,RTO,,1,0,0.0,0.0,0.0,0.0
ORD_0000259,CUST_04721,2023-04-21 15:00:00,Fashion,Prepaid,Tier_3,2089.09,46.84,0,0,Delivered,,0,2,1.0,0.0,0.5,0.0
ORD_0002087,CUST_04310,2023-04-21 15:00:00,Electronics,COD,Tier_3,1501.63,32.48,0,0,Delivered,,0,0,0.0,0.0,0.0,0.0
ORD_0003774,CUST_05370,2023-04-21 15:00:00,Electronics,COD,Tier_3,508.2,42.72,1,0,RTO,,1,0,0.0,0.0,0.0,0.0
ORD_0003913,CUST_02274,2023-04-21 17:00:00,Electronics,COD,Tier_3,882.85,39.33,0,0,Delivered,,0,0,0.0,0.0,0.0,0.0
ORD_0006891,CUST_01607,2023-04-21 17:00:00,Fashion,COD,Tier_2,1967.41,12.96,0,1,Returned,Wrong Size,1,0,0.0,0.0,0.0,0.0
ORD_0009670,CUST_00337,2023-04-21 17:00:00,Fashion,COD,Tier_3,760.62,35.63,1,0,RTO,,1,0,0.0,0.0,0.0,0.0
ORD_0002032,CUST_05703,2023-04-21 18:00:00,Beauty,COD,Tier_2,422.64,19.15,0,0,Delivered,,0,0,0.0,0.0,0.0,0.0
ORD_0005718,CUST_01150,2023-04-21 20:00:00,Electronics,COD,Tier_1,3158.98,9.07,0,0,Delivered,,0,1,0.0,1.0,0.0,1.0
ORD_0000632,CUST_01793,2023-04-21 20:00:00,Footwear,Prepaid,Tier_2,5130.5,13.59,0,0,Delivered,,0,1,0.0,0.0,0.0,0.0
ORD_0004339,CUST_04604,2023-04-21 20:00:00,Electronics,Prepaid,Tier_2,1499.11,44.64,0,0,Delivered,,0,0,0.0,0.0,0.0,0.0
ORD_0008950,CUST_03481,2023-04-21 21:00:00,Fashion,COD,Tier_3,1604.76,33.76,0,1,Returned,Wrong Size,1,0,0.0,0.0,0.0,0.0
ORD_0004847,CUST_01236,2023-04-21 21:00:00,Electronics,COD,Tier_1,531.98,34.85,1,0,RTO,,1,0,0.0,0.0,0.0,0.0
ORD_0005942,CUST_02141,2023-04-21 22:00:00,Footwear,COD,Tier_3,1052.08,13.63,1,0,RTO,,1,1,0.0,0.0,0.0,0.0
ORD_0005187,CUST_02977,2023-04-21 22:00:00,Fashion,COD,Tier_1,5472.45,14.27,0,0,Delivered,,0,1,0.0,0.0,0.0,0.0
ORD_0003787,CUST_03646,2023-04-21 23:00:00,Fashion,COD,Tier_3,3958.51,10.26,0,0,Delivered,,0,0,0.0,0.0,0.0,0.0
ORD_0008248,CUST_00518,2023-04-22 01:00:00,Fashion,Prepaid,Tier_2,1099.39,34.51,0,0,Delivered,,0,0,0.0,0.0,0.0,0.0
ORD_0009531,CUST_02504,2023-04-22 01:00:00,Home,COD,Tier_3,840.05,43.0,1,0,RTO,,1,0,0.0,0.0,0.0,0.0
ORD_0002730,CUST_05525,2023-04-22 03:00:00,Fashion,Prepaid,Tier_3,1298.48,39.06,0,1,Returned,Changed Mind,1,0,0.0,0.0,0.0,0.0
ORD_0005279,CUST_01093,2023-04-22 04:00:00,Footwear,COD,Tier_2,3772.6,17.76,0,1,Returned,Wrong Size,1,1,0.0,0.0,0.0,0.0
ORD_0004138,CUST_00331,2023-04-22 05:00:00,Fashion,Prepaid,Tier_1,2842.83,46.06,0,0,Delivered,,0,0,0.0,0.0,0.0,0.0
ORD_0007854,CUST_05167,2023-04-22 05:00:00,Fashion,COD,Tier_2,647.01,9.2,0,0,Delivered,,0,0,0.0,0.0,0.0,0.0
ORD_0009191,CUST_01281,2023-04-22 07:00:00,Fashion,Prepaid,Tier_2,669.32,32.01,0,1,Returned,Wrong Size,1,1,0.0,0.0,0.0,0.0
ORD_0002173,CUST_00841,2023-04-22 08:00:00,Electronics,Prepaid,Tier_2,3693.88,5.24,0,0,Delivered,,0,0,0.0,0.0,0.0,0.0
ORD_0006529,CUST_05966,2023-04-22 09:00:00,Footwear,COD,Tier_1,350.6,46.46,0,1,Returned,Changed Mind,1,0,0.0,0.0,0.0,0.0
ORD_0007537,CUST_00185,2023-04-22 10:00:00,Fashion,COD,Tier_1,1168.86,45.53,0,0,Delivered,,0,0,0.0,0.0,0.0,0.0
ORD_0002125,CUST_05866,2023-04-22 10:00:00,Fashion,COD,Tier_2,2125.83,43.03,0,1,Returned,Defective,1,0,0.0,0.0,0.0,0.0
ORD_0003800,CUST_00732,2023-04-22 10:00:00,Footwear,COD,Tier_3,1033.39,15.72,0,1,Returned,Changed Mind,1,1,0.0,0.0,0.0,0.0
ORD_0002896,CUST_03108,2023-04-22 11:00:00,Electronics,COD,Tier_2,1159.85,4.15,0,0,Delivered,,0,0,0.0,0.0,0.0,0.0
ORD_0002542,CUST_02176,2023-04-22 11:00:00,Fashion,COD,Tier_3,5971.87,16.54,1,0,RTO,,1,1,0.0,0.0,0.0,0.0
ORD_0007676,CUST_04842,2023-04-22 11:00:00,Fashion,COD,Tier_3,535.79,22.26,1,0,RTO,,1,1,0.0,0.0,0.0,0.0
ORD_0003730,CUST_02767,2023-04-22 11:00:00,Electronics,COD,Tier_2,1156.28,37.6,0,0,Delivered,,0,0,0.0,0.0,0.0,0.0
ORD_0008519,CUST_03813,2023-04-22 11:00:00,Fashion,COD,Tier_2,1742.74,31.99,1,0,RTO,,1,1,0.0,0.0,0.0,0.0
ORD_0002155,CUST_02778,2023-04-22 12:00:00,Fashion,COD,Tier_2,558.15,21.55,0,0,Delivered,,0,0,0.0,0.0,0.0,0.0
ORD_0006707,CUST_01769,2023-04-22 13:00:00,Footwear,COD,Tier_2,620.48,38.07,0,0,Delivered,,0,0,0.0,0.0,0.0,0.0
ORD_0006808,CUST_04662,2023-04-22 15:00:00,Footwear,COD,Tier_3,2941.53,1.71,0,0,Delivered,,0,0,0.0,0.0,0.0,0.0
ORD_0001864,CUST_05797,2023-04-22 16:00:00,Electronics,COD,Tier_3,826.35,31.18,0,0,Delivered,,0,1,1.0,0.0,1.0,0.0
ORD_0007248,CUST_02746,2023-04-22 17:00:00,Home,COD,Tier_3,575.05,44.46,0,0,Delivered,,0,1,0.0,0.0,0.0,0.0
ORD_0006486,CUST_01780,2023-04-22 17:00:00,Footwear,COD,Tier_1,4051.86,25.86,0,1,Returned,Not as Expected,1,0,0.0,0.0,0.0,0.0
ORD_0004633,CUST_02629,2023-04-22 18:00:00,Beauty,COD,Tier_3,2963.96,31.78,0,0,Delivered,,0,0,0.0,0.0,0.0,0.0
ORD_0009371,CUST_02012,2023-04-22 20:00:00,Home,COD,Tier_2,8493.3,37.78,0,1,Returned,Wrong Size,1,1,0.0,1.0,0.0,1.0
ORD_0002693,CUST_01441,2023-04-22 21:00:00,Home,COD,Tier_3,1218.03,0.82,1,0,RTO,,1,0,0.0,0.0,0.0,0.0
ORD_0004031,CUST_02546,2023-04-22 22:00:00,Footwear,COD,Tier_1,2646.94,12.63,0,0,Delivered,,0,0,0.0,0.0,0.0,0.0
ORD_0004302,CUST_02718,2023-04-22 23:00:00,Footwear,COD,Tier_2,657.6,46.34,0,0,Delivered,,0,1,0.0,1.0,0.0,1.0
ORD_0002408,CUST_04602,2023-04-22 23:00:00,Beauty,COD,Tier_1,674.52,4.19,0,0,Delivered,,0,1,0.0,0.0,0.0,0.0
ORD_0002041,CUST_02097,2023-04-23 00:00:00,Fashion,COD,Tier_2,371.27,8.53,0,0,Delivered,,0,0,0.0,0.0,0.0,0.0
ORD_0004764,CUST_02448,2023-04-23 02:00:00,Fashion,Prepaid,Tier_1,535.69,46.24,0,0,Delivered,,0,0,0.0,0.0,0.0,0.0
ORD_0009239,CUST_02672,2023-04-23 03:00:00,Beauty,Prepaid,Tier_2,1050.59,12.75,0,1,Returned,Changed Mind,1,1,0.0,0.0,0.0,0.0
ORD_0005999,CUST_00656,2023-04-23 03:00:00,Electronics,COD,Tier_2,1888.73,28.02,0,1,Returned,Not as Expected,1,2,0.0,0.0,0.0,0.0
ORD_0009772,CUST_00237,2023-04-23 03:00:00,Fashion,COD,Tier_2,1850.24,14.15,1,0,RTO,,1,1,0.0,0.0,0.0,0.0
ORD_0004082,CUST_05742,2023-04-23 04:00:00,Footwear,COD,Tier_3,868.94,32.25,0,1,Returned,Changed Mind,1,1,0.0,0.0,0.0,0.0
ORD_0006009,CUST_05830,2023-04-23 04:00:00,Fashion,Prepaid,Tier_3,327.81,8.32,0,0,Delivered,,0,0,0.0,0.0,0.0,0.0
ORD_0004836,CUST_00584,2023-04-23 05:00:00,Home,COD,Tier_2,397.62,39.5,1,0,RTO,,1,0,0.0,0.0,0.0,0.0
ORD_0000083,CUST_05750,2023-04-23 05:00:00,Beauty,COD,Tier_3,1508.04,26.84,0,0,Delivered,,0,0,0.0,0.0,0.0,0.0
ORD_0007162,CUST_04393,2023-04-23 05:00:00,Fashion,Prepaid,Tier_2,514.9,28.96,0,0,Delivered,,0,0,0.0,0.0,0.0,0.0
ORD_0003285,CUST_02900,2023-04-23 05:00:00,Home,Prepaid,Tier_3,5286.79,1.17,1,0,RTO,,1,0,0.0,0.0,0.0,0.0
ORD_0001413,CUST_01814,2023-04-23 06:00:00,Fashion,COD,Tier_2,1597.28,21.87,0,0,Delivered,,0,0,0.0,0.0,0.0,0.0
ORD_0009515,CUST_02677,2023-04-23 06:00:00,Footwear,COD,Tier_1,1111.95,35.15,0,1,Returned,Wrong Size,1,1,0.0,0.0,0.0,0.0
ORD_0001327,CUST_03243,2023-04-23 08:00:00,Home,COD,Tier_2,763.52,39.29,0,0,Delivered,,0,0,0.0,0.0,0.0,0.0
ORD_0003657,CUST_01693,2023-04-23 09:00:00,Footwear,Prepaid,Tier_2,2213.37,45.94,0,0,Delivered,,0,0,0.0,0.0,0.0,0.0
ORD_0000565,CUST_01043,2023-04-23 14:00:00,Fashion,COD,Tier_2,1622.41,26.01,0,0,Delivered,,0,1,0.0,0.0,0.0,0.0
ORD_0004745,CUST_04600,2023-04-23 15:00:00,Footwear,COD,Tier_3,349.95,17.55,0,1,Returned,Wrong Size,1,0,0.0,0.0,0.0,0.0
ORD_0001889,CUST_02328,2023-04-23 15:00:00,Beauty,Prepaid,Tier_1,1144.53,48.84,0,0,Delivered,,0,0,0.0,0.0,0.0,0.0
ORD_0006013,CUST_05246,2023-04-23 18:00:00,Fashion,COD,Tier_3,553.43,40.87,0,0,Delivered,,0,1,0.0,0.0,0.0,0.0
ORD_0001080,CUST_04796,2023-04-23 18:00:00,Fashion,COD,Tier_2,2207.3,27.41,0,0,Delivered,,0,0,0.0,0.0,0.0,0.0
ORD_0003352,CUST_01456,2023-04-23 18:00:00,Fashion,COD,Tier_3,4186.27,33.47,0,0,Delivered,,0,0,0.0,0.0,0.0,0.0
ORD_0006535,CUST_03943,2023-04-23 20:00:00,Fashion,COD,Tier_2,1253.47,49.24,0,0,Delivered,,0,0,0.0,0.0,0.0,0.0
ORD_0000821,CUST_03442,2023-04-23 20:00:00,Home,COD,Tier_1,2758.97,1.6,0,0,Delivered,,0,1,0.0,0.0,0.0,0.0
ORD_0001970,CUST_01960,2023-04-23 22:00:00,Home,COD,Tier_3,968.49,36.33,1,0,RTO,,1,0,0.0,0.0,0.0,0.0
ORD_0006526,CUST_02647,2023-04-23 22:00:00,Fashion,COD,Tier_1,4309.73,43.5,0,0,Delivered,,0,0,0.0,0.0,0.0,0.0
ORD_0003305,CUST_01389,2023-04-23 22:00:00,Footwear,Prepaid,Tier_2,1626.39,46.32,0,0,Delivered,,0,1,0.0,1.0,0.0,1.0
ORD_0009925,CUST_00641,2023-04-23 22:00:00,Footwear,Prepaid,Tier_1,421.58,8.26,0,0,Delivered,,0,1,0.0,0.0,0.0,0.0
ORD_0004137,CUST_04943,2023-04-23 23:00:00,Beauty,COD,Tier_2,992.06,1.67,0,0,Delivered,,0,0,0.0,0.0,0.0,0.0
ORD_0000084,CUST_05600,2023-04-23 23:00:00,Beauty,COD,Tier_1,2036.66,15.31,0,0,Delivered,,0,0,0.0,0.0,0.0,0.0
ORD_0002748,CUST_00056,2023-04-24 00:00:00,Home,Prepaid,Tier_3,898.59,42.72,0,0,Delivered,,0,0,0.0,0.0,0.0,0.0
ORD_0009449,CUST_03891,2023-04-24 00:00:00,Fashion,Prepaid,Tier_1,5806.84,12.99,0,0,Delivered,,0,0,0.0,0.0,0.0,0.0
ORD_0007847,CUST_04235,2023-04-24 01:00:00,Fashion,Prepaid,Tier_2,318.07,40.06,0,0,Delivered,,0,0,0.0,0.0,0.0,0.0
ORD_0000361,CUST_05386,2023-04-24 04:00:00,Footwear,Prepaid,Tier_3,702.79,8.47,1,0,RTO,,1,1,0.0,1.0,0.0,1.0
ORD_0001280,CUST_00647,2023-04-24 09:00:00,Footwear,COD,Tier_1,826.63,12.34,0,0,Delivered,,0,0,0.0,0.0,0.0,0.0
ORD_0005485,CUST_04210,2023-04-24 10:00:00,Home,Prepaid,Tier_1,838.75,35.1,0,0,Delivered,,0,0,0.0,0.0,0.0,0.0
ORD_0006531,CUST_04503,2023-04-24 10:00:00,Fashion,COD,Tier_2,1861.87,25.62,0,0,Delivered,,0,1,0.0,0.0,0.0,0.0
ORD_0006369,CUST_03901,2023-04-24 11:00:00,Fashion,Prepaid,Tier_2,2537.51,37.43,0,0,Delivered,,0,0,0.0,0.0,0.0,0.0
ORD_0001691,CUST_04974,2023-04-24 11:00:00,Fashion,Prepaid,Tier_2,333.51,31.42,0,0,Delivered,,0,1,0.0,0.0,0.0,0.0
ORD_0008487,CUST_05135,2023-04-24 12:00:00,Fashion,COD,Tier_3,1078.06,0.0,1,0,RTO,,1,1,0.0,1.0,0.0,1.0
ORD_0000068,CUST_02371,2023-04-24 12:00:00,Home,COD,Tier_1,1951.89,18.07,0,0,Delivered,,0,0,0.0,0.0,0.0,0.0
ORD_0008979,CUST_01514,2023-04-24 14:00:00,Home,COD,Tier_2,1112.54,38.55,0,0,Delivered,,0,0,0.0,0.0,0.0,0.0
ORD_0000047,CUST_04946,2023-04-24 14:00:00,Footwear,COD,Tier_3,4769.31,17.43,0,0,Delivered,,0,0,0.0,0.0,0.0,0.0
ORD_0009539,CUST_05846,2023-04-24 16:00:00,Fashion,COD,Tier_3,941.53,32.27,0,1,Returned,Not as Expected,1,1,0.0,1.0,0.0,1.0
ORD_0000560,CUST_02673,2023-04-24 17:00:00,Electronics,COD,Tier_2,1063.3,41.76,0,0,Delivered,,0,1,0.0,0.0,0.0,0.0
ORD_0007404,CUST_04591,2023-04-24 17:00:00,Fashion,COD,Tier_3,1050.75,46.43,1,0,RTO,,1,0,0.0,0.0,0.0,0.0
ORD_0005532,CUST_03191,2023-04-24 18:00:00,Footwear,COD,Tier_2,3360.03,45.05,1,0,RTO,,1,0,0.0,0.0,0.0,0.0
ORD_0005538,CUST_05901,2023-04-24 19:00:00,Fashion,Prepaid,Tier_1,2278.59,47.23,0,1,Returned,Defective,1,1,0.0,0.0,0.0,0.0
ORD_0008380,CUST_03571,2023-04-24 19:00:00,Fashion,Prepaid,Tier_2,5590.73,42.38,0,0,Delivered,,0,0,0.0,0.0,0.0,0.0
ORD_0000615,CUST_03731,2023-04-24 19:00:00,Footwear,Prepaid,Tier_1,625.42,39.67,0,1,Returned,Wrong Size,1,1,1.0,0.0,1.0,0.0
ORD_0009289,CUST_00754,2023-04-24 20:00:00,Fashion,COD,Tier_3,1599.38,22.58,0,0,Delivered,,0,1,1.0,0.0,1.0,0.0
ORD_0008690,CUST_02422,2023-04-24 21:00:00,Beauty,Prepaid,Tier_2,1540.81,0.64,0,0,Delivered,,0,2,0.0,1.0,0.0,0.5
ORD_0007570,CUST_02321,2023-04-25 02:00:00,Beauty,COD,Tier_3,2134.4,6.01,0,0,Delivered,,0,0,0.0,0.0,0.0,0.0
ORD_0004855,CUST_02592,2023-04-25 02:00:00,Fashion,Prepaid,Tier_3,331.89,22.35,0,0,Delivered,,0,1,1.0,0.0,1.0,0.0
ORD_0002541,CUST_03888,2023-04-25 02:00:00,Footwear,Prepaid,Tier_2,1984.4,28.54,0,0,Delivered,,0,1,0.0,1.0,0.0,1.0
ORD_0005487,CUST_00787,2023-04-25 02:00:00,Electronics,Prepaid,Tier_2,946.49,12.7,0,0,Delivered,,0,0,0.0,0.0,0.0,0.0
ORD_0004864,CUST_05198,2023-04-25 03:00:00,Footwear,COD,Tier_3,1193.43,37.23,0,0,Delivered,,0,0,0.0,0.0,0.0,0.0
ORD_0006443,CUST_05685,2023-04-25 03:00:00,Fashion,COD,Tier_1,550.82,25.94,1,0,RTO,,1,0,0.0,0.0,0.0,0.0
ORD_0004084,CUST_03756,2023-04-25 05:00:00,Footwear,Prepaid,Tier_2,990.43,40.14,0,0,Delivered,,0,0,0.0,0.0,0.0,0.0
ORD_0001963,CUST_01946,2023-04-25 06:00:00,Fashion,COD,Tier_1,2122.6,28.76,0,1,Returned,Wrong Size,1,0,0.0,0.0,0.0,0.0
ORD_0006089,CUST_03759,2023-04-25 06:00:00,Electronics,COD,Tier_2,1486.97,45.59,0,0,Delivered,,0,1,0.0,1.0,0.0,1.0
ORD_0009933,CUST_00048,2023-04-25 07:00:00,Footwear,COD,Tier_3,1306.02,7.36,0,0,Delivered,,0,0,0.0,0.0,0.0,0.0
ORD_0005683,CUST_05175,2023-04-25 09:00:00,Footwear,COD,Tier_2,4242.27,44.18,1,0,RTO,,1,0,0.0,0.0,0.0,0.0
ORD_0007187,CUST_02343,2023-04-25 09:00:00,Home,COD,Tier_1,681.41,27.31,0,0,Delivered,,0,1,0.0,0.0,0.0,0.0
ORD_0003950,CUST_01125,2023-04-25 10:00:00,Footwear,Prepaid,Tier_2,3025.32,21.27,0,0,Delivered,,0,1,0.0,0.0,0.0,0.0
ORD_0007962,CUST_02152,2023-04-25 11:00:00,Fashion,COD,Tier_1,7422.6,0.07,0,0,Delivered,,0,0,0.0,0.0,0.0,0.0
ORD_0004924,CUST_04016,2023-04-25 11:00:00,Fashion,COD,Tier_2,2118.23,6.56,0,0,Delivered,,0,0,0.0,0.0,0.0,0.0
ORD_0008118,CUST_03309,2023-04-25 12:00:00,Home,COD,Tier_2,2112.44,36.16,0,0,Delivered,,0,0,0.0,0.0,0.0,0.0
ORD_0008561,CUST_04358,2023-04-25 12:00:00,Electronics,COD,Tier_1,1294.48,5.9,1,0,RTO,,1,2,0.0,2.0,0.0,1.0
ORD_0007496,CUST_00307,2023-04-25 12:00:00,Fashion,COD,Tier_3,2166.2,41.39,0,0,Delivered,,0,0,0.0,0.0,0.0,0.0
ORD_0003075,CUST_05611,2023-04-25 14:00:00,Footwear,Prepaid,Tier_3,714.28,39.47,0,0,Delivered,,0,0,0.0,0.0,0.0,0.0
ORD_0000257,CUST_05926,2023-04-25 14:00:00,Fashion,Prepaid,Tier_2,632.06,26.98,0,0,Delivered,,0,0,0.0,0.0,0.0,0.0
ORD_0008262,CUST_01093,2023-04-25 16:00:00,Footwear,COD,Tier_3,884.42,44.79,1,0,RTO,,1,2,1.0,0.0,0.5,0.0
ORD_0007054,CUST_02560,2023-04-25 17:00:00,Beauty,Prepaid,Tier_1,1155.16,24.54,0,0,Delivered,,0,2,0.0,0.0,0.0,0.0
ORD_0007705,CUST_05616,2023-04-25 17:00:00,Home,Prepaid,Tier_1,1338.05,32.89,0,0,Delivered,,0,1,0.0,0.0,0.0,0.0
ORD_0004039,CUST_02389,2023-04-25 18:00:00,Footwear,COD,Tier_2,1941.98,15.45,0,0,Delivered,,0,0,0.0,0.0,0.0,0.0
ORD_0007790,CUST_00129,2023-04-25 18:00:00,Fashion,Prepaid,Tier_2,337.28,10.7,0,0,Delivered,,0,2,0.0,0.0,0.0,0.0
ORD_0001826,CUST_02543,2023-04-25 19:00:00,Beauty,Prepaid,Tier_1,2795.31,8.12,0,0,Delivered,,0,2,0.0,0.0,0.0,0.0
ORD_0001935,CUST_01127,2023-04-25 20:00:00,Electronics,Prepaid,Tier_1,836.23,9.95,0,1,Returned,Changed Mind,1,3,0.0,0.0,0.0,0.0
ORD_0008639,CUST_01363,2023-04-25 23:00:00,Home,Prepaid,Tier_2,1213.2,46.33,0,0,Delivered,,0,2,1.0,0.0,0.5,0.0
ORD_0009324,CUST_05762,2023-04-26 00:00:00,Beauty,COD,Tier_3,732.99,20.72,1,0,RTO,,1,1,0.0,0.0,0.0,0.0
ORD_0008128,CUST_04647,2023-04-26 00:00:00,Fashion,COD,Tier_3,2633.47,5.99,0,0,Delivered,,0,1,0.0,0.0,0.0,0.0
ORD_0000971,CUST_02490,2023-04-26 01:00:00,Footwear,COD,Tier_2,1301.78,39.55,0,0,Delivered,,0,2,0.0,0.0,0.0,0.0
ORD_0004497,CUST_03125,2023-04-26 01:00:00,Fashion,Prepaid,Tier_1,602.27,31.93,0,1,Returned,Not as Expected,1,1,0.0,0.0,0.0,0.0
ORD_0005293,CUST_01646,2023-04-26 01:00:00,Fashion,COD,Tier_3,1843.49,10.38,0,0,Delivered,,0,0,0.0,0.0,0.0,0.0
ORD_0008872,CUST_04210,2023-04-26 01:00:00,Beauty,COD,Tier_1,1458.46,48.88,0,1,Returned,Wrong Size,1,1,0.0,0.0,0.0,0.0
ORD_0004671,CUST_03018,2023-04-26 02:00:00,Fashion,COD,Tier_2,582.65,42.21,0,0,Delivered,,0,1,0.0,1.0,0.0,1.0
ORD_0007669,CUST_01303,2023-04-26 03:00:00,Footwear,COD,Tier_3,1437.59,2.86,0,1,Returned,Changed Mind,1,1,0.0,0.0,0.0,0.0
ORD_0001387,CUST_04566,2023-04-26 03:00:00,Footwear,Prepaid,Tier_2,2604.05,48.37,0,1,Returned,Wrong Size,1,1,0.0,1.0,0.0,1.0
ORD_0003963,CUST_02202,2023-04-26 04:00:00,Fashion,COD,Tier_2,792.57,45.86,0,0,Delivered,,0,0,0.0,0.0,0.0,0.0
ORD_0000149,CUST_03835,2023-04-26 05:00:00,Home,COD,Tier_2,1083.03,26.53,1,0,RTO,,1,1,0.0,0.0,0.0,0.0
ORD_0009998,CUST_03210,2023-04-26 06:00:00,Beauty,COD,Tier_3,1166.77,1.58,0,0,Delivered,,0,0,0.0,0.0,0.0,0.0
ORD_0008241,CUST_01126,2023-04-26 06:00:00,Fashion,Prepaid,Tier_3,3906.15,3.13,0,1,Returned,Changed Mind,1,1,0.0,0.0,0.0,0.0
ORD_0009047,CUST_03153,2023-04-26 07:00:00,Footwear,Prepaid,Tier_2,6182.88,24.9,0,1,Returned,Changed Mind,1,1,0.0,0.0,0.0,0.0
ORD_0000303,CUST_00765,2023-04-26 07:00:00,Fashion,COD,Tier_3,5542.92,14.26,0,0,Delivered,,0,0,0.0,0.0,0.0,0.0
ORD_0001395,CUST_03726,2023-04-26 07:00:00,Fashion,Prepaid,Tier_1,871.12,34.01,0,0,Delivered,,0,1,0.0,0.0,0.0,0.0
ORD_0000674,CUST_02752,2023-04-26 09:00:00,Footwear,Prepaid,Tier_1,2010.8,19.7,0,0,Delivered,,0,0,0.0,0.0,0.0,0.0
ORD_0008920,CUST_00626,2023-04-26 09:00:00,Fashion,COD,Tier_2,1241.27,16.07,0,0,Delivered,,0,0,0.0,0.0,0.0,0.0
ORD_0008018,CUST_02321,2023-04-26 09:00:00,Home,COD,Tier_3,2547.04,2.3,1,0,RTO,,1,1,0.0,0.0,0.0,0.0
ORD_0008706,CUST_05555,2023-04-26 10:00:00,Fashion,COD,Tier_2,1394.22,18.76,0,0,Delivered,,0,1,0.0,0.0,0.0,0.0
ORD_0006697,CUST_03024,2023-04-26 10:00:00,Fashion,Prepaid,Tier_2,1252.31,37.95,0,0,Delivered,,0,1,0.0,0.0,0.0,0.0
ORD_0006442,CUST_05024,2023-04-26 10:00:00,Fashion,Prepaid,Tier_1,5731.24,49.25,0,0,Delivered,,0,0,0.0,0.0,0.0,0.0
ORD_0007888,CUST_03877,2023-04-26 11:00:00,Home,COD,Tier_3,696.71,31.81,1,0,RTO,,1,1,1.0,0.0,1.0,0.0
ORD_0002061,CUST_00909,2023-04-26 11:00:00,Footwear,Prepaid,Tier_1,1733.99,17.11,0,0,Delivered,,0,2,0.0,1.0,0.0,0.5
ORD_0006974,CUST_05063,2023-04-26 12:00:00,Footwear,COD,Tier_1,1265.83,0.8,0,0,Delivered,,0,1,0.0,0.0,0.0,0.0
ORD_0008051,CUST_03715,2023-04-26 13:00:00,Fashion,COD,Tier_2,2285.27,13.45,0,0,Delivered,,0,0,0.0,0.0,0.0,0.0
ORD_0000091,CUST_05974,2023-04-26 14:00:00,Fashion,Prepaid,Tier_1,2053.31,16.91,0,0,Delivered,,0,0,0.0,0.0,0.0,0.0
ORD_0009091,CUST_01006,2023-04-26 16:00:00,Fashion,Prepaid,Tier_2,1693.5,13.63,0,0,Delivered,,0,0,0.0,0.0,0.0,0.0
ORD_0003034,CUST_03119,2023-04-26 17:00:00,Beauty,COD,Tier_3,3387.57,22.08,0,0,Delivered,,0,0,0.0,0.0,0.0,0.0
ORD_0003451,CUST_02826,2023-04-26 17:00:00,Fashion,COD,Tier_2,2463.13,45.45,0,0,Delivered,,0,0,0.0,0.0,0.0,0.0
ORD_0003623,CUST_00936,2023-04-26 17:00:00,Home,Prepaid,Tier_3,1384.12,26.52,1,0,RTO,,1,0,0.0,0.0,0.0,0.0
ORD_0008217,CUST_02518,2023-04-26 18:00:00,Footwear,COD,Tier_2,5607.59,1.83,0,1,Returned,Changed Mind,1,0,0.0,0.0,0.0,0.0
ORD_0001860,CUST_05294,2023-04-26 18:00:00,Fashion,COD,Tier_3,340.72,0.57,0,0,Delivered,,0,1,1.0,0.0,1.0,0.0
ORD_0009764,CUST_05576,2023-04-26 19:00:00,Home,Prepaid,Tier_1,6137.98,29.28,0,0,Delivered,,0,0,0.0,0.0,0.0,0.0
ORD_0007450,CUST_04629,2023-04-26 20:00:00,Fashion,Prepaid,Tier_1,712.8,46.44,1,0,RTO,,1,1,0.0,0.0,0.0,0.0
ORD_0001023,CUST_02168,2023-04-26 21:00:00,Fashion,COD,Tier_2,673.4,38.22,0,1,Returned,Not as Expected,1,0,0.0,0.0,0.0,0.0
ORD_0009652,CUST_03858,2023-04-26 21:00:00,Home,COD,Tier_2,856.82,10.04,1,0,RTO,,1,1,0.0,0.0,0.0,0.0
ORD_0005236,CUST_00381,2023-04-26 22:00:00,Fashion,Prepaid,Tier_2,848.07,6.52,0,0,Delivered,,0,0,0.0,0.0,0.0,0.0
ORD_0005765,CUST_00638,2023-04-26 23:00:00,Fashion,COD,Tier_3,2125.44,6.77,0,1,Returned,Wrong Size,1,1,0.0,0.0,0.0,0.0
ORD_0009985,CUST_01361,2023-04-27 04:00:00,Beauty,COD,Tier_1,2613.46,46.67,1,0,RTO,,1,0,0.0,0.0,0.0,0.0
ORD_0001071,CUST_04721,2023-04-27 06:00:00,Fashion,Prepaid,Tier_2,5037.02,13.9,1,0,RTO,,1,3,1.0,0.0,0.3333333333333333,0.0
ORD_0000538,CUST_00014,2023-04-27 07:00:00,Fashion,COD,Tier_3,742.97,38.18,0,0,Delivered,,0,0,0.0,0.0,0.0,0.0
ORD_0001681,CUST_01290,2023-04-27 07:00:00,Electronics,COD,Tier_3,3262.67,3.18,0,0,Delivered,,0,2,0.0,0.0,0.0,0.0
ORD_0000521,CUST_00889,2023-04-27 08:00:00,Home,COD,Tier_1,1706.8,17.09,0,0,Delivered,,0,0,0.0,0.0,0.0,0.0
ORD_0005459,CUST_05262,2023-04-27 08:00:00,Fashion,Prepaid,Tier_2,2481.84,40.65,0,1,Returned,Changed Mind,1,2,0.0,0.0,0.0,0.0
ORD_0004614,CUST_05657,2023-04-27 09:00:00,Beauty,COD,Tier_3,2977.37,2.93,0,0,Delivered,,0,1,0.0,0.0,0.0,0.0
ORD_0004792,CUST_05844,2023-04-27 12:00:00,Footwear,Prepaid,Tier_2,518.97,18.01,0,0,Delivered,,0,1,0.0,0.0,0.0,0.0
ORD_0005577,CUST_01159,2023-04-27 15:00:00,Fashion,COD,Tier_2,1025.89,24.58,0,0,Delivered,,0,0,0.0,0.0,0.0,0.0
ORD_0006600,CUST_03585,2023-04-27 15:00:00,Electronics,Prepaid,Tier_3,623.74,30.21,0,0,Delivered,,0,0,0.0,0.0,0.0,0.0
ORD_0007030,CUST_03172,2023-04-27 15:00:00,Beauty,Prepaid,Tier_2,1634.34,41.83,0,0,Delivered,,0,0,0.0,0.0,0.0,0.0
ORD_0006224,CUST_02212,2023-04-27 17:00:00,Fashion,COD,Tier_2,376.45,9.56,0,0,Delivered,,0,0,0.0,0.0,0.0,0.0
ORD_0005912,CUST_03909,2023-04-27 17:00:00,Fashion,COD,Tier_2,2863.29,38.12,0,0,Delivered,,0,1,0.0,0.0,0.0,0.0
ORD_0009774,CUST_03771,2023-04-27 17:00:00,Fashion,COD,Tier_2,1108.06,19.62,0,1,Returned,Wrong Size,1,0,0.0,0.0,0.0,0.0
ORD_0008630,CUST_01858,2023-04-27 18:00:00,Footwear,COD,Tier_2,749.98,27.85,0,0,Delivered,,0,0,0.0,0.0,0.0,0.0
ORD_0007681,CUST_04461,2023-04-27 18:00:00,Electronics,Prepaid,Tier_2,2391.3,8.04,1,0,RTO,,1,2,0.0,0.0,0.0,0.0
ORD_0007516,CUST_01681,2023-04-27 18:00:00,Fashion,Prepaid,Tier_2,727.31,44.68,0,1,Returned,Wrong Size,1,1,0.0,0.0,0.0,0.0
ORD_0002337,CUST_00647,2023-04-27 20:00:00,Electronics,Prepaid,Tier_3,772.37,33.05,0,1,Returned,Not as Expected,1,1,0.0,0.0,0.0,0.0
ORD_0007892,CUST_00423,2023-04-27 21:00:00,Footwear,Prepaid,Tier_2,1747.48,7.22,0,0,Delivered,,0,0,0.0,0.0,0.0,0.0
ORD_0002604,CUST_01576,2023-04-27 22:00:00,Fashion,Prepaid,Tier_3,2231.18,31.51,0,0,Delivered,,0,1,1.0,0.0,1.0,0.0
ORD_0008195,CUST_05555,2023-04-28 01:00:00,Home,COD,Tier_3,410.34,3.55,0,0,Delivered,,0,2,0.0,0.0,0.0,0.0
ORD_0003208,CUST_01331,2023-04-28 01:00:00,Home,Prepaid,Tier_2,3337.51,6.3,0,0,Delivered,,0,0,0.0,0.0,0.0,0.0
ORD_0007545,CUST_02348,2023-04-28 02:00:00,Beauty,Prepaid,Tier_1,660.88,28.46,0,0,Delivered,,0,0,0.0,0.0,0.0,0.0
ORD_0008329,CUST_04076,2023-04-28 02:00:00,Home,Prepaid,Tier_3,1151.82,39.55,0,0,Delivered,,0,0,0.0,0.0,0.0,0.0
ORD_0006711,CUST_05941,2023-04-28 03:00:00,Footwear,Prepaid,Tier_3,833.63,43.69,1,0,RTO,,1,1,1.0,0.0,1.0,0.0
ORD_0001566,CUST_00813,2023-04-28 03:00:00,Electronics,COD,Tier_1,497.95,24.29,0,0,Delivered,,0,0,0.0,0.0,0.0,0.0
ORD_0000709,CUST_04474,2023-04-28 04:00:00,Fashion,COD,Tier_2,2763.0,8.69,1,0,RTO,,1,1,0.0,0.0,0.0,0.0
ORD_0007694,CUST_03793,2023-04-28 05:00:00,Electronics,COD,Tier_3,1368.24,43.39,1,0,RTO,,1,1,0.0,0.0,0.0,0.0
ORD_0001698,CUST_02828,2023-04-28 07:00:00,Fashion,COD,Tier_3,339.42,10.87,0,0,Delivered,,0,0,0.0,0.0,0.0,0.0
ORD_0004789,CUST_01556,2023-04-28 08:00:00,Beauty,Prepaid,Tier_3,623.66,26.82,0,0,Delivered,,0,0,0.0,0.0,0.0,0.0
ORD_0000921,CUST_02266,2023-04-28 08:00:00,Beauty,COD,Tier_3,492.24,30.85,1,0,RTO,,1,0,0.0,0.0,0.0,0.0
ORD_0008534,CUST_01955,2023-04-28 09:00:00,Home,Prepaid,Tier_3,7036.21,23.04,0,0,Delivered,,0,2,1.0,0.0,0.5,0.0
ORD_0000881,CUST_05292,2023-04-28 11:00:00,Electronics,COD,Tier_2,1866.03,40.51,1,0,RTO,,1,1,0.0,0.0,0.0,0.0
ORD_0004906,CUST_04124,2023-04-28 11:00:00,Fashion,COD,Tier_3,306.06,31.42,0,0,Delivered,,0,0,0.0,0.0,0.0,0.0
ORD_0005511,CUST_05873,2023-04-28 13:00:00,Electronics,Prepaid,Tier_2,3792.31,49.65,0,0,Delivered,,0,0,0.0,0.0,0.0,0.0
ORD_0008716,CUST_00758,2023-04-28 14:00:00,Fashion,COD,Tier_3,2901.04,19.12,1,0,RTO,,1,1,0.0,1.0,0.0,1.0
ORD_0003519,CUST_04730,2023-04-28 14:00:00,Footwear,COD,Tier_3,2753.65,36.44,1,0,RTO,,1,0,0.0,0.0,0.0,0.0
ORD_0008772,CUST_04811,2023-04-28 15:00:00,Fashion,Prepaid,Tier_3,544.65,42.79,0,0,Delivered,,0,1,0.0,1.0,0.0,1.0
ORD_0006913,CUST_04866,2023-04-28 16:00:00,Fashion,COD,Tier_1,468.05,37.97,0,0,Delivered,,0,1,0.0,0.0,0.0,0.0
ORD_0003558,CUST_01500,2023-04-28 16:00:00,Fashion,Prepaid,Tier_1,538.2,45.33,0,0,Delivered,,0,0,0.0,0.0,0.0,0.0
ORD_0007749,CUST_03025,2023-04-28 16:00:00,Beauty,COD,Tier_3,2088.18,21.53,0,0,Delivered,,0,0,0.0,0.0,0.0,0.0
ORD_0006340,CUST_03877,2023-04-28 17:00:00,Fashion,Prepaid,Tier_1,1337.31,39.74,0,0,Delivered,,0,2,1.0,1.0,0.5,0.5
ORD_0003907,CUST_00676,2023-04-28 17:00:00,Fashion,COD,Tier_3,619.09,29.54,0,0,Delivered,,0,0,0.0,0.0,0.0,0.0
ORD_0002378,CUST_04470,2023-04-28 18:00:00,Fashion,COD,Tier_2,4664.14,30.79,0,0,Delivered,,0,3,1.0,0.0,0.3333333333333333,0.0
ORD_0008807,CUST_04582,2023-04-28 20:00:00,Beauty,COD,Tier_1,2265.73,19.55,0,0,Delivered,,0,0,0.0,0.0,0.0,0.0
ORD_0007543,CUST_01643,2023-04-28 21:00:00,Footwear,COD,Tier_1,2795.7,16.55,0,1,Returned,Changed Mind,1,0,0.0,0.0,0.0,0.0
ORD_0001883,CUST_00540,2023-04-28 21:00:00,Electronics,COD,Tier_2,1356.82,40.88,0,0,Delivered,,0,0,0.0,0.0,0.0,0.0
ORD_0001850,CUST_03897,2023-04-28 22:00:00,Beauty,COD,Tier_3,2257.23,38.49,1,0,RTO,,1,1,0.0,0.0,0.0,0.0
ORD_0001442,CUST_01266,2023-04-28 22:00:00,Home,COD,Tier_2,2073.72,15.31,0,0,Delivered,,0,0,0.0,0.0,0.0,0.0
ORD_0006783,CUST_00178,2023-04-29 02:00:00,Home,Prepaid,Tier_3,478.56,8.57,0,0,Delivered,,0,0,0.0,0.0,0.0,0.0
ORD_0001599,CUST_03053,2023-04-29 03:00:00,Fashion,Prepaid,Tier_1,467.39,22.02,0,1,Returned,Wrong Size,1,0,0.0,0.0,0.0,0.0
ORD_0008679,CUST_04092,2023-04-29 04:00:00,Fashion,COD,Tier_2,659.68,3.94,0,0,Delivered,,0,0,0.0,0.0,0.0,0.0
ORD_0007040,CUST_00720,2023-04-29 04:00:00,Electronics,Prepaid,Tier_1,1153.62,39.14,0,0,Delivered,,0,0,0.0,0.0,0.0,0.0
ORD_0001909,CUST_00695,2023-04-29 05:00:00,Fashion,COD,Tier_2,869.15,38.61,1,0,RTO,,1,2,0.0,0.0,0.0,0.0
ORD_0002759,CUST_00094,2023-04-29 05:00:00,Fashion,COD,Tier_3,5497.76,17.32,1,0,RTO,,1,1,0.0,0.0,0.0,0.0
ORD_0008541,CUST_01719,2023-04-29 06:00:00,Fashion,Prepaid,Tier_1,1123.41,31.35,0,0,Delivered,,0,0,0.0,0.0,0.0,0.0
ORD_0006437,CUST_00649,2023-04-29 06:00:00,Beauty,COD,Tier_3,2508.67,40.88,1,0,RTO,,1,0,0.0,0.0,0.0,0.0
ORD_0005991,CUST_03864,2023-04-29 07:00:00,Fashion,COD,Tier_2,438.26,19.16,0,0,Delivered,,0,1,0.0,0.0,0.0,0.0
ORD_0004342,CUST_02924,2023-04-29 08:00:00,Fashion,COD,Tier_2,5670.89,15.31,1,0,RTO,,1,0,0.0,0.0,0.0,0.0
ORD_0002049,CUST_00911,2023-04-29 09:00:00,Footwear,Prepaid,Tier_3,3022.06,48.76,0,0,Delivered,,0,0,0.0,0.0,0.0,0.0
ORD_0006141,CUST_01278,2023-04-29 09:00:00,Fashion,Prepaid,Tier_1,1628.78,47.65,0,1,Returned,Changed Mind,1,1,0.0,0.0,0.0,0.0
ORD_0006054,CUST_04581,2023-04-29 10:00:00,Fashion,COD,Tier_2,3170.51,21.0,0,0,Delivered,,0,0,0.0,0.0,0.0,0.0
ORD_0009605,CUST_01067,2023-04-29 10:00:00,Fashion,COD,Tier_1,1079.55,45.54,0,1,Returned,Wrong Size,1,0,0.0,0.0,0.0,0.0
ORD_0009271,CUST_05037,2023-04-29 10:00:00,Fashion,Prepaid,Tier_3,3561.17,44.54,1,0,RTO,,1,0,0.0,0.0,0.0,0.0
ORD_0002725,CUST_01526,2023-04-29 11:00:00,Fashion,COD,Tier_2,2150.52,0.83,0,0,Delivered,,0,0,0.0,0.0,0.0,0.0
ORD_0001346,CUST_05401,2023-04-29 12:00:00,Fashion,COD,Tier_1,4532.0,22.8,0,0,Delivered,,0,0,0.0,0.0,0.0,0.0
ORD_0009628,CUST_05303,2023-04-29 13:00:00,Home,COD,Tier_2,488.49,30.69,0,0,Delivered,,0,2,0.0,0.0,0.0,0.0
ORD_0005488,CUST_01372,2023-04-29 13:00:00,Beauty,COD,Tier_3,2885.87,41.02,0,0,Delivered,,0,0,0.0,0.0,0.0,0.0
ORD_0004938,CUST_01385,2023-04-29 13:00:00,Beauty,COD,Tier_2,1093.57,32.61,0,0,Delivered,,0,0,0.0,0.0,0.0,0.0
ORD_0009828,CUST_05452,2023-04-29 13:00:00,Footwear,COD,Tier_1,908.24,25.08,0,0,Delivered,,0,0,0.0,0.0,0.0,0.0
ORD_0009922,CUST_01534,2023-04-29 14:00:00,Fashion,COD,Tier_3,1693.14,32.02,0,0,Delivered,,0,1,0.0,0.0,0.0,0.0
ORD_0005610,CUST_04503,2023-04-29 15:00:00,Footwear,COD,Tier_2,306.88,42.09,1,0,RTO,,1,2,0.0,0.0,0.0,0.0
ORD_0003097,CUST_05475,2023-04-29 15:00:00,Electronics,Prepaid,Tier_2,4255.51,17.71,0,0,Delivered,,0,1,0.0,0.0,0.0,0.0
ORD_0006131,CUST_01636,2023-04-29 16:00:00,Fashion,COD,Tier_3,895.97,48.28,0,0,Delivered,,0,2,0.0,0.0,0.0,0.0
ORD_0008697,CUST_05969,2023-04-29 16:00:00,Electronics,COD,Tier_3,817.51,6.85,1,0,RTO,,1,1,0.0,0.0,0.0,0.0
ORD_0006802,CUST_01909,2023-04-29 17:00:00,Fashion,Prepaid,Tier_1,2786.74,7.32,0,0,Delivered,,0,1,0.0,0.0,0.0,0.0
ORD_0009770,CUST_02651,2023-04-29 18:00:00,Footwear,COD,Tier_3,913.83,47.54,0,1,Returned,Wrong Size,1,1,1.0,0.0,1.0,0.0
ORD_0002612,CUST_05775,2023-04-29 18:00:00,Footwear,COD,Tier_1,2329.65,6.56,1,0,RTO,,1,0,0.0,0.0,0.0,0.0
ORD_0001645,CUST_05681,2023-04-29 18:00:00,Home,COD,Tier_3,3882.19,40.73,1,0,RTO,,1,2,0.0,1.0,0.0,0.5
ORD_0007769,CUST_03126,2023-04-29 18:00:00,Footwear,COD,Tier_2,1890.83,18.15,1,0,RTO,,1,0,0.0,0.0,0.0,0.0
ORD_0006142,CUST_00874,2023-04-29 20:00:00,Footwear,COD,Tier_2,627.77,42.45,1,0,RTO,,1,1,0.0,1.0,0.0,1.0
ORD_0003288,CUST_04891,2023-04-29 21:00:00,Fashion,COD,Tier_3,1875.18,2.96,0,0,Delivered,,0,0,0.0,0.0,0.0,0.0
ORD_0002880,CUST_01463,2023-04-29 21:00:00,Fashion,COD,Tier_2,4444.4,28.23,0,0,Delivered,,0,1,1.0,0.0,1.0,0.0
ORD_0005969,CUST_00976,2023-04-29 21:00:00,Footwear,Prepaid,Tier_2,2731.64,28.09,0,1,Returned,Wrong Size,1,0,0.0,0.0,0.0,0.0
ORD_0008553,CUST_02829,2023-04-29 23:00:00,Electronics,COD,Tier_3,3698.39,19.13,1,0,RTO,,1,1,0.0,0.0,0.0,0.0
ORD_0000044,CUST_00793,2023-04-30 00:00:00,Beauty,COD,Tier_3,470.42,47.5,1,0,RTO,,1,0,0.0,0.0,0.0,0.0
ORD_0006231,CUST_01226,2023-04-30 01:00:00,Home,COD,Tier_3,725.73,26.69,0,0,Delivered,,0,1,0.0,1.0,0.0,1.0
ORD_0006126,CUST_02205,2023-04-30 01:00:00,Fashion,COD,Tier_1,401.8,12.68,1,0,RTO,,1,1,0.0,0.0,0.0,0.0
ORD_0002495,CUST_04171,2023-04-30 06:00:00,Fashion,COD,Tier_3,2614.7,39.87,1,0,RTO,,1,0,0.0,0.0,0.0,0.0
ORD_0008739,CUST_04942,2023-04-30 08:00:00,Home,COD,Tier_2,1400.45,20.53,0,0,Delivered,,0,3,0.0,1.0,0.0,0.3333333333333333
ORD_0005757,CUST_04671,2023-04-30 08:00:00,Home,COD,Tier_3,2581.64,46.34,0,0,Delivered,,0,0,0.0,0.0,0.0,0.0
ORD_0000592,CUST_03877,2023-04-30 08:00:00,Footwear,COD,Tier_3,2081.4,17.88,1,0,RTO,,1,3,1.0,1.0,0.3333333333333333,0.3333333333333333
ORD_0004675,CUST_05206,2023-04-30 09:00:00,Home,COD,Tier_2,1233.1,13.9,0,0,Delivered,,0,0,0.0,0.0,0.0,0.0
ORD_0005989,CUST_00747,2023-04-30 09:00:00,Footwear,COD,Tier_3,1215.16,26.81,0,0,Delivered,,0,0,0.0,0.0,0.0,0.0
ORD_0002677,CUST_05330,2023-04-30 11:00:00,Footwear,COD,Tier_2,1856.63,13.3,1,0,RTO,,1,0,0.0,0.0,0.0,0.0
ORD_0003433,CUST_02120,2023-04-30 11:00:00,Footwear,COD,Tier_2,858.61,15.27,1,0,RTO,,1,0,0.0,0.0,0.0,0.0
ORD_0005673,CUST_01147,2023-04-30 12:00:00,Fashion,COD,Tier_3,789.1,6.61,0,0,Delivered,,0,0,0.0,0.0,0.0,0.0
ORD_0007562,CUST_01693,2023-04-30 12:00:00,Footwear,COD,Tier_1,1596.5,13.03,0,0,Delivered,,0,1,0.0,0.0,0.0,0.0
ORD_0005937,CUST_01268,2023-04-30 12:00:00,Home,COD,Tier_3,1286.53,12.17,0,0,Delivered,,0,0,0.0,0.0,0.0,0.0
ORD_0009609,CUST_01766,2023-04-30 13:00:00,Fashion,COD,Tier_1,1029.01,21.76,0,0,Delivered,,0,0,0.0,0.0,0.0,0.0
ORD_0005447,CUST_01790,2023-04-30 15:00:00,Footwear,COD,Tier_2,489.39,5.31,0,0,Delivered,,0,1,0.0,0.0,0.0,0.0
ORD_0005964,CUST_02821,2023-04-30 15:00:00,Fashion,COD,Tier_2,603.74,23.44,1,0,RTO,,1,2,0.0,1.0,0.0,0.5
ORD_0006192,CUST_02666,2023-04-30 21:00:00,Footwear,COD,Tier_3,508.39,22.2,1,0,RTO,,1,0,0.0,0.0,0.0,0.0
ORD_0003512,CUST_00037,2023-04-30 21:00:00,Footwear,COD,Tier_1,1379.25,38.72,0,0,Delivered,,0,0,0.0,0.0,0.0,0.0
ORD_0009613,CUST_01552,2023-04-30 22:00:00,Fashion,COD,Tier_3,1104.67,48.3,1,0,RTO,,1,0,0.0,0.0,0.0,0.0
ORD_0008020,CUST_01582,2023-04-30 22:00:00,Home,COD,Tier_3,2063.66,27.65,1,0,RTO,,1,0,0.0,0.0,0.0,0.0
ORD_0005455,CUST_05480,2023-04-30 23:00:00,Fashion,COD,Tier_3,835.76,7.59,0,0,Delivered,,0,0,0.0,0.0,0.0,0.0
ORD_0003546,CUST_05784,2023-05-01 00:00:00,Fashion,Prepaid,Tier_2,1571.78,28.96,0,0,Delivered,,0,0,0.0,0.0,0.0,0.0
ORD_0009984,CUST_00955,2023-05-01 01:00:00,Footwear,Prepaid,Tier_2,2071.08,30.48,0,0,Delivered,,0,0,0.0,0.0,0.0,0.0
ORD_0004175,CUST_04771,2023-05-01 02:00:00,Fashion,Prepaid,Tier_2,1912.72,49.78,0,1,Returned,Defective,1,0,0.0,0.0,0.0,0.0
ORD_0003316,CUST_03450,2023-05-01 03:00:00,Fashion,COD,Tier_1,1076.46,38.74,0,0,Delivered,,0,0,0.0,0.0,0.0,0.0
ORD_0009484,CUST_02465,2023-05-01 03:00:00,Electronics,COD,Tier_3,398.05,40.04,0,0,Delivered,,0,0,0.0,0.0,0.0,0.0
ORD_0000829,CUST_01254,2023-05-01 05:00:00,Footwear,Prepaid,Tier_1,831.17,49.8,0,0,Delivered,,0,0,0.0,0.0,0.0,0.0
ORD_0005017,CUST_00905,2023-05-01 07:00:00,Beauty,COD,Tier_3,1783.27,9.29,1,0,RTO,,1,0,0.0,0.0,0.0,0.0
ORD_0007134,CUST_03348,2023-05-01 07:00:00,Footwear,Prepaid,Tier_1,1775.06,17.55,0,0,Delivered,,0,0,0.0,0.0,0.0,0.0
ORD_0003551,CUST_05506,2023-05-01 07:00:00,Fashion,COD,Tier_1,1473.1,42.99,0,0,Delivered,,0,1,0.0,0.0,0.0,0.0
ORD_0001760,CUST_02965,2023-05-01 08:00:00,Fashion,Prepaid,Tier_3,780.23,1.35,0,0,Delivered,,0,1,0.0,0.0,0.0,0.0
ORD_0007996,CUST_01597,2023-05-01 09:00:00,Fashion,COD,Tier_1,1115.94,22.92,0,0,Delivered,,0,0,0.0,0.0,0.0,0.0
ORD_0004304,CUST_01651,2023-05-01 10:00:00,Beauty,Prepaid,Tier_3,1110.56,40.09,0,0,Delivered,,0,0,0.0,0.0,0.0,0.0
ORD_0005182,CUST_01695,2023-05-01 11:00:00,Fashion,COD,Tier_1,1288.56,48.9,0,0,Delivered,,0,0,0.0,0.0,0.0,0.0
ORD_0005943,CUST_04392,2023-05-01 11:00:00,Fashion,Prepaid,Tier_1,1993.23,33.05,0,0,Delivered,,0,0,0.0,0.0,0.0,0.0
ORD_0004096,CUST_03564,2023-05-01 11:00:00,Fashion,COD,Tier_3,2094.72,39.71,1,0,RTO,,1,0,0.0,0.0,0.0,0.0
ORD_0004178,CUST_00615,2023-05-01 12:00:00,Fashion,COD,Tier_3,334.02,15.1,1,0,RTO,,1,1,0.0,0.0,0.0,0.0
ORD_0006007,CUST_04269,2023-05-01 15:00:00,Fashion,COD,Tier_2,2368.08,44.54,0,1,Returned,Wrong Size,1,2,1.0,0.0,0.5,0.0
ORD_0004249,CUST_01795,2023-05-01 16:00:00,Fashion,Prepaid,Tier_2,1126.89,1.76,0,0,Delivered,,0,1,0.0,0.0,0.0,0.0
ORD_0005655,CUST_02267,2023-05-01 16:00:00,Electronics,Prepaid,Tier_2,4659.68,30.47,0,0,Delivered,,0,1,0.0,1.0,0.0,1.0
ORD_0005420,CUST_04019,2023-05-01 17:00:00,Footwear,COD,Tier_1,998.07,9.42,0,0,Delivered,,0,2,0.0,0.0,0.0,0.0
ORD_0007354,CUST_05014,2023-05-01 19:00:00,Footwear,Prepaid,Tier_3,312.84,35.21,0,0,Delivered,,0,0,0.0,0.0,0.0,0.0
ORD_0005569,CUST_02442,2023-05-01 19:00:00,Home,Prepaid,Tier_3,3080.66,17.28,0,0,Delivered,,0,0,0.0,0.0,0.0,0.0
ORD_0002354,CUST_01264,2023-05-01 20:00:00,Footwear,COD,Tier_1,2346.47,11.93,0,0,Delivered,,0,1,1.0,0.0,1.0,0.0
ORD_0002601,CUST_02166,2023-05-01 20:00:00,Beauty,COD,Tier_1,904.05,14.23,0,0,Delivered,,0,0,0.0,0.0,0.0,0.0
ORD_0006470,CUST_04383,2023-05-01 20:00:00,Home,COD,Tier_2,4335.74,14.87,1,0,RTO,,1,1,0.0,0.0,0.0,0.0
ORD_0009815,CUST_02335,2023-05-01 21:00:00,Footwear,Prepaid,Tier_3,468.02,30.98,0,1,Returned,Wrong Size,1,1,0.0,0.0,0.0,0.0
ORD_0001309,CUST_05656,2023-05-01 22:00:00,Home,COD,Tier_2,364.89,19.33,0,0,Delivered,,0,0,0.0,0.0,0.0,0.0
ORD_0004767,CUST_04238,2023-05-02 02:00:00,Footwear,Prepaid,Tier_3,2161.49,33.91,0,0,Delivered,,0,1,0.0,0.0,0.0,0.0
ORD_0008595,CUST_01082,2023-05-02 02:00:00,Fashion,Prepaid,Tier_3,314.38,24.02,1,0,RTO,,1,1,0.0,1.0,0.0,1.0
ORD_0007088,CUST_00242,2023-05-02 03:00:00,Fashion,COD,Tier_3,1637.92,21.12,1,0,RTO,,1,0,0.0,0.0,0.0,0.0
ORD_0002186,CUST_02880,2023-05-02 03:00:00,Beauty,COD,Tier_2,330.11,19.04,0,0,Delivered,,0,1,1.0,0.0,1.0,0.0
ORD_0008032,CUST_05801,2023-05-02 04:00:00,Fashion,COD,Tier_2,537.34,6.53,0,0,Delivered,,0,1,0.0,0.0,0.0,0.0
ORD_0009359,CUST_05293,2023-05-02 05:00:00,Fashion,Prepaid,Tier_1,753.53,45.98,0,0,Delivered,,0,1,1.0,0.0,1.0,0.0
ORD_0007885,CUST_02134,2023-05-02 06:00:00,Fashion,COD,Tier_3,1810.94,47.34,1,0,RTO,,1,0,0.0,0.0,0.0,0.0
ORD_0003751,CUST_05641,2023-05-02 07:00:00,Fashion,COD,Tier_2,2372.99,46.16,0,0,Delivered,,0,0,0.0,0.0,0.0,0.0
ORD_0007353,CUST_01713,2023-05-02 07:00:00,Fashion,COD,Tier_1,817.6,33.39,0,0,Delivered,,0,1,0.0,0.0,0.0,0.0
ORD_0004160,CUST_03786,2023-05-02 09:00:00,Beauty,COD,Tier_1,3645.31,3.83,0,0,Delivered,,0,0,0.0,0.0,0.0,0.0
ORD_0006096,CUST_02113,2023-05-02 09:00:00,Fashion,COD,Tier_3,1166.87,31.05,0,0,Delivered,,0,1,0.0,0.0,0.0,0.0
ORD_0002924,CUST_03296,2023-05-02 10:00:00,Beauty,Prepaid,Tier_2,1700.55,7.8,0,0,Delivered,,0,0,0.0,0.0,0.0,0.0
ORD_0004990,CUST_02316,2023-05-02 10:00:00,Footwear,COD,Tier_2,822.51,17.79,0,0,Delivered,,0,0,0.0,0.0,0.0,0.0
ORD_0004358,CUST_04649,2023-05-02 10:00:00,Home,COD,Tier_2,395.86,43.95,0,0,Delivered,,0,0,0.0,0.0,0.0,0.0
ORD_0007644,CUST_01400,2023-05-02 11:00:00,Fashion,COD,Tier_1,2262.87,7.7,0,1,Returned,Wrong Size,1,2,1.0,0.0,0.5,0.0
ORD_0000543,CUST_05494,2023-05-02 12:00:00,Electronics,COD,Tier_3,1076.61,48.38,1,0,RTO,,1,1,0.0,1.0,0.0,1.0
ORD_0004141,CUST_01216,2023-05-02 15:00:00,Footwear,COD,Tier_1,813.36,31.64,0,0,Delivered,,0,0,0.0,0.0,0.0,0.0
ORD_0005359,CUST_02357,2023-05-02 15:00:00,Footwear,COD,Tier_3,503.59,46.18,0,0,Delivered,,0,2,1.0,0.0,0.5,0.0
ORD_0004375,CUST_01376,2023-05-02 16:00:00,Fashion,Prepaid,Tier_2,992.22,5.6,0,0,Delivered,,0,0,0.0,0.0,0.0,0.0
ORD_0004645,CUST_04232,2023-05-02 16:00:00,Fashion,COD,Tier_3,1426.14,26.73,1,0,RTO,,1,1,0.0,0.0,0.0,0.0
ORD_0009711,CUST_01548,2023-05-02 16:00:00,Home,COD,Tier_2,1417.42,22.36,0,0,Delivered,,0,0,0.0,0.0,0.0,0.0
ORD_0007262,CUST_02366,2023-05-02 18:00:00,Footwear,COD,Tier_2,2173.66,31.8,0,0,Delivered,,0,0,0.0,0.0,0.0,0.0
ORD_0002445,CUST_04779,2023-05-02 18:00:00,Electronics,Prepaid,Tier_3,1822.94,35.18,0,0,Delivered,,0,0,0.0,0.0,0.0,0.0
ORD_0004579,CUST_00922,2023-05-02 18:00:00,Fashion,COD,Tier_2,970.03,29.53,0,0,Delivered,,0,0,0.0,0.0,0.0,0.0
ORD_0008485,CUST_01516,2023-05-02 18:00:00,Fashion,Prepaid,Tier_3,2385.02,41.2,0,1,Returned,Changed Mind,1,0,0.0,0.0,0.0,0.0
ORD_0008849,CUST_02127,2023-05-02 18:00:00,Fashion,COD,Tier_2,791.98,49.44,1,0,RTO,,1,0,0.0,0.0,0.0,0.0
ORD_0007427,CUST_05047,2023-05-02 18:00:00,Home,COD,Tier_2,4262.24,3.68,1,0,RTO,,1,0,0.0,0.0,0.0,0.0
ORD_0003868,CUST_03162,2023-05-02 20:00:00,Electronics,Prepaid,Tier_2,1341.61,35.69,0,0,Delivered,,0,1,0.0,0.0,0.0,0.0
ORD_0000945,CUST_05226,2023-05-02 20:00:00,Footwear,Prepaid,Tier_2,1831.18,47.97,0,0,Delivered,,0,0,0.0,0.0,0.0,0.0
ORD_0002092,CUST_00167,2023-05-02 21:00:00,Beauty,Prepaid,Tier_3,3513.4,19.66,0,0,Delivered,,0,1,0.0,0.0,0.0,0.0
ORD_0000095,CUST_03109,2023-05-02 21:00:00,Footwear,Prepaid,Tier_2,2071.73,0.72,0,1,Returned,Changed Mind,1,1,0.0,0.0,0.0,0.0
ORD_0005482,CUST_05338,2023-05-02 22:00:00,Footwear,COD,Tier_3,966.04,41.81,0,0,Delivered,,0,2,0.0,0.0,0.0,0.0
ORD_0009254,CUST_03095,2023-05-03 00:00:00,Fashion,COD,Tier_2,2110.26,34.46,0,0,Delivered,,0,0,0.0,0.0,0.0,0.0
ORD_0006513,CUST_03629,2023-05-03 01:00:00,Home,COD,Tier_2,6321.26,17.08,0,0,Delivered,,0,0,0.0,0.0,0.0,0.0
ORD_0002062,CUST_04095,2023-05-03 02:00:00,Fashion,COD,Tier_2,1048.72,48.59,1,0,RTO,,1,0,0.0,0.0,0.0,0.0
ORD_0007212,CUST_03694,2023-05-03 03:00:00,Beauty,COD,Tier_1,1299.8,12.36,0,0,Delivered,,0,0,0.0,0.0,0.0,0.0
ORD_0003345,CUST_02462,2023-05-03 04:00:00,Fashion,COD,Tier_3,705.46,24.76,0,1,Returned,Wrong Size,1,1,0.0,0.0,0.0,0.0
ORD_0003003,CUST_03090,2023-05-03 07:00:00,Fashion,COD,Tier_2,1561.07,26.91,0,0,Delivered,,0,0,0.0,0.0,0.0,0.0
ORD_0003710,CUST_02682,2023-05-03 08:00:00,Footwear,COD,Tier_1,2416.74,5.62,0,0,Delivered,,0,0,0.0,0.0,0.0,0.0
ORD_0007463,CUST_01224,2023-05-03 08:00:00,Electronics,Prepaid,Tier_2,1548.45,3.41,0,0,Delivered,,0,0,0.0,0.0,0.0,0.0
ORD_0002160,CUST_03010,2023-05-03 09:00:00,Electronics,Prepaid,Tier_2,878.27,46.07,0,0,Delivered,,0,0,0.0,0.0,0.0,0.0
ORD_0007733,CUST_02456,2023-05-03 09:00:00,Home,COD,Tier_2,3723.17,22.07,0,1,Returned,Changed Mind,1,1,0.0,0.0,0.0,0.0
ORD_0008537,CUST_05317,2023-05-03 09:00:00,Electronics,COD,Tier_2,525.15,11.51,0,0,Delivered,,0,0,0.0,0.0,0.0,0.0
ORD_0007090,CUST_03392,2023-05-03 10:00:00,Fashion,COD,Tier_2,1385.44,21.66,0,0,Delivered,,0,2,0.0,1.0,0.0,0.5
ORD_0007899,CUST_00676,2023-05-03 12:00:00,Fashion,COD,Tier_3,1754.27,24.27,0,0,Delivered,,0,1,0.0,0.0,0.0,0.0
ORD_0009757,CUST_04081,2023-05-03 14:00:00,Fashion,Prepaid,Tier_3,1294.77,14.18,0,0,Delivered,,0,0,0.0,0.0,0.0,0.0
ORD_0001370,CUST_04349,2023-05-03 14:00:00,Home,Prepaid,Tier_3,1003.45,41.0,1,0,RTO,,1,0,0.0,0.0,0.0,0.0
ORD_0003952,CUST_00093,2023-05-03 15:00:00,Electronics,COD,Tier_2,982.74,1.1,0,0,Delivered,,0,0,0.0,0.0,0.0,0.0
ORD_0000355,CUST_04743,2023-05-03 15:00:00,Home,COD,Tier_3,936.57,33.86,1,0,RTO,,1,1,1.0,0.0,1.0,0.0
ORD_0005078,CUST_00850,2023-05-03 15:00:00,Footwear,COD,Tier_3,1660.76,5.14,0,0,Delivered,,0,1,0.0,1.0,0.0,1.0
ORD_0000128,CUST_03510,2023-05-03 15:00:00,Electronics,COD,Tier_2,2854.59,18.72,0,1,Returned,Wrong Size,1,0,0.0,0.0,0.0,0.0
ORD_0008139,CUST_02993,2023-05-03 15:00:00,Electronics,Prepaid,Tier_1,2244.69,34.14,0,0,Delivered,,0,0,0.0,0.0,0.0,0.0
ORD_0004849,CUST_01641,2023-05-03 17:00:00,Footwear,Prepaid,Tier_2,1195.44,19.43,0,0,Delivered,,0,1,0.0,0.0,0.0,0.0
ORD_0005297,CUST_02381,2023-05-03 18:00:00,Fashion,COD,Tier_3,2085.53,10.07,0,0,Delivered,,0,1,0.0,0.0,0.0,0.0
ORD_0005441,CUST_01748,2023-05-03 18:00:00,Beauty,COD,Tier_1,2292.85,44.71,0,0,Delivered,,0,0,0.0,0.0,0.0,0.0
ORD_0005523,CUST_02119,2023-05-03 19:00:00,Beauty,COD,Tier_3,490.47,39.03,1,0,RTO,,1,1,0.0,0.0,0.0,0.0
ORD_0006079,CUST_04407,2023-05-03 21:00:00,Footwear,Prepaid,Tier_1,1332.83,10.65,0,0,Delivered,,0,1,0.0,0.0,0.0,0.0
ORD_0004159,CUST_00776,2023-05-03 21:00:00,Fashion,COD,Tier_3,1425.55,6.54,1,0,RTO,,1,0,0.0,0.0,0.0,0.0
ORD_0002967,CUST_03411,2023-05-03 22:00:00,Home,Prepaid,Tier_1,4119.77,43.36,0,0,Delivered,,0,0,0.0,0.0,0.0,0.0
ORD_0005363,CUST_03126,2023-05-03 23:00:00,Footwear,Prepaid,Tier_1,2052.53,5.34,0,0,Delivered,,0,1,0.0,1.0,0.0,1.0
ORD_0006805,CUST_00753,2023-05-03 23:00:00,Footwear,COD,Tier_2,4065.65,29.25,1,0,RTO,,1,0,0.0,0.0,0.0,0.0
ORD_0006006,CUST_05376,2023-05-04 02:00:00,Fashion,COD,Tier_2,2565.75,42.89,0,1,Returned,Wrong Size,1,0,0.0,0.0,0.0,0.0
ORD_0005233,CUST_02769,2023-05-04 02:00:00,Fashion,Prepaid,Tier_3,1203.92,7.47,0,0,Delivered,,0,0,0.0,0.0,0.0,0.0
ORD_0005192,CUST_04589,2023-05-04 03:00:00,Fashion,Prepaid,Tier_1,437.82,46.44,0,0,Delivered,,0,0,0.0,0.0,0.0,0.0
ORD_0004329,CUST_01118,2023-05-04 04:00:00,Electronics,COD,Tier_3,1093.87,38.4,0,0,Delivered,,0,0,0.0,0.0,0.0,0.0
ORD_0007313,CUST_00402,2023-05-04 05:00:00,Electronics,COD,Tier_2,1034.45,38.74,0,0,Delivered,,0,0,0.0,0.0,0.0,0.0
ORD_0000244,CUST_01876,2023-05-04 07:00:00,Fashion,Prepaid,Tier_2,641.28,27.78,0,0,Delivered,,0,0,0.0,0.0,0.0,0.0
ORD_0006935,CUST_05088,2023-05-04 08:00:00,Fashion,COD,Tier_2,1475.93,22.17,0,0,Delivered,,0,0,0.0,0.0,0.0,0.0
ORD_0007268,CUST_00029,2023-05-04 09:00:00,Home,Prepaid,Tier_1,1222.9,31.01,0,0,Delivered,,0,0,0.0,0.0,0.0,0.0
ORD_0003071,CUST_02014,2023-05-04 13:00:00,Footwear,COD,Tier_2,2426.52,5.16,0,0,Delivered,,0,1,1.0,0.0,1.0,0.0
ORD_0007481,CUST_00260,2023-05-04 13:00:00,Footwear,COD,Tier_2,1175.97,45.13,0,0,Delivered,,0,1,0.0,0.0,0.0,0.0
ORD_0008818,CUST_01018,2023-05-04 14:00:00,Fashion,Prepaid,Tier_2,1140.12,30.76,0,1,Returned,Wrong Size,1,1,0.0,0.0,0.0,0.0
ORD_0001571,CUST_04517,2023-05-04 14:00:00,Fashion,Prepaid,Tier_1,666.93,39.0,0,0,Delivered,,0,1,0.0,1.0,0.0,1.0
ORD_0002294,CUST_05014,2023-05-04 14:00:00,Electronics,COD,Tier_3,1775.58,31.0,0,0,Delivered,,0,1,0.0,0.0,0.0,0.0
ORD_0000718,CUST_03186,2023-05-04 15:00:00,Fashion,COD,Tier_3,853.89,16.93,0,0,Delivered,,0,1,0.0,0.0,0.0,0.0
ORD_0005197,CUST_05384,2023-05-04 15:00:00,Home,COD,Tier_3,1233.05,29.86,0,0,Delivered,,0,0,0.0,0.0,0.0,0.0
ORD_0001192,CUST_03731,2023-05-04 16:00:00,Footwear,Prepaid,Tier_1,1098.74,4.45,0,0,Delivered,,0,2,2.0,0.0,1.0,0.0
ORD_0004140,CUST_02686,2023-05-04 16:00:00,Electronics,Prepaid,Tier_3,2819.32,13.41,0,0,Delivered,,0,0,0.0,0.0,0.0,0.0
ORD_0004298,CUST_00164,2023-05-04 17:00:00,Electronics,Prepaid,Tier_3,459.66,14.43,0,1,Returned,Defective,1,1,0.0,1.0,0.0,1.0
ORD_0003471,CUST_03590,2023-05-04 18:00:00,Home,COD,Tier_1,3440.54,30.38,0,1,Returned,Not as Expected,1,0,0.0,0.0,0.0,0.0
ORD_0004529,CUST_04692,2023-05-04 19:00:00,Beauty,COD,Tier_2,2948.46,16.6,1,0,RTO,,1,1,0.0,0.0,0.0,0.0
ORD_0005708,CUST_03251,2023-05-04 21:00:00,Home,COD,Tier_1,1935.95,21.12,0,0,Delivered,,0,0,0.0,0.0,0.0,0.0
ORD_0001425,CUST_00305,2023-05-05 01:00:00,Footwear,Prepaid,Tier_1,1690.6,43.52,0,1,Returned,Changed Mind,1,0,0.0,0.0,0.0,0.0
ORD_0006961,CUST_05475,2023-05-05 02:00:00,Home,Prepaid,Tier_1,1867.0,48.55,0,1,Returned,Changed Mind,1,2,0.0,0.0,0.0,0.0
ORD_0007142,CUST_00542,2023-05-05 03:00:00,Fashion,Prepaid,Tier_2,442.69,26.76,0,1,Returned,Changed Mind,1,2,1.0,0.0,0.5,0.0
ORD_0004518,CUST_03392,2023-05-05 04:00:00,Electronics,Prepaid,Tier_2,1768.4,45.97,0,0,Delivered,,0,3,0.0,1.0,0.0,0.3333333333333333
ORD_0001609,CUST_03366,2023-05-05 05:00:00,Fashion,Prepaid,Tier_1,3214.11,38.41,1,0,RTO,,1,1,0.0,0.0,0.0,0.0
ORD_0009803,CUST_00759,2023-05-05 05:00:00,Fashion,COD,Tier_3,3028.7,20.0,0,0,Delivered,,0,0,0.0,0.0,0.0,0.0
ORD_0007315,CUST_03416,2023-05-05 08:00:00,Fashion,COD,Tier_3,2457.69,18.14,1,0,RTO,,1,0,0.0,0.0,0.0,0.0
ORD_0007358,CUST_05978,2023-05-05 08:00:00,Beauty,COD,Tier_1,403.89,14.33,0,0,Delivered,,0,1,0.0,0.0,0.0,0.0
ORD_0003717,CUST_05441,2023-05-05 09:00:00,Fashion,Prepaid,Tier_2,3252.16,7.75,0,0,Delivered,,0,0,0.0,0.0,0.0,0.0
ORD_0005108,CUST_04724,2023-05-05 10:00:00,Home,COD,Tier_2,318.52,18.23,1,0,RTO,,1,2,1.0,0.0,0.5,0.0
ORD_0001211,CUST_00304,2023-05-05 10:00:00,Home,COD,Tier_1,2080.98,39.2,0,0,Delivered,,0,1,0.0,1.0,0.0,1.0
ORD_0004344,CUST_05453,2023-05-05 10:00:00,Footwear,COD,Tier_1,302.55,46.49,0,0,Delivered,,0,0,0.0,0.0,0.0,0.0
ORD_0001480,CUST_01032,2023-05-05 11:00:00,Beauty,Prepaid,Tier_1,1185.0,17.12,0,0,Delivered,,0,0,0.0,0.0,0.0,0.0
ORD_0009590,CUST_05887,2023-05-05 12:00:00,Beauty,COD,Tier_1,2893.51,45.91,0,0,Delivered,,0,0,0.0,0.0,0.0,0.0
ORD_0007153,CUST_00343,2023-05-05 16:00:00,Electronics,COD,Tier_3,875.25,7.52,0,0,Delivered,,0,1,1.0,0.0,1.0,0.0
ORD_0008433,CUST_02031,2023-05-05 20:00:00,Footwear,COD,Tier_2,1399.27,42.01,0,1,Returned,Defective,1,0,0.0,0.0,0.0,0.0
ORD_0003439,CUST_05634,2023-05-05 21:00:00,Footwear,COD,Tier_2,762.06,13.35,0,0,Delivered,,0,1,0.0,1.0,0.0,1.0
ORD_0004589,CUST_00828,2023-05-05 21:00:00,Fashion,COD,Tier_1,562.25,9.64,0,0,Delivered,,0,3,0.0,1.0,0.0,0.3333333333333333
ORD_0000057,CUST_02402,2023-05-05 22:00:00,Fashion,COD,Tier_1,790.04,26.53,0,1,Returned,Changed Mind,1,1,0.0,0.0,0.0,0.0
ORD_0006559,CUST_03894,2023-05-05 22:00:00,Footwear,COD,Tier_2,5979.34,30.94,0,0,Delivered,,0,3,0.0,0.0,0.0,0.0
ORD_0000375,CUST_05503,2023-05-05 22:00:00,Footwear,COD,Tier_1,3992.21,46.44,0,0,Delivered,,0,2,0.0,2.0,0.0,1.0
ORD_0006553,CUST_03243,2023-05-05 22:00:00,Beauty,Prepaid,Tier_3,1340.01,48.84,1,0,RTO,,1,1,0.0,0.0,0.0,0.0
ORD_0001237,CUST_05525,2023-05-05 23:00:00,Home,COD,Tier_1,421.35,34.98,0,1,Returned,Wrong Size,1,1,1.0,0.0,1.0,0.0
ORD_0007827,CUST_04475,2023-05-05 23:00:00,Fashion,Prepaid,Tier_3,588.64,42.55,0,1,Returned,Wrong Size,1,0,0.0,0.0,0.0,0.0
ORD_0001437,CUST_05706,2023-05-06 04:00:00,Fashion,COD,Tier_3,575.23,20.8,0,0,Delivered,,0,0,0.0,0.0,0.0,0.0
ORD_0003172,CUST_00078,2023-05-06 05:00:00,Fashion,COD,Tier_3,1556.9,15.79,1,0,RTO,,1,0,0.0,0.0,0.0,0.0
ORD_0005101,CUST_02144,2023-05-06 06:00:00,Fashion,Prepaid,Tier_2,488.37,20.23,0,1,Returned,Wrong Size,1,0,0.0,0.0,0.0,0.0
ORD_0001584,CUST_02561,2023-05-06 06:00:00,Beauty,COD,Tier_3,2352.99,20.24,0,0,Delivered,,0,1,1.0,0.0,1.0,0.0
ORD_0005784,CUST_04216,2023-05-06 08:00:00,Fashion,COD,Tier_1,1785.02,35.36,0,1,Returned,Wrong Size,1,1,0.0,1.0,0.0,1.0
ORD_0008937,CUST_00236,2023-05-06 09:00:00,Footwear,Prepaid,Tier_3,1845.44,12.68,0,0,Delivered,,0,0,0.0,0.0,0.0,0.0
ORD_0009061,CUST_03897,2023-05-06 09:00:00,Fashion,COD,Tier_1,3280.84,49.85,0,0,Delivered,,0,2,0.0,1.0,0.0,0.5
ORD_0009137,CUST_00790,2023-05-06 09:00:00,Fashion,Prepaid,Tier_2,4779.38,40.21,0,0,Delivered,,0,0,0.0,0.0,0.0,0.0
ORD_0006217,CUST_04681,2023-05-06 11:00:00,Footwear,COD,Tier_1,2032.65,32.21,0,1,Returned,Not as Expected,1,2,0.0,1.0,0.0,0.5
ORD_0005309,CUST_02641,2023-05-06 11:00:00,Footwear,COD,Tier_2,1127.73,43.61,0,0,Delivered,,0,2,0.0,1.0,0.0,0.5
ORD_0000313,CUST_03105,2023-05-06 12:00:00,Fashion,COD,Tier_2,1627.61,31.52,0,1,Returned,Changed Mind,1,2,1.0,0.0,0.5,0.0
ORD_0001677,CUST_04885,2023-05-06 13:00:00,Fashion,Prepaid,Tier_1,357.68,5.09,0,0,Delivered,,0,0,0.0,0.0,0.0,0.0
ORD_0005051,CUST_01397,2023-05-06 14:00:00,Home,COD,Tier_3,2002.19,17.6,0,0,Delivered,,0,0,0.0,0.0,0.0,0.0
ORD_0008626,CUST_01081,2023-05-06 15:00:00,Home,COD,Tier_3,1430.18,43.58,0,0,Delivered,,0,1,0.0,0.0,0.0,0.0
ORD_0008640,CUST_05068,2023-05-06 16:00:00,Electronics,COD,Tier_2,917.62,21.53,1,0,RTO,,1,2,1.0,0.0,0.5,0.0
ORD_0009677,CUST_02779,2023-05-06 16:00:00,Electronics,COD,Tier_1,482.42,46.36,0,1,Returned,Wrong Size,1,0,0.0,0.0,0.0,0.0
ORD_0001491,CUST_04883,2023-05-06 17:00:00,Fashion,COD,Tier_1,1024.41,16.92,1,0,RTO,,1,0,0.0,0.0,0.0,0.0
ORD_0000444,CUST_05781,2023-05-06 18:00:00,Fashion,Prepaid,Tier_2,577.03,21.08,0,0,Delivered,,0,1,0.0,0.0,0.0,0.0
ORD_0004956,CUST_00396,2023-05-06 21:00:00,Fashion,COD,Tier_3,3377.48,34.18,0,0,Delivered,,0,0,0.0,0.0,0.0,0.0
ORD_0007903,CUST_02277,2023-05-06 23:00:00,Electronics,COD,Tier_1,306.18,35.42,1,0,RTO,,1,0,0.0,0.0,0.0,0.0
ORD_0009806,CUST_01459,2023-05-06 23:00:00,Beauty,Prepaid,Tier_1,1711.6,47.1,0,0,Delivered,,0,0,0.0,0.0,0.0,0.0
ORD_0008601,CUST_00176,2023-05-06 23:00:00,Fashion,Prepaid,Tier_2,2499.83,48.45,0,1,Returned,Not as Expected,1,0,0.0,0.0,0.0,0.0
ORD_0003917,CUST_04189,2023-05-07 00:00:00,Fashion,COD,Tier_2,1247.0,0.69,0,0,Delivered,,0,1,0.0,1.0,0.0,1.0
ORD_0007252,CUST_01329,2023-05-07 03:00:00,Home,Prepaid,Tier_1,738.11,32.88,0,0,Delivered,,0,0,0.0,0.0,0.0,0.0
ORD_0002099,CUST_02078,2023-05-07 04:00:00,Fashion,COD,Tier_2,966.48,6.58,0,0,Delivered,,0,1,0.0,0.0,0.0,0.0
ORD_0009185,CUST_05615,2023-05-07 04:00:00,Footwear,Prepaid,Tier_1,838.91,3.24,0,0,Delivered,,0,1,0.0,0.0,0.0,0.0
ORD_0009115,CUST_02054,2023-05-07 05:00:00,Fashion,COD,Tier_1,3791.64,41.66,0,1,Returned,Changed Mind,1,3,1.0,0.0,0.3333333333333333,0.0
ORD_0005180,CUST_04165,2023-05-07 06:00:00,Electronics,COD,Tier_3,1200.82,47.11,0,0,Delivered,,0,0,0.0,0.0,0.0,0.0
ORD_0003351,CUST_02574,2023-05-07 06:00:00,Footwear,Prepaid,Tier_2,1989.21,12.43,0,1,Returned,Wrong Size,1,1,0.0,0.0,0.0,0.0
ORD_0002381,CUST_02475,2023-05-07 06:00:00,Home,COD,Tier_1,3594.5,24.79,0,0,Delivered,,0,0,0.0,0.0,0.0,0.0
ORD_0000793,CUST_05549,2023-05-07 06:00:00,Fashion,COD,Tier_3,1350.11,28.61,0,0,Delivered,,0,0,0.0,0.0,0.0,0.0
ORD_0009263,CUST_05531,2023-05-07 07:00:00,Fashion,COD,Tier_2,2497.16,0.94,0,0,Delivered,,0,0,0.0,0.0,0.0,0.0
ORD_0009058,CUST_03506,2023-05-07 07:00:00,Footwear,COD,Tier_2,3006.74,26.54,1,0,RTO,,1,0,0.0,0.0,0.0,0.0
ORD_0007121,CUST_03841,2023-05-07 07:00:00,Fashion,COD,Tier_1,1183.43,40.23,0,0,Delivered,,0,0,0.0,0.0,0.0,0.0
ORD_0000426,CUST_02163,2023-05-07 09:00:00,Electronics,COD,Tier_2,638.63,34.45,0,0,Delivered,,0,0,0.0,0.0,0.0,0.0
ORD_0002056,CUST_03440,2023-05-07 10:00:00,Home,COD,Tier_1,8677.48,10.38,0,0,Delivered,,0,0,0.0,0.0,0.0,0.0
ORD_0004877,CUST_03553,2023-05-07 10:00:00,Fashion,Prepaid,Tier_2,609.87,12.6,0,1,Returned,Changed Mind,1,0,0.0,0.0,0.0,0.0
ORD_0002589,CUST_02571,2023-05-07 11:00:00,Footwear,COD,Tier_2,2382.59,48.75,0,0,Delivered,,0,0,0.0,0.0,0.0,0.0
ORD_0001741,CUST_03767,2023-05-07 12:00:00,Home,COD,Tier_3,2602.34,26.67,0,0,Delivered,,0,1,0.0,0.0,0.0,0.0
ORD_0007879,CUST_00290,2023-05-07 13:00:00,Footwear,COD,Tier_2,788.94,2.35,0,0,Delivered,,0,1,0.0,1.0,0.0,1.0
ORD_0004158,CUST_02047,2023-05-07 14:00:00,Fashion,COD,Tier_2,435.73,16.05,0,0,Delivered,,0,1,0.0,0.0,0.0,0.0
ORD_0005843,CUST_01398,2023-05-07 14:00:00,Footwear,COD,Tier_1,349.25,12.27,0,1,Returned,Wrong Size,1,0,0.0,0.0,0.0,0.0
ORD_0009616,CUST_03347,2023-05-07 18:00:00,Electronics,Prepaid,Tier_3,415.53,34.21,0,0,Delivered,,0,0,0.0,0.0,0.0,0.0
ORD_0009378,CUST_05300,2023-05-07 18:00:00,Fashion,Prepaid,Tier_1,4097.1,48.11,0,0,Delivered,,0,0,0.0,0.0,0.0,0.0
ORD_0008437,CUST_01822,2023-05-07 19:00:00,Electronics,COD,Tier_3,2939.93,6.51,0,0,Delivered,,0,0,0.0,0.0,0.0,0.0
ORD_0002281,CUST_00995,2023-05-07 20:00:00,Fashion,COD,Tier_2,1230.74,42.92,0,0,Delivered,,0,1,0.0,0.0,0.0,0.0
ORD_0008659,CUST_02134,2023-05-07 22:00:00,Footwear,COD,Tier_3,1078.61,30.85,1,0,RTO,,1,1,0.0,1.0,0.0,1.0
ORD_0008111,CUST_04708,2023-05-07 23:00:00,Fashion,COD,Tier_2,1657.59,21.94,0,0,Delivered,,0,0,0.0,0.0,0.0,0.0
ORD_0002380,CUST_05259,2023-05-08 00:00:00,Home,Prepaid,Tier_2,2472.33,31.38,0,0,Delivered,,0,0,0.0,0.0,0.0,0.0
ORD_0005644,CUST_02986,2023-05-08 01:00:00,Electronics,Prepaid,Tier_2,2131.33,47.59,0,0,Delivered,,0,0,0.0,0.0,0.0,0.0
ORD_0004657,CUST_04659,2023-05-08 02:00:00,Home,Prepaid,Tier_2,944.73,20.92,0,1,Returned,Not as Expected,1,0,0.0,0.0,0.0,0.0
ORD_0000817,CUST_04145,2023-05-08 03:00:00,Fashion,Prepaid,Tier_2,680.83,40.06,0,0,Delivered,,0,0,0.0,0.0,0.0,0.0
ORD_0004194,CUST_05935,2023-05-08 04:00:00,Electronics,COD,Tier_2,612.98,38.55,0,0,Delivered,,0,0,0.0,0.0,0.0,0.0
ORD_0007416,CUST_04151,2023-05-08 09:00:00,Fashion,Prepaid,Tier_3,2252.15,4.2,0,0,Delivered,,0,1,0.0,1.0,0.0,1.0
ORD_0002464,CUST_03304,2023-05-08 09:00:00,Electronics,Prepaid,Tier_1,422.83,10.21,0,1,Returned,Defective,1,0,0.0,0.0,0.0,0.0
ORD_0004481,CUST_02391,2023-05-08 09:00:00,Electronics,COD,Tier_1,11302.26,48.74,0,0,Delivered,,0,1,0.0,0.0,0.0,0.0
ORD_0005596,CUST_01319,2023-05-08 11:00:00,Footwear,COD,Tier_2,2507.17,6.19,0,1,Returned,Defective,1,1,0.0,0.0,0.0,0.0
ORD_0007267,CUST_01662,2023-05-08 11:00:00,Electronics,Prepaid,Tier_1,1412.14,14.86,0,0,Delivered,,0,1,0.0,0.0,0.0,0.0
ORD_0006577,CUST_01261,2023-05-08 11:00:00,Electronics,COD,Tier_1,5177.38,33.35,0,0,Delivered,,0,0,0.0,0.0,0.0,0.0
ORD_0004124,CUST_02936,2023-05-08 12:00:00,Footwear,COD,Tier_3,3767.67,23.24,0,0,Delivered,,0,0,0.0,0.0,0.0,0.0
ORD_0005191,CUST_02720,2023-05-08 12:00:00,Fashion,COD,Tier_3,1084.82,30.13,1,0,RTO,,1,0,0.0,0.0,0.0,0.0
ORD_0005072,CUST_00927,2023-05-08 13:00:00,Beauty,Prepaid,Tier_1,746.62,20.61,0,0,Delivered,,0,0,0.0,0.0,0.0,0.0
ORD_0008546,CUST_04126,2023-05-08 14:00:00,Footwear,COD,Tier_3,1192.6,31.53,0,0,Delivered,,0,0,0.0,0.0,0.0,0.0
ORD_0004812,CUST_04580,2023-05-08 15:00:00,Footwear,COD,Tier_3,338.62,40.12,0,0,Delivered,,0,0,0.0,0.0,0.0,0.0
ORD_0002877,CUST_05354,2023-05-08 16:00:00,Beauty,COD,Tier_1,1410.54,29.59,1,0,RTO,,1,0,0.0,0.0,0.0,0.0
ORD_0007528,CUST_04869,2023-05-08 17:00:00,Fashion,COD,Tier_1,3253.18,34.71,0,0,Delivered,,0,0,0.0,0.0,0.0,0.0
ORD_0002119,CUST_05697,2023-05-08 18:00:00,Footwear,COD,Tier_1,1365.04,22.98,0,0,Delivered,,0,0,0.0,0.0,0.0,0.0
ORD_0005001,CUST_05763,2023-05-08 19:00:00,Fashion,COD,Tier_1,4933.84,19.14,0,0,Delivered,,0,1,0.0,0.0,0.0,0.0
ORD_0008180,CUST_03681,2023-05-08 22:00:00,Electronics,COD,Tier_2,1787.54,19.06,1,0,RTO,,1,0,0.0,0.0,0.0,0.0
ORD_0006255,CUST_02084,2023-05-08 22:00:00,Fashion,COD,Tier_2,313.65,40.47,1,0,RTO,,1,0,0.0,0.0,0.0,0.0
ORD_0008672,CUST_04423,2023-05-08 22:00:00,Fashion,COD,Tier_3,1752.82,22.12,1,0,RTO,,1,0,0.0,0.0,0.0,0.0
ORD_0006183,CUST_02586,2023-05-08 23:00:00,Footwear,COD,Tier_3,1294.5,34.49,0,1,Returned,Wrong Size,1,0,0.0,0.0,0.0,0.0
ORD_0005074,CUST_05704,2023-05-08 23:00:00,Fashion,COD,Tier_2,901.09,13.83,1,0,RTO,,1,0,0.0,0.0,0.0,0.0
ORD_0004446,CUST_01557,2023-05-09 02:00:00,Footwear,COD,Tier_2,559.84,25.44,0,0,Delivered,,0,0,0.0,0.0,0.0,0.0
ORD_0004246,CUST_00214,2023-05-09 05:00:00,Footwear,Prepaid,Tier_3,1246.24,45.82,0,0,Delivered,,0,1,0.0,0.0,0.0,0.0
ORD_0007461,CUST_02897,2023-05-09 07:00:00,Fashion,Prepaid,Tier_1,904.66,0.46,0,0,Delivered,,0,1,0.0,0.0,0.0,0.0
ORD_0000472,CUST_03330,2023-05-09 08:00:00,Fashion,Prepaid,Tier_3,2015.34,30.3,0,0,Delivered,,0,1,0.0,0.0,0.0,0.0
ORD_0006284,CUST_05515,2023-05-09 09:00:00,Fashion,COD,Tier_3,1590.08,42.47,1,0,RTO,,1,0,0.0,0.0,0.0,0.0
ORD_0009079,CUST_03282,2023-05-09 09:00:00,Footwear,COD,Tier_1,470.17,21.78,0,0,Delivered,,0,1,1.0,0.0,1.0,0.0
ORD_0008488,CUST_03804,2023-05-09 10:00:00,Fashion,Prepaid,Tier_3,1663.76,4.72,0,0,Delivered,,0,1,0.0,0.0,0.0,0.0
ORD_0005032,CUST_02426,2023-05-09 13:00:00,Fashion,Prepaid,Tier_2,7440.83,34.73,0,0,Delivered,,0,0,0.0,0.0,0.0,0.0
ORD_0000343,CUST_04161,2023-05-09 13:00:00,Electronics,COD,Tier_2,481.15,23.85,0,0,Delivered,,0,0,0.0,0.0,0.0,0.0
ORD_0007372,CUST_04305,2023-05-09 17:00:00,Fashion,COD,Tier_2,2486.35,0.45,0,1,Returned,Defective,1,1,0.0,0.0,0.0,0.0
ORD_0009564,CUST_00170,2023-05-09 17:00:00,Fashion,COD,Tier_2,1137.55,0.09,0,0,Delivered,,0,0,0.0,0.0,0.0,0.0
ORD_0005818,CUST_05158,2023-05-09 18:00:00,Footwear,COD,Tier_2,928.88,33.47,0,0,Delivered,,0,0,0.0,0.0,0.0,0.0
ORD_0009570,CUST_01874,2023-05-09 18:00:00,Home,COD,Tier_3,776.73,3.9,0,0,Delivered,,0,0,0.0,0.0,0.0,0.0
ORD_0000179,CUST_04989,2023-05-09 19:00:00,Footwear,COD,Tier_1,888.62,20.5,1,0,RTO,,1,3,0.0,0.0,0.0,0.0
ORD_0007919,CUST_01437,2023-05-09 20:00:00,Footwear,COD,Tier_2,602.44,0.65,0,0,Delivered,,0,0,0.0,0.0,0.0,0.0
ORD_0000005,CUST_01829,2023-05-09 20:00:00,Home,Prepaid,Tier_3,942.73,41.65,0,0,Delivered,,0,0,0.0,0.0,0.0,0.0
ORD_0004219,CUST_03925,2023-05-09 21:00:00,Footwear,COD,Tier_2,1589.03,24.54,0,0,Delivered,,0,1,0.0,0.0,0.0,0.0
ORD_0005170,CUST_03378,2023-05-10 01:00:00,Fashion,COD,Tier_1,890.95,2.27,0,0,Delivered,,0,0,0.0,0.0,0.0,0.0
ORD_0003135,CUST_05522,2023-05-10 02:00:00,Fashion,Prepaid,Tier_1,5146.84,11.6,0,0,Delivered,,0,1,0.0,0.0,0.0,0.0
ORD_0006260,CUST_02742,2023-05-10 03:00:00,Footwear,COD,Tier_3,4496.93,26.24,0,1,Returned,Changed Mind,1,0,0.0,0.0,0.0,0.0
ORD_0002165,CUST_03478,2023-05-10 03:00:00,Footwear,Prepaid,Tier_3,2817.94,48.86,0,1,Returned,Not as Expected,1,0,0.0,0.0,0.0,0.0
ORD_0003337,CUST_03113,2023-05-10 03:00:00,Footwear,COD,Tier_3,1579.58,32.96,0,0,Delivered,,0,0,0.0,0.0,0.0,0.0
ORD_0009365,CUST_03325,2023-05-10 04:00:00,Fashion,COD,Tier_2,1955.26,1.82,0,0,Delivered,,0,1,0.0,1.0,0.0,1.0
ORD_0007316,CUST_01461,2023-05-10 06:00:00,Fashion,COD,Tier_1,1922.61,34.95,0,0,Delivered,,0,0,0.0,0.0,0.0,0.0
ORD_0009865,CUST_00688,2023-05-10 06:00:00,Electronics,Prepaid,Tier_2,749.24,18.51,0,1,Returned,Wrong Size,1,1,0.0,0.0,0.0,0.0
ORD_0001641,CUST_04561,2023-05-10 06:00:00,Electronics,COD,Tier_1,546.86,22.92,0,0,Delivered,,0,0,0.0,0.0,0.0,0.0
ORD_0004856,CUST_05863,2023-05-10 06:00:00,Fashion,COD,Tier_3,723.12,28.23,1,0,RTO,,1,0,0.0,0.0,0.0,0.0
ORD_0002482,CUST_05574,2023-05-10 06:00:00,Home,Prepaid,Tier_2,1188.2,19.43,0,1,Returned,Changed Mind,1,0,0.0,0.0,0.0,0.0
ORD_0006709,CUST_00796,2023-05-10 07:00:00,Electronics,Prepaid,Tier_2,1558.08,35.59,0,0,Delivered,,0,1,0.0,0.0,0.0,0.0
ORD_0009858,CUST_05847,2023-05-10 07:00:00,Footwear,COD,Tier_1,337.22,40.92,0,1,Returned,Not as Expected,1,0,0.0,0.0,0.0,0.0
ORD_0004685,CUST_03888,2023-05-10 08:00:00,Home,COD,Tier_2,913.76,6.35,0,0,Delivered,,0,2,0.0,1.0,0.0,0.5
ORD_0004696,CUST_03167,2023-05-10 08:00:00,Fashion,COD,Tier_2,1907.28,1.15,0,0,Delivered,,0,0,0.0,0.0,0.0,0.0
ORD_0006022,CUST_00276,2023-05-10 09:00:00,Footwear,COD,Tier_2,3171.23,25.02,0,1,Returned,Defective,1,0,0.0,0.0,0.0,0.0
ORD_0008235,CUST_03294,2023-05-10 09:00:00,Home,COD,Tier_2,5353.37,4.53,0,0,Delivered,,0,1,0.0,0.0,0.0,0.0
ORD_0001881,CUST_05303,2023-05-10 09:00:00,Footwear,Prepaid,Tier_2,735.65,29.65,0,1,Returned,Wrong Size,1,3,0.0,0.0,0.0,0.0
ORD_0009947,CUST_02481,2023-05-10 09:00:00,Footwear,COD,Tier_3,397.15,25.77,1,0,RTO,,1,2,0.0,1.0,0.0,0.5
ORD_0005670,CUST_04970,2023-05-10 09:00:00,Footwear,COD,Tier_1,2154.93,26.43,1,0,RTO,,1,0,0.0,0.0,0.0,0.0
ORD_0000191,CUST_00917,2023-05-10 10:00:00,Fashion,COD,Tier_2,1023.01,24.1,0,0,Delivered,,0,1,1.0,0.0,1.0,0.0
ORD_0009209,CUST_03002,2023-05-10 11:00:00,Fashion,COD,Tier_2,1414.96,17.66,0,0,Delivered,,0,1,0.0,0.0,0.0,0.0
ORD_0005079,CUST_03409,2023-05-10 11:00:00,Home,COD,Tier_3,506.43,4.28,0,0,Delivered,,0,0,0.0,0.0,0.0,0.0
ORD_0002587,CUST_04305,2023-05-10 12:00:00,Fashion,COD,Tier_1,2335.97,8.06,0,0,Delivered,,0,2,1.0,0.0,0.5,0.0
ORD_0002188,CUST_00347,2023-05-10 14:00:00,Fashion,COD,Tier_3,2009.16,22.54,0,1,Returned,Changed Mind,1,0,0.0,0.0,0.0,0.0
ORD_0002712,CUST_01100,2023-05-10 15:00:00,Footwear,COD,Tier_2,1352.89,21.61,0,0,Delivered,,0,0,0.0,0.0,0.0,0.0
ORD_0006008,CUST_02347,2023-05-10 15:00:00,Home,Prepaid,Tier_3,839.38,10.04,0,0,Delivered,,0,0,0.0,0.0,0.0,0.0
ORD_0001588,CUST_02089,2023-05-10 15:00:00,Fashion,Prepaid,Tier_3,468.45,16.47,0,0,Delivered,,0,0,0.0,0.0,0.0,0.0
ORD_0004411,CUST_01848,2023-05-10 15:00:00,Home,COD,Tier_1,1041.81,6.89,0,0,Delivered,,0,2,0.0,0.0,0.0,0.0
ORD_0002428,CUST_05908,2023-05-10 16:00:00,Fashion,COD,Tier_3,317.45,18.25,1,0,RTO,,1,1,0.0,0.0,0.0,0.0
ORD_0001295,CUST_05463,2023-05-10 16:00:00,Fashion,COD,Tier_3,1118.74,9.85,0,0,Delivered,,0,1,1.0,0.0,1.0,0.0
ORD_0002594,CUST_04476,2023-05-10 17:00:00,Footwear,Prepaid,Tier_1,447.81,31.04,0,0,Delivered,,0,0,0.0,0.0,0.0,0.0
ORD_0005530,CUST_02592,2023-05-10 19:00:00,Fashion,COD,Tier_1,1575.93,9.86,0,0,Delivered,,0,2,1.0,0.0,0.5,0.0
ORD_0000809,CUST_04637,2023-05-10 20:00:00,Electronics,Prepaid,Tier_3,2962.2,11.61,0,0,Delivered,,0,1,0.0,0.0,0.0,0.0
ORD_0005030,CUST_01894,2023-05-10 21:00:00,Electronics,COD,Tier_2,504.39,40.6,0,0,Delivered,,0,1,0.0,0.0,0.0,0.0
ORD_0008614,CUST_05293,2023-05-10 21:00:00,Fashion,COD,Tier_3,1021.21,17.39,0,1,Returned,Wrong Size,1,2,1.0,0.0,0.5,0.0
ORD_0001792,CUST_01617,2023-05-10 22:00:00,Fashion,COD,Tier_3,3599.24,23.81,0,1,Returned,Wrong Size,1,0,0.0,0.0,0.0,0.0
ORD_0004863,CUST_02568,2023-05-11 00:00:00,Fashion,COD,Tier_3,995.24,12.8,0,0,Delivered,,0,0,0.0,0.0,0.0,0.0
ORD_0000898,CUST_04350,2023-05-11 00:00:00,Fashion,COD,Tier_1,955.61,7.42,0,0,Delivered,,0,0,0.0,0.0,0.0,0.0
ORD_0000785,CUST_00939,2023-05-11 01:00:00,Electronics,Prepaid,Tier_2,1135.76,14.34,1,0,RTO,,1,0,0.0,0.0,0.0,0.0
ORD_0003670,CUST_02371,2023-05-11 03:00:00,Electronics,COD,Tier_3,512.8,43.58,0,0,Delivered,,0,1,0.0,0.0,0.0,0.0
ORD_0009766,CUST_03230,2023-05-11 03:00:00,Fashion,Prepaid,Tier_2,1203.68,16.13,0,0,Delivered,,0,0,0.0,0.0,0.0,0.0
ORD_0006674,CUST_04014,2023-05-11 04:00:00,Home,COD,Tier_3,358.62,26.22,1,0,RTO,,1,2,0.0,1.0,0.0,0.5
ORD_0001947,CUST_01074,2023-05-11 05:00:00,Home,COD,Tier_2,1546.76,23.12,1,0,RTO,,1,1,0.0,0.0,0.0,0.0
ORD_0000160,CUST_05251,2023-05-11 05:00:00,Electronics,COD,Tier_1,361.46,8.34,0,0,Delivered,,0,1,0.0,0.0,0.0,0.0
ORD_0006127,CUST_01498,2023-05-11 06:00:00,Footwear,COD,Tier_1,537.16,33.34,0,0,Delivered,,0,0,0.0,0.0,0.0,0.0
ORD_0006016,CUST_00088,2023-05-11 06:00:00,Electronics,Prepaid,Tier_2,1375.92,38.03,0,0,Delivered,,0,0,0.0,0.0,0.0,0.0
ORD_0008613,CUST_05372,2023-05-11 06:00:00,Home,COD,Tier_2,1212.46,11.49,1,0,RTO,,1,1,0.0,0.0,0.0,0.0
ORD_0005121,CUST_05421,2023-05-11 09:00:00,Home,COD,Tier_2,684.97,30.15,1,0,RTO,,1,0,0.0,0.0,0.0,0.0
ORD_0001626,CUST_01838,2023-05-11 10:00:00,Home,Prepaid,Tier_1,4166.81,31.22,0,0,Delivered,,0,0,0.0,0.0,0.0,0.0
ORD_0006070,CUST_00873,2023-05-11 11:00:00,Electronics,Prepaid,Tier_2,1801.68,14.9,0,0,Delivered,,0,1,0.0,0.0,0.0,0.0
ORD_0000214,CUST_01736,2023-05-11 12:00:00,Fashion,COD,Tier_3,419.77,30.48,0,1,Returned,Not as Expected,1,2,0.0,1.0,0.0,0.5
ORD_0007333,CUST_02452,2023-05-11 12:00:00,Beauty,Prepaid,Tier_2,881.04,19.35,0,0,Delivered,,0,1,0.0,0.0,0.0,0.0
ORD_0001669,CUST_03717,2023-05-11 13:00:00,Fashion,Prepaid,Tier_2,582.6,4.53,0,0,Delivered,,0,0,0.0,0.0,0.0,0.0
ORD_0003698,CUST_03074,2023-05-11 14:00:00,Fashion,COD,Tier_1,1448.03,29.52,0,0,Delivered,,0,1,0.0,0.0,0.0,0.0
ORD_0007469,CUST_04377,2023-05-11 14:00:00,Footwear,COD,Tier_1,2664.95,45.16,0,0,Delivered,,0,0,0.0,0.0,0.0,0.0
ORD_0003936,CUST_00707,2023-05-11 16:00:00,Footwear,Prepaid,Tier_2,4996.88,31.35,0,1,Returned,Changed Mind,1,0,0.0,0.0,0.0,0.0
ORD_0008949,CUST_00644,2023-05-11 19:00:00,Fashion,COD,Tier_1,1240.16,35.42,0,1,Returned,Not as Expected,1,0,0.0,0.0,0.0,0.0
ORD_0002368,CUST_02169,2023-05-11 19:00:00,Fashion,COD,Tier_2,616.14,31.65,0,0,Delivered,,0,1,0.0,1.0,0.0,1.0
ORD_0004282,CUST_04651,2023-05-11 20:00:00,Fashion,Prepaid,Tier_1,2741.63,14.52,0,0,Delivered,,0,0,0.0,0.0,0.0,0.0
ORD_0004053,CUST_03360,2023-05-11 21:00:00,Electronics,COD,Tier_1,654.84,11.99,1,0,RTO,,1,1,0.0,1.0,0.0,1.0
ORD_0000146,CUST_03153,2023-05-11 22:00:00,Electronics,COD,Tier_2,816.5,30.08,0,0,Delivered,,0,2,1.0,0.0,0.5,0.0
ORD_0009274,CUST_03572,2023-05-11 23:00:00,Footwear,COD,Tier_1,340.17,6.71,1,0,RTO,,1,0,0.0,0.0,0.0,0.0
ORD_0003103,CUST_01896,2023-05-12 03:00:00,Footwear,COD,Tier_1,938.82,2.45,0,0,Delivered,,0,0,0.0,0.0,0.0,0.0
ORD_0008653,CUST_00958,2023-05-12 04:00:00,Fashion,COD,Tier_2,2136.41,11.75,0,0,Delivered,,0,0,0.0,0.0,0.0,0.0
ORD_0008676,CUST_00996,2023-05-12 05:00:00,Fashion,Prepaid,Tier_2,991.5,38.87,0,0,Delivered,,0,0,0.0,0.0,0.0,0.0
ORD_0009129,CUST_03135,2023-05-12 05:00:00,Footwear,COD,Tier_1,2901.5,37.96,0,1,Returned,Wrong Size,1,0,0.0,0.0,0.0,0.0
ORD_0001329,CUST_00067,2023-05-12 10:00:00,Fashion,COD,Tier_1,528.29,43.73,0,0,Delivered,,0,1,1.0,0.0,1.0,0.0
ORD_0004975,CUST_05421,2023-05-12 11:00:00,Electronics,Prepaid,Tier_3,3329.46,11.86,0,0,Delivered,,0,1,0.0,1.0,0.0,1.0
ORD_0007863,CUST_05023,2023-05-12 13:00:00,Footwear,Prepaid,Tier_1,642.68,39.59,0,1,Returned,Wrong Size,1,2,0.0,0.0,0.0,0.0
ORD_0008919,CUST_03773,2023-05-12 14:00:00,Fashion,Prepaid,Tier_2,349.18,39.07,0,0,Delivered,,0,0,0.0,0.0,0.0,0.0
ORD_0008654,CUST_00338,2023-05-12 16:00:00,Footwear,Prepaid,Tier_1,1584.31,28.96,0,0,Delivered,,0,2,0.0,0.0,0.0,0.0
ORD_0009750,CUST_00034,2023-05-12 18:00:00,Electronics,COD,Tier_1,589.45,32.02,0,0,Delivered,,0,2,1.0,0.0,0.5,0.0
ORD_0002952,CUST_04847,2023-05-12 18:00:00,Beauty,Prepaid,Tier_1,703.1,45.75,0,0,Delivered,,0,1,1.0,0.0,1.0,0.0
ORD_0002387,CUST_03716,2023-05-12 23:00:00,Fashion,COD,Tier_1,1113.13,8.11,1,0,RTO,,1,0,0.0,0.0,0.0,0.0
ORD_0008897,CUST_02306,2023-05-12 23:00:00,Beauty,COD,Tier_3,383.5,30.39,1,0,RTO,,1,0,0.0,0.0,0.0,0.0
ORD_0009783,CUST_00048,2023-05-13 01:00:00,Fashion,COD,Tier_2,2004.37,33.78,0,0,Delivered,,0,1,0.0,0.0,0.0,0.0
ORD_0006411,CUST_00069,2023-05-13 01:00:00,Footwear,Prepaid,Tier_2,5256.69,31.55,0,0,Delivered,,0,1,0.0,0.0,0.0,0.0
ORD_0008649,CUST_05459,2023-05-13 02:00:00,Footwear,COD,Tier_2,2147.18,49.32,1,0,RTO,,1,0,0.0,0.0,0.0,0.0
ORD_0005893,CUST_03535,2023-05-13 03:00:00,Fashion,Prepaid,Tier_2,1921.16,32.63,1,0,RTO,,1,0,0.0,0.0,0.0,0.0
ORD_0006109,CUST_00080,2023-05-13 03:00:00,Footwear,Prepaid,Tier_2,962.18,10.47,0,0,Delivered,,0,1,0.0,0.0,0.0,0.0
ORD_0006829,CUST_02740,2023-05-13 03:00:00,Footwear,COD,Tier_2,531.68,13.4,0,0,Delivered,,0,0,0.0,0.0,0.0,0.0
ORD_0008113,CUST_04223,2023-05-13 05:00:00,Fashion,Prepaid,Tier_3,4763.2,26.42,1,0,RTO,,1,1,0.0,0.0,0.0,0.0
ORD_0004022,CUST_00432,2023-05-13 06:00:00,Fashion,COD,Tier_1,5157.1,3.54,0,0,Delivered,,0,0,0.0,0.0,0.0,0.0
ORD_0006162,CUST_02296,2023-05-13 06:00:00,Fashion,Prepaid,Tier_2,1863.05,22.52,0,0,Delivered,,0,0,0.0,0.0,0.0,0.0
ORD_0004986,CUST_04191,2023-05-13 09:00:00,Fashion,COD,Tier_2,1300.66,3.79,1,0,RTO,,1,0,0.0,0.0,0.0,0.0
ORD_0005204,CUST_01817,2023-05-13 10:00:00,Fashion,COD,Tier_2,3003.78,2.65,0,1,Returned,Not as Expected,1,0,0.0,0.0,0.0,0.0
ORD_0009459,CUST_00173,2023-05-13 11:00:00,Electronics,COD,Tier_1,4266.0,9.06,0,0,Delivered,,0,0,0.0,0.0,0.0,0.0
ORD_0000840,CUST_05989,2023-05-13 11:00:00,Home,Prepaid,Tier_2,351.07,45.77,1,0,RTO,,1,0,0.0,0.0,0.0,0.0
ORD_0003687,CUST_02639,2023-05-13 11:00:00,Fashion,Prepaid,Tier_3,3418.42,48.56,0,0,Delivered,,0,2,0.0,0.0,0.0,0.0
ORD_0002052,CUST_02468,2023-05-13 13:00:00,Fashion,COD,Tier_2,2299.95,35.32,0,0,Delivered,,0,1,0.0,0.0,0.0,0.0
ORD_0000540,CUST_04411,2023-05-13 14:00:00,Electronics,Prepaid,Tier_3,2553.01,17.13,0,0,Delivered,,0,0,0.0,0.0,0.0,0.0
ORD_0000548,CUST_05442,2023-05-13 14:00:00,Electronics,COD,Tier_1,10576.45,29.08,0,0,Delivered,,0,1,0.0,1.0,0.0,1.0
ORD_0002801,CUST_04305,2023-05-13 15:00:00,Home,COD,Tier_1,1242.37,43.64,0,0,Delivered,,0,3,1.0,0.0,0.3333333333333333,0.0
ORD_0004762,CUST_05826,2023-05-13 15:00:00,Fashion,COD,Tier_3,10441.21,30.25,0,0,Delivered,,0,0,0.0,0.0,0.0,0.0
ORD_0007581,CUST_01066,2023-05-13 16:00:00,Home,COD,Tier_2,952.15,34.61,0,0,Delivered,,0,2,0.0,0.0,0.0,0.0
ORD_0001017,CUST_02317,2023-05-13 18:00:00,Fashion,COD,Tier_1,615.16,34.68,0,0,Delivered,,0,1,0.0,0.0,0.0,0.0
ORD_0008208,CUST_00376,2023-05-13 19:00:00,Fashion,Prepaid,Tier_1,2087.51,49.83,0,0,Delivered,,0,0,0.0,0.0,0.0,0.0
ORD_0000659,CUST_02124,2023-05-13 19:00:00,Fashion,COD,Tier_3,702.35,36.11,0,0,Delivered,,0,0,0.0,0.0,0.0,0.0
ORD_0001992,CUST_03041,2023-05-13 21:00:00,Electronics,Prepaid,Tier_2,773.77,20.25,0,0,Delivered,,0,0,0.0,0.0,0.0,0.0
ORD_0002614,CUST_05655,2023-05-13 21:00:00,Footwear,COD,Tier_2,901.07,22.09,1,0,RTO,,1,1,0.0,0.0,0.0,0.0
ORD_0008780,CUST_02748,2023-05-13 22:00:00,Fashion,Prepaid,Tier_1,3058.07,1.45,0,1,Returned,Wrong Size,1,0,0.0,0.0,0.0,0.0
ORD_0008254,CUST_05705,2023-05-14 00:00:00,Electronics,Prepaid,Tier_1,675.21,16.05,0,0,Delivered,,0,0,0.0,0.0,0.0,0.0
ORD_0008577,CUST_02363,2023-05-14 02:00:00,Footwear,Prepaid,Tier_2,2698.06,4.14,1,0,RTO,,1,0,0.0,0.0,0.0,0.0
ORD_0005960,CUST_03963,2023-05-14 04:00:00,Home,COD,Tier_1,675.87,4.26,0,1,Returned,Changed Mind,1,0,0.0,0.0,0.0,0.0
ORD_0001498,CUST_01430,2023-05-14 05:00:00,Fashion,COD,Tier_3,606.64,5.22,1,0,RTO,,1,1,0.0,1.0,0.0,1.0
ORD_0006594,CUST_05935,2023-05-14 06:00:00,Footwear,Prepaid,Tier_2,1117.01,46.41,0,0,Delivered,,0,1,0.0,0.0,0.0,0.0
ORD_0000970,CUST_04611,2023-05-14 07:00:00,Fashion,COD,Tier_2,463.97,40.77,0,0,Delivered,,0,0,0.0,0.0,0.0,0.0
ORD_0001321,CUST_04709,2023-05-14 09:00:00,Electronics,Prepaid,Tier_2,2148.66,23.28,0,0,Delivered,,0,0,0.0,0.0,0.0,0.0
ORD_0004109,CUST_01914,2023-05-14 10:00:00,Electronics,Prepaid,Tier_1,1143.07,42.85,0,0,Delivered,,0,0,0.0,0.0,0.0,0.0
ORD_0002318,CUST_05242,2023-05-14 11:00:00,Footwear,COD,Tier_1,7077.22,48.48,0,0,Delivered,,0,1,1.0,0.0,1.0,0.0
ORD_0004537,CUST_04114,2023-05-14 11:00:00,Footwear,Prepaid,Tier_3,886.8,43.23,0,0,Delivered,,0,0,0.0,0.0,0.0,0.0
ORD_0008722,CUST_04780,2023-05-14 12:00:00,Home,Prepaid,Tier_2,2128.88,45.17,0,0,Delivered,,0,0,0.0,0.0,0.0,0.0
ORD_0002416,CUST_02031,2023-05-14 13:00:00,Footwear,COD,Tier_1,2595.81,25.45,0,0,Delivered,,0,1,1.0,0.0,1.0,0.0
ORD_0005958,CUST_04581,2023-05-14 14:00:00,Electronics,COD,Tier_2,2069.66,25.7,0,0,Delivered,,0,1,0.0,0.0,0.0,0.0
ORD_0001238,CUST_04372,2023-05-14 14:00:00,Fashion,COD,Tier_2,1127.77,23.12,0,1,Returned,Wrong Size,1,2,0.0,0.0,0.0,0.0
ORD_0006696,CUST_03408,2023-05-14 15:00:00,Electronics,Prepaid,Tier_2,2200.65,5.21,0,0,Delivered,,0,1,0.0,0.0,0.0,0.0
ORD_0008758,CUST_04596,2023-05-14 17:00:00,Fashion,Prepaid,Tier_2,8033.38,30.52,0,0,Delivered,,0,1,0.0,0.0,0.0,0.0
ORD_0006624,CUST_04437,2023-05-14 17:00:00,Home,COD,Tier_2,351.26,40.17,0,0,Delivered,,0,0,0.0,0.0,0.0,0.0
ORD_0007259,CUST_02536,2023-05-14 17:00:00,Home,Prepaid,Tier_2,2179.35,47.95,0,0,Delivered,,0,0,0.0,0.0,0.0,0.0
ORD_0000323,CUST_05423,2023-05-14 18:00:00,Beauty,Prepaid,Tier_2,2697.85,8.82,0,1,Returned,Wrong Size,1,2,0.0,1.0,0.0,0.5
ORD_0006912,CUST_02823,2023-05-14 19:00:00,Home,Prepaid,Tier_2,1790.28,29.9,0,0,Delivered,,0,0,0.0,0.0,0.0,0.0
ORD_0006842,CUST_02497,2023-05-14 19:00:00,Electronics,Prepaid,Tier_3,3091.3,22.45,0,0,Delivered,,0,0,0.0,0.0,0.0,0.0
ORD_0002695,CUST_03253,2023-05-14 19:00:00,Fashion,COD,Tier_2,1537.2,0.45,1,0,RTO,,1,2,0.0,0.0,0.0,0.0
ORD_0001634,CUST_01853,2023-05-14 20:00:00,Footwear,COD,Tier_3,886.01,1.85,0,0,Delivered,,0,0,0.0,0.0,0.0,0.0
ORD_0006252,CUST_01339,2023-05-14 22:00:00,Footwear,Prepaid,Tier_2,418.78,47.08,0,0,Delivered,,0,0,0.0,0.0,0.0,0.0
ORD_0005218,CUST_01151,2023-05-15 01:00:00,Electronics,COD,Tier_1,666.28,20.46,1,0,RTO,,1,0,0.0,0.0,0.0,0.0
ORD_0008566,CUST_05087,2023-05-15 02:00:00,Footwear,COD,Tier_2,647.86,41.07,0,0,Delivered,,0,2,0.0,1.0,0.0,0.5
ORD_0009006,CUST_04401,2023-05-15 02:00:00,Beauty,COD,Tier_2,2028.18,29.78,0,0,Delivered,,0,1,0.0,0.0,0.0,0.0
ORD_0002754,CUST_02701,2023-05-15 04:00:00,Fashion,COD,Tier_2,980.5,13.94,0,0,Delivered,,0,0,0.0,0.0,0.0,0.0
ORD_0004850,CUST_02808,2023-05-15 05:00:00,Footwear,COD,Tier_2,1271.96,14.88,0,0,Delivered,,0,1,0.0,0.0,0.0,0.0
ORD_0004719,CUST_01834,2023-05-15 06:00:00,Electronics,COD,Tier_2,997.56,4.08,0,1,Returned,Changed Mind,1,1,1.0,0.0,1.0,0.0
ORD_0006822,CUST_02461,2023-05-15 08:00:00,Home,COD,Tier_2,809.91,46.33,0,0,Delivered,,0,1,0.0,0.0,0.0,0.0
ORD_0005696,CUST_05357,2023-05-15 10:00:00,Electronics,Prepaid,Tier_1,1174.38,27.56,0,0,Delivered,,0,1,0.0,1.0,0.0,1.0
ORD_0002432,CUST_04082,2023-05-15 10:00:00,Home,COD,Tier_2,501.09,42.98,0,1,Returned,Defective,1,0,0.0,0.0,0.0,0.0
ORD_0003213,CUST_05547,2023-05-15 10:00:00,Fashion,Prepaid,Tier_3,2830.31,18.25,0,0,Delivered,,0,0,0.0,0.0,0.0,0.0
ORD_0001841,CUST_04755,2023-05-15 11:00:00,Fashion,COD,Tier_1,1980.26,29.07,0,0,Delivered,,0,1,0.0,0.0,0.0,0.0
ORD_0005395,CUST_00978,2023-05-15 11:00:00,Home,COD,Tier_2,552.91,38.63,1,0,RTO,,1,0,0.0,0.0,0.0,0.0
ORD_0003183,CUST_00349,2023-05-15 11:00:00,Fashion,Prepaid,Tier_3,1977.43,25.06,0,0,Delivered,,0,0,0.0,0.0,0.0,0.0
ORD_0001776,CUST_00626,2023-05-15 12:00:00,Beauty,COD,Tier_3,2086.37,32.02,0,0,Delivered,,0,1,0.0,0.0,0.0,0.0
ORD_0005275,CUST_03260,2023-05-15 12:00:00,Beauty,Prepaid,Tier_2,4104.39,43.49,0,0,Delivered,,0,1,0.0,0.0,0.0,0.0
ORD_0008988,CUST_02886,2023-05-15 13:00:00,Fashion,COD,Tier_3,737.44,21.95,1,0,RTO,,1,0,0.0,0.0,0.0,0.0
ORD_0003387,CUST_05189,2023-05-15 13:00:00,Footwear,COD,Tier_1,476.4,46.94,0,0,Delivered,,0,0,0.0,0.0,0.0,0.0
ORD_0000233,CUST_00173,2023-05-15 14:00:00,Home,COD,Tier_1,949.21,17.14,1,0,RTO,,1,1,0.0,0.0,0.0,0.0
ORD_0003593,CUST_04601,2023-05-15 15:00:00,Home,Prepaid,Tier_1,3007.69,23.86,1,0,RTO,,1,0,0.0,0.0,0.0,0.0
ORD_0002451,CUST_04895,2023-05-15 16:00:00,Footwear,Prepaid,Tier_3,5055.33,14.53,1,0,RTO,,1,0,0.0,0.0,0.0,0.0
ORD_0000893,CUST_05440,2023-05-15 16:00:00,Fashion,Prepaid,Tier_2,1146.24,2.62,1,0,RTO,,1,0,0.0,0.0,0.0,0.0
ORD_0006296,CUST_05248,2023-05-15 17:00:00,Fashion,Prepaid,Tier_3,3948.39,23.18,0,1,Returned,Not as Expected,1,1,0.0,1.0,0.0,1.0
ORD_0003232,CUST_03250,2023-05-15 18:00:00,Footwear,COD,Tier_1,816.64,32.5,0,0,Delivered,,0,1,0.0,1.0,0.0,1.0
ORD_0004607,CUST_04987,2023-05-15 18:00:00,Footwear,Prepaid,Tier_2,3524.78,5.65,0,0,Delivered,,0,0,0.0,0.0,0.0,0.0
ORD_0007297,CUST_01701,2023-05-15 18:00:00,Fashion,Prepaid,Tier_3,4644.41,41.59,0,1,Returned,Wrong Size,1,0,0.0,0.0,0.0,0.0
ORD_0001220,CUST_03744,2023-05-15 19:00:00,Fashion,Prepaid,Tier_2,1843.75,4.87,0,0,Delivered,,0,1,0.0,0.0,0.0,0.0
ORD_0005099,CUST_00377,2023-05-15 19:00:00,Fashion,COD,Tier_2,1091.56,25.1,0,1,Returned,Changed Mind,1,0,0.0,0.0,0.0,0.0
ORD_0000463,CUST_00327,2023-05-15 19:00:00,Beauty,COD,Tier_1,623.0,11.15,0,0,Delivered,,0,2,0.0,0.0,0.0,0.0
ORD_0004230,CUST_05168,2023-05-15 22:00:00,Electronics,Prepaid,Tier_3,1005.38,25.58,0,0,Delivered,,0,0,0.0,0.0,0.0,0.0
ORD_0008071,CUST_04029,2023-05-16 00:00:00,Fashion,COD,Tier_2,1393.55,32.09,0,0,Delivered,,0,0,0.0,0.0,0.0,0.0
ORD_0005507,CUST_05621,2023-05-16 00:00:00,Fashion,COD,Tier_3,2056.31,3.46,0,0,Delivered,,0,1,0.0,0.0,0.0,0.0
ORD_0008938,CUST_00972,2023-05-16 01:00:00,Footwear,COD,Tier_1,2260.61,38.4,0,0,Delivered,,0,1,0.0,0.0,0.0,0.0
ORD_0009528,CUST_03283,2023-05-16 02:00:00,Home,Prepaid,Tier_1,2071.4,44.34,0,0,Delivered,,0,0,0.0,0.0,0.0,0.0
ORD_0006614,CUST_02256,2023-05-16 03:00:00,Fashion,COD,Tier_3,3513.09,43.81,0,0,Delivered,,0,0,0.0,0.0,0.0,0.0
ORD_0002462,CUST_05960,2023-05-16 04:00:00,Electronics,COD,Tier_1,3452.19,47.19,0,0,Delivered,,0,0,0.0,0.0,0.0,0.0
ORD_0007300,CUST_01215,2023-05-16 05:00:00,Electronics,COD,Tier_1,1539.53,12.96,0,0,Delivered,,0,0,0.0,0.0,0.0,0.0
ORD_0003983,CUST_01368,2023-05-16 06:00:00,Fashion,COD,Tier_2,3408.12,22.63,1,0,RTO,,1,0,0.0,0.0,0.0,0.0
ORD_0003496,CUST_01900,2023-05-16 06:00:00,Fashion,COD,Tier_2,384.75,40.2,0,0,Delivered,,0,0,0.0,0.0,0.0,0.0
ORD_0005190,CUST_03723,2023-05-16 07:00:00,Fashion,Prepaid,Tier_1,2117.46,8.95,0,0,Delivered,,0,0,0.0,0.0,0.0,0.0
ORD_0004311,CUST_00180,2023-05-16 07:00:00,Fashion,Prepaid,Tier_3,1669.07,21.21,1,0,RTO,,1,0,0.0,0.0,0.0,0.0
ORD_0008094,CUST_05961,2023-05-16 08:00:00,Footwear,COD,Tier_3,669.72,45.73,0,0,Delivered,,0,0,0.0,0.0,0.0,0.0
ORD_0001575,CUST_03700,2023-05-16 12:00:00,Electronics,COD,Tier_1,1206.4,29.85,0,1,Returned,Wrong Size,1,0,0.0,0.0,0.0,0.0
ORD_0005809,CUST_03367,2023-05-16 13:00:00,Beauty,Prepaid,Tier_1,1503.92,30.55,0,0,Delivered,,0,1,0.0,0.0,0.0,0.0
ORD_0008657,CUST_01037,2023-05-16 13:00:00,Beauty,COD,Tier_3,1095.7,22.01,0,1,Returned,Wrong Size,1,0,0.0,0.0,0.0,0.0
ORD_0006719,CUST_02038,2023-05-16 13:00:00,Fashion,COD,Tier_1,2436.06,41.61,0,0,Delivered,,0,0,0.0,0.0,0.0,0.0
ORD_0003945,CUST_05391,2023-05-16 13:00:00,Fashion,Prepaid,Tier_3,2220.04,45.64,0,0,Delivered,,0,0,0.0,0.0,0.0,0.0
ORD_0000360,CUST_03435,2023-05-16 14:00:00,Fashion,Prepaid,Tier_2,1048.7,47.77,0,1,Returned,Not as Expected,1,0,0.0,0.0,0.0,0.0
ORD_0008432,CUST_02021,2023-05-16 14:00:00,Beauty,COD,Tier_2,803.67,28.87,0,1,Returned,Wrong Size,1,2,0.0,1.0,0.0,0.5
ORD_0007584,CUST_05534,2023-05-16 16:00:00,Beauty,COD,Tier_3,829.52,21.34,0,0,Delivered,,0,0,0.0,0.0,0.0,0.0
ORD_0007470,CUST_01360,2023-05-16 17:00:00,Fashion,COD,Tier_2,1925.59,38.58,0,0,Delivered,,0,0,0.0,0.0,0.0,0.0
ORD_0002685,CUST_05344,2023-05-16 19:00:00,Fashion,COD,Tier_2,370.53,44.23,0,0,Delivered,,0,0,0.0,0.0,0.0,0.0
ORD_0002534,CUST_04782,2023-05-16 21:00:00,Fashion,Prepaid,Tier_2,626.61,16.92,0,0,Delivered,,0,0,0.0,0.0,0.0,0.0
ORD_0002231,CUST_03261,2023-05-16 21:00:00,Fashion,Prepaid,Tier_1,1465.69,49.58,0,0,Delivered,,0,0,0.0,0.0,0.0,0.0
ORD_0007083,CUST_00970,2023-05-16 21:00:00,Footwear,Prepaid,Tier_1,1747.91,40.77,0,1,Returned,Wrong Size,1,1,0.0,0.0,0.0,0.0
ORD_0004391,CUST_02103,2023-05-16 23:00:00,Fashion,COD,Tier_3,1328.8,48.09,0,0,Delivered,,0,0,0.0,0.0,0.0,0.0
ORD_0001096,CUST_04059,2023-05-16 23:00:00,Footwear,COD,Tier_1,726.36,49.14,0,0,Delivered,,0,0,0.0,0.0,0.0,0.0
ORD_0007082,CUST_05894,2023-05-16 23:00:00,Beauty,Prepaid,Tier_2,729.25,8.94,0,0,Delivered,,0,1,1.0,0.0,1.0,0.0
ORD_0006342,CUST_00441,2023-05-17 02:00:00,Electronics,Prepaid,Tier_2,3533.33,38.97,1,0,RTO,,1,2,0.0,0.0,0.0,0.0
ORD_0009171,CUST_01345,2023-05-17 07:00:00,Footwear,Prepaid,Tier_1,1212.3,26.97,0,0,Delivered,,0,1,1.0,0.0,1.0,0.0
ORD_0003432,CUST_00808,2023-05-17 08:00:00,Fashion,Prepaid,Tier_1,1923.15,20.3,0,1,Returned,Wrong Size,1,0,0.0,0.0,0.0,0.0
ORD_0005630,CUST_00572,2023-05-17 08:00:00,Home,Prepaid,Tier_1,420.31,45.59,0,0,Delivered,,0,0,0.0,0.0,0.0,0.0
ORD_0008000,CUST_05655,2023-05-17 08:00:00,Home,Prepaid,Tier_3,563.39,37.73,0,0,Delivered,,0,2,0.0,1.0,0.0,0.5
ORD_0006850,CUST_04116,2023-05-17 11:00:00,Fashion,COD,Tier_2,4463.12,14.1,0,0,Delivered,,0,1,0.0,0.0,0.0,0.0
ORD_0004682,CUST_04867,2023-05-17 11:00:00,Fashion,COD,Tier_1,3707.0,13.89,0,0,Delivered,,0,0,0.0,0.0,0.0,0.0
ORD_0003803,CUST_00846,2023-05-17 12:00:00,Footwear,COD,Tier_2,1404.63,36.53,0,0,Delivered,,0,0,0.0,0.0,0.0,0.0
ORD_0001775,CUST_01378,2023-05-17 14:00:00,Electronics,COD,Tier_1,332.15,28.86,0,0,Delivered,,0,0,0.0,0.0,0.0,0.0
ORD_0002664,CUST_02706,2023-05-17 14:00:00,Footwear,COD,Tier_2,2876.79,2.84,0,0,Delivered,,0,0,0.0,0.0,0.0,0.0
ORD_0008136,CUST_05180,2023-05-17 16:00:00,Fashion,COD,Tier_3,1164.55,1.42,0,0,Delivered,,0,0,0.0,0.0,0.0,0.0
ORD_0004387,CUST_02045,2023-05-17 16:00:00,Beauty,Prepaid,Tier_3,1421.11,34.01,1,0,RTO,,1,0,0.0,0.0,0.0,0.0
ORD_0003484,CUST_00896,2023-05-17 16:00:00,Electronics,COD,Tier_3,704.41,10.99,1,0,RTO,,1,1,0.0,0.0,0.0,0.0
ORD_0006906,CUST_03389,2023-05-17 17:00:00,Electronics,COD,Tier_2,607.27,25.29,0,0,Delivered,,0,0,0.0,0.0,0.0,0.0
ORD_0004349,CUST_05641,2023-05-17 18:00:00,Footwear,Prepaid,Tier_1,1648.15,8.73,0,0,Delivered,,0,1,0.0,0.0,0.0,0.0
ORD_0006371,CUST_04429,2023-05-17 20:00:00,Fashion,COD,Tier_1,1568.32,32.14,0,0,Delivered,,0,2,0.0,0.0,0.0,0.0
ORD_0008705,CUST_01143,2023-05-17 21:00:00,Footwear,COD,Tier_2,830.93,31.55,0,0,Delivered,,0,0,0.0,0.0,0.0,0.0
ORD_0002875,CUST_04418,2023-05-17 21:00:00,Fashion,COD,Tier_2,2037.89,9.76,0,0,Delivered,,0,1,0.0,0.0,0.0,0.0
ORD_0001405,CUST_05529,2023-05-18 01:00:00,Fashion,Prepaid,Tier_1,4167.31,33.37,0,0,Delivered,,0,0,0.0,0.0,0.0,0.0
ORD_0009618,CUST_00236,2023-05-18 02:00:00,Footwear,COD,Tier_2,3470.85,16.44,0,0,Delivered,,0,1,0.0,0.0,0.0,0.0
ORD_0000405,CUST_00065,2023-05-18 02:00:00,Fashion,Prepaid,Tier_2,4323.08,24.78,0,0,Delivered,,0,0,0.0,0.0,0.0,0.0
ORD_0004044,CUST_03801,2023-05-18 03:00:00,Electronics,Prepaid,Tier_2,1343.49,48.64,0,0,Delivered,,0,1,1.0,0.0,1.0,0.0
ORD_0006428,CUST_03234,2023-05-18 03:00:00,Fashion,Prepaid,Tier_2,3737.49,19.5,0,0,Delivered,,0,0,0.0,0.0,0.0,0.0
ORD_0008264,CUST_05179,2023-05-18 04:00:00,Home,COD,Tier_3,327.03,11.1,0,0,Delivered,,0,1,0.0,0.0,0.0,0.0
ORD_0002161,CUST_04254,2023-05-18 04:00:00,Fashion,COD,Tier_2,557.98,27.37,0,1,Returned,Changed Mind,1,0,0.0,0.0,0.0,0.0
ORD_0009994,CUST_01988,2023-05-18 05:00:00,Electronics,COD,Tier_2,946.08,21.04,0,0,Delivered,,0,1,0.0,1.0,0.0,1.0
ORD_0009975,CUST_04413,2023-05-18 07:00:00,Home,COD,Tier_3,358.13,0.46,1,0,RTO,,1,1,0.0,0.0,0.0,0.0
ORD_0005823,CUST_00459,2023-05-18 07:00:00,Home,COD,Tier_3,644.57,44.11,0,0,Delivered,,0,2,0.0,1.0,0.0,0.5
ORD_0002252,CUST_04024,2023-05-18 07:00:00,Fashion,Prepaid,Tier_1,2282.35,14.64,0,0,Delivered,,0,0,0.0,0.0,0.0,0.0
ORD_0007882,CUST_02491,2023-05-18 08:00:00,Home,Prepaid,Tier_2,3566.94,37.23,0,0,Delivered,,0,0,0.0,0.0,0.0,0.0
ORD_0005714,CUST_05031,2023-05-18 08:00:00,Fashion,COD,Tier_3,971.43,36.36,0,0,Delivered,,0,0,0.0,0.0,0.0,0.0
ORD_0000334,CUST_02570,2023-05-18 10:00:00,Footwear,COD,Tier_1,2857.58,49.29,0,0,Delivered,,0,1,0.0,0.0,0.0,0.0
ORD_0008942,CUST_01167,2023-05-18 10:00:00,Footwear,Prepaid,Tier_2,778.14,16.91,0,0,Delivered,,0,0,0.0,0.0,0.0,0.0
ORD_0005954,CUST_04568,2023-05-18 10:00:00,Home,COD,Tier_2,1727.64,42.27,0,0,Delivered,,0,0,0.0,0.0,0.0,0.0
ORD_0000227,CUST_03699,2023-05-18 11:00:00,Home,COD,Tier_2,541.98,13.13,0,1,Returned,Wrong Size,1,0,0.0,0.0,0.0,0.0
ORD_0009041,CUST_05916,2023-05-18 11:00:00,Fashion,COD,Tier_3,2866.65,48.53,0,0,Delivered,,0,0,0.0,0.0,0.0,0.0
ORD_0004834,CUST_04754,2023-05-18 11:00:00,Fashion,Prepaid,Tier_3,1195.92,16.8,0,0,Delivered,,0,0,0.0,0.0,0.0,0.0
ORD_0002549,CUST_04781,2023-05-18 14:00:00,Fashion,Prepaid,Tier_1,582.82,3.38,1,0,RTO,,1,2,0.0,0.0,0.0,0.0
ORD_0004488,CUST_04007,2023-05-18 15:00:00,Fashion,COD,Tier_3,3713.95,40.19,0,1,Returned,Wrong Size,1,0,0.0,0.0,0.0,0.0
ORD_0005426,CUST_02604,2023-05-18 16:00:00,Fashion,COD,Tier_2,1333.21,12.51,0,0,Delivered,,0,1,0.0,0.0,0.0,0.0
ORD_0007312,CUST_00719,2023-05-18 18:00:00,Home,Prepaid,Tier_2,726.74,7.76,0,0,Delivered,,0,0,0.0,0.0,0.0,0.0
ORD_0007231,CUST_05786,2023-05-18 18:00:00,Fashion,Prepaid,Tier_2,2199.99,10.94,0,0,Delivered,,0,0,0.0,0.0,0.0,0.0
ORD_0008179,CUST_04375,2023-05-18 19:00:00,Beauty,Prepaid,Tier_1,1380.32,35.21,0,0,Delivered,,0,1,0.0,0.0,0.0,0.0
ORD_0003769,CUST_02503,2023-05-18 20:00:00,Electronics,Prepaid,Tier_2,1408.68,2.09,0,0,Delivered,,0,1,0.0,0.0,0.0,0.0
ORD_0005829,CUST_04910,2023-05-18 20:00:00,Beauty,Prepaid,Tier_2,581.91,49.11,0,0,Delivered,,0,1,0.0,0.0,0.0,0.0
ORD_0002478,CUST_03690,2023-05-18 21:00:00,Home,Prepaid,Tier_1,3408.63,3.94,0,0,Delivered,,0,1,0.0,0.0,0.0,0.0
ORD_0000462,CUST_02988,2023-05-18 22:00:00,Home,COD,Tier_3,388.39,29.46,0,0,Delivered,,0,0,0.0,0.0,0.0,0.0
ORD_0005917,CUST_04455,2023-05-18 23:00:00,Fashion,Prepaid,Tier_2,1443.61,5.2,0,1,Returned,Wrong Size,1,0,0.0,0.0,0.0,0.0
ORD_0003312,CUST_00519,2023-05-18 23:00:00,Home,COD,Tier_2,655.81,25.63,0,0,Delivered,,0,1,0.0,0.0,0.0,0.0
ORD_0009534,CUST_00674,2023-05-19 00:00:00,Electronics,COD,Tier_1,547.5,2.15,0,0,Delivered,,0,0,0.0,0.0,0.0,0.0
ORD_0003193,CUST_02297,2023-05-19 02:00:00,Electronics,Prepaid,Tier_3,823.79,11.64,0,0,Delivered,,0,0,0.0,0.0,0.0,0.0
ORD_0003461,CUST_02854,2023-05-19 03:00:00,Electronics,COD,Tier_1,5123.36,28.08,0,0,Delivered,,0,1,0.0,1.0,0.0,1.0
ORD_0009565,CUST_00189,2023-05-19 03:00:00,Fashion,COD,Tier_3,2703.53,10.64,1,0,RTO,,1,0,0.0,0.0,0.0,0.0
ORD_0000433,CUST_03470,2023-05-19 04:00:00,Home,Prepaid,Tier_3,2284.38,46.68,0,0,Delivered,,0,0,0.0,0.0,0.0,0.0
ORD_0002919,CUST_05506,2023-05-19 08:00:00,Footwear,Prepaid,Tier_2,3572.0,41.46,0,0,Delivered,,0,2,0.0,0.0,0.0,0.0
ORD_0008112,CUST_00031,2023-05-19 09:00:00,Footwear,Prepaid,Tier_1,5349.55,16.92,0,0,Delivered,,0,0,0.0,0.0,0.0,0.0
ORD_0002142,CUST_01566,2023-05-19 10:00:00,Footwear,COD,Tier_2,723.68,7.21,0,0,Delivered,,0,0,0.0,0.0,0.0,0.0
ORD_0008134,CUST_03282,2023-05-19 12:00:00,Footwear,COD,Tier_2,3043.14,5.05,1,0,RTO,,1,2,1.0,0.0,0.5,0.0
ORD_0006311,CUST_02387,2023-05-19 13:00:00,Fashion,Prepaid,Tier_3,3994.73,38.35,0,0,Delivered,,0,2,0.0,0.0,0.0,0.0
ORD_0001380,CUST_00617,2023-05-19 14:00:00,Footwear,COD,Tier_2,3097.68,45.5,0,0,Delivered,,0,0,0.0,0.0,0.0,0.0
ORD_0006038,CUST_02261,2023-05-19 14:00:00,Beauty,COD,Tier_2,1526.49,16.84,0,0,Delivered,,0,0,0.0,0.0,0.0,0.0
ORD_0005814,CUST_04699,2023-05-19 16:00:00,Beauty,COD,Tier_1,542.87,18.63,0,0,Delivered,,0,0,0.0,0.0,0.0,0.0
ORD_0000940,CUST_00447,2023-05-19 16:00:00,Fashion,Prepaid,Tier_1,812.19,33.89,0,0,Delivered,,0,0,0.0,0.0,0.0,0.0
ORD_0009597,CUST_01839,2023-05-19 18:00:00,Fashion,COD,Tier_2,3146.52,34.5,0,0,Delivered,,0,0,0.0,0.0,0.0,0.0
ORD_0006337,CUST_00844,2023-05-19 19:00:00,Footwear,Prepaid,Tier_3,2846.19,19.49,0,1,Returned,Wrong Size,1,0,0.0,0.0,0.0,0.0
ORD_0003583,CUST_02578,2023-05-19 19:00:00,Electronics,Prepaid,Tier_1,447.13,38.94,0,0,Delivered,,0,0,0.0,0.0,0.0,0.0
ORD_0003701,CUST_05191,2023-05-19 19:00:00,Fashion,COD,Tier_2,1829.86,27.96,0,1,Returned,Changed Mind,1,0,0.0,0.0,0.0,0.0
ORD_0004154,CUST_03313,2023-05-19 19:00:00,Home,COD,Tier_2,1190.99,27.51,0,0,Delivered,,0,1,0.0,0.0,0.0,0.0
ORD_0002115,CUST_05266,2023-05-19 20:00:00,Electronics,Prepaid,Tier_3,1816.25,22.95,0,0,Delivered,,0,0,0.0,0.0,0.0,0.0
ORD_0001630,CUST_03012,2023-05-19 21:00:00,Home,COD,Tier_2,1241.81,14.92,1,0,RTO,,1,1,0.0,0.0,0.0,0.0
ORD_0000159,CUST_02186,2023-05-19 21:00:00,Electronics,Prepaid,Tier_3,1247.53,44.87,0,0,Delivered,,0,1,0.0,1.0,0.0,1.0
ORD_0000842,CUST_02199,2023-05-19 21:00:00,Electronics,COD,Tier_1,735.38,18.38,0,0,Delivered,,0,1,0.0,0.0,0.0,0.0
ORD_0000470,CUST_02898,2023-05-19 22:00:00,Fashion,COD,Tier_2,955.59,23.21,0,0,Delivered,,0,0,0.0,0.0,0.0,0.0
ORD_0006391,CUST_02845,2023-05-19 23:00:00,Fashion,Prepaid,Tier_1,792.42,43.09,0,0,Delivered,,0,0,0.0,0.0,0.0,0.0
ORD_0002699,CUST_00307,2023-05-20 00:00:00,Fashion,COD,Tier_1,1052.35,41.32,0,0,Delivered,,0,1,0.0,0.0,0.0,0.0
ORD_0008300,CUST_05014,2023-05-20 01:00:00,Fashion,Prepaid,Tier_1,532.69,5.77,0,0,Delivered,,0,2,0.0,0.0,0.0,0.0
ORD_0003526,CUST_03749,2023-05-20 02:00:00,Electronics,COD,Tier_1,3996.22,19.33,0,1,Returned,Wrong Size,1,0,0.0,0.0,0.0,0.0
ORD_0003058,CUST_02137,2023-05-20 03:00:00,Electronics,COD,Tier_1,2802.94,40.68,1,0,RTO,,1,2,0.0,0.0,0.0,0.0
ORD_0005181,CUST_04607,2023-05-20 03:00:00,Fashion,Prepaid,Tier_2,2170.61,49.61,1,0,RTO,,1,1,1.0,0.0,1.0,0.0
ORD_0008119,CUST_05962,2023-05-20 05:00:00,Home,COD,Tier_2,1112.45,2.94,0,0,Delivered,,0,1,0.0,0.0,0.0,0.0
ORD_0007156,CUST_05900,2023-05-20 06:00:00,Footwear,COD,Tier_3,576.0,35.3,1,0,RTO,,1,0,0.0,0.0,0.0,0.0
ORD_0006556,CUST_00345,2023-05-20 06:00:00,Home,COD,Tier_1,429.37,49.62,0,1,Returned,Defective,1,0,0.0,0.0,0.0,0.0
ORD_0002333,CUST_01848,2023-05-20 09:00:00,Fashion,Prepaid,Tier_2,1284.97,47.13,0,0,Delivered,,0,3,0.0,0.0,0.0,0.0
ORD_0005827,CUST_04233,2023-05-20 09:00:00,Electronics,COD,Tier_2,743.89,35.56,1,0,RTO,,1,2,0.0,1.0,0.0,0.5
ORD_0003164,CUST_00766,2023-05-20 10:00:00,Beauty,COD,Tier_2,357.25,7.72,1,0,RTO,,1,3,0.0,0.0,0.0,0.0
ORD_0001793,CUST_01422,2023-05-20 10:00:00,Fashion,COD,Tier_1,538.73,34.87,0,0,Delivered,,0,0,0.0,0.0,0.0,0.0
ORD_0007347,CUST_02697,2023-05-20 10:00:00,Electronics,Prepaid,Tier_3,3726.29,2.95,0,0,Delivered,,0,0,0.0,0.0,0.0,0.0
ORD_0007068,CUST_02532,2023-05-20 10:00:00,Fashion,COD,Tier_3,3501.93,40.88,0,0,Delivered,,0,0,0.0,0.0,0.0,0.0
ORD_0002506,CUST_03744,2023-05-20 10:00:00,Footwear,COD,Tier_1,2182.44,34.49,0,0,Delivered,,0,2,0.0,0.0,0.0,0.0
ORD_0003537,CUST_03216,2023-05-20 11:00:00,Fashion,COD,Tier_1,1098.84,13.11,0,0,Delivered,,0,0,0.0,0.0,0.0,0.0
ORD_0003504,CUST_03241,2023-05-20 13:00:00,Fashion,Prepaid,Tier_1,676.79,33.18,1,0,RTO,,1,0,0.0,0.0,0.0,0.0
ORD_0009513,CUST_05974,2023-05-20 13:00:00,Footwear,Prepaid,Tier_3,543.77,37.35,0,1,Returned,Not as Expected,1,1,0.0,0.0,0.0,0.0
ORD_0001479,CUST_01996,2023-05-20 14:00:00,Fashion,Prepaid,Tier_2,2189.89,15.2,0,0,Delivered,,0,0,0.0,0.0,0.0,0.0
ORD_0006401,CUST_01276,2023-05-20 15:00:00,Footwear,Prepaid,Tier_3,1152.02,32.03,0,1,Returned,Wrong Size,1,0,0.0,0.0,0.0,0.0
ORD_0007791,CUST_01180,2023-05-20 16:00:00,Home,Prepaid,Tier_2,1131.52,31.89,0,0,Delivered,,0,0,0.0,0.0,0.0,0.0
ORD_0006848,CUST_01226,2023-05-20 16:00:00,Fashion,Prepaid,Tier_2,1174.26,3.15,0,0,Delivered,,0,2,0.0,1.0,0.0,0.5
ORD_0003349,CUST_01646,2023-05-20 16:00:00,Beauty,COD,Tier_1,471.15,17.76,0,0,Delivered,,0,1,0.0,0.0,0.0,0.0
ORD_0009529,CUST_01640,2023-05-20 16:00:00,Fashion,Prepaid,Tier_3,2583.44,46.65,1,0,RTO,,1,0,0.0,0.0,0.0,0.0
ORD_0000221,CUST_03269,2023-05-20 17:00:00,Fashion,COD,Tier_1,2269.77,25.06,0,0,Delivered,,0,0,0.0,0.0,0.0,0.0
ORD_0007695,CUST_02666,2023-05-20 17:00:00,Footwear,COD,Tier_1,3369.35,14.21,0,0,Delivered,,0,1,0.0,1.0,0.0,1.0
ORD_0008436,CUST_04747,2023-05-20 18:00:00,Footwear,COD,Tier_3,518.99,48.23,0,0,Delivered,,0,0,0.0,0.0,0.0,0.0
ORD_0006546,CUST_03557,2023-05-20 18:00:00,Beauty,COD,Tier_2,330.43,40.32,0,1,Returned,Wrong Size,1,1,0.0,0.0,0.0,0.0
ORD_0006216,CUST_01474,2023-05-20 19:00:00,Fashion,COD,Tier_3,443.32,33.89,1,0,RTO,,1,3,0.0,0.0,0.0,0.0
ORD_0005808,CUST_05303,2023-05-20 19:00:00,Fashion,COD,Tier_3,8701.3,25.33,0,0,Delivered,,0,4,1.0,0.0,0.25,0.0
ORD_0006539,CUST_02953,2023-05-20 19:00:00,Fashion,COD,Tier_2,2646.16,40.13,0,0,Delivered,,0,2,0.0,1.0,0.0,0.5
ORD_0004314,CUST_05773,2023-05-20 20:00:00,Electronics,COD,Tier_2,519.55,48.44,0,0,Delivered,,0,3,2.0,0.0,0.6666666666666666,0.0
ORD_0000616,CUST_03396,2023-05-20 20:00:00,Footwear,COD,Tier_1,1723.7,15.17,0,1,Returned,Changed Mind,1,1,0.0,1.0,0.0,1.0
ORD_0000337,CUST_04786,2023-05-20 21:00:00,Beauty,COD,Tier_2,4729.15,12.48,0,0,Delivered,,0,1,1.0,0.0,1.0,0.0
ORD_0001812,CUST_02590,2023-05-20 21:00:00,Footwear,COD,Tier_1,1779.65,2.27,0,1,Returned,Defective,1,1,0.0,0.0,0.0,0.0
ORD_0009656,CUST_04901,2023-05-20 22:00:00,Fashion,COD,Tier_2,4191.67,40.1,0,0,Delivered,,0,1,0.0,0.0,0.0,0.0
ORD_0007502,CUST_03954,2023-05-20 23:00:00,Footwear,COD,Tier_2,1836.67,10.91,0,0,Delivered,,0,0,0.0,0.0,0.0,0.0
ORD_0006870,CUST_00677,2023-05-20 23:00:00,Footwear,Prepaid,Tier_1,613.08,25.44,0,1,Returned,Wrong Size,1,0,0.0,0.0,0.0,0.0
ORD_0006408,CUST_02350,2023-05-20 23:00:00,Home,Prepaid,Tier_2,2074.6,35.47,0,0,Delivered,,0,1,0.0,0.0,0.0,0.0
ORD_0007604,CUST_01624,2023-05-21 01:00:00,Fashion,Prepaid,Tier_2,1033.68,0.66,0,0,Delivered,,0,0,0.0,0.0,0.0,0.0
ORD_0008907,CUST_01812,2023-05-21 02:00:00,Fashion,Prepaid,Tier_1,1563.69,9.52,0,1,Returned,Changed Mind,1,0,0.0,0.0,0.0,0.0
ORD_0003592,CUST_03146,2023-05-21 03:00:00,Fashion,COD,Tier_2,488.94,23.25,0,1,Returned,Not as Expected,1,0,0.0,0.0,0.0,0.0
ORD_0001363,CUST_02677,2023-05-21 04:00:00,Home,Prepaid,Tier_1,1415.84,2.46,0,0,Delivered,,0,2,1.0,0.0,0.5,0.0
ORD_0004613,CUST_02716,2023-05-21 05:00:00,Electronics,COD,Tier_2,2833.98,49.32,0,0,Delivered,,0,0,0.0,0.0,0.0,0.0
ORD_0006473,CUST_00838,2023-05-21 05:00:00,Beauty,Prepaid,Tier_2,344.68,45.95,0,0,Delivered,,0,1,0.0,0.0,0.0,0.0
ORD_0008730,CUST_03650,2023-05-21 07:00:00,Fashion,COD,Tier_2,2155.93,31.27,0,0,Delivered,,0,1,1.0,0.0,1.0,0.0
ORD_0003823,CUST_01746,2023-05-21 07:00:00,Beauty,COD,Tier_2,2515.04,36.61,0,0,Delivered,,0,0,0.0,0.0,0.0,0.0
ORD_0002848,CUST_00599,2023-05-21 09:00:00,Home,COD,Tier_2,689.19,19.12,1,0,RTO,,1,0,0.0,0.0,0.0,0.0
ORD_0004006,CUST_05850,2023-05-21 10:00:00,Fashion,COD,Tier_1,2153.59,4.01,0,0,Delivered,,0,0,0.0,0.0,0.0,0.0
ORD_0005500,CUST_00852,2023-05-21 11:00:00,Electronics,COD,Tier_2,1251.72,26.36,0,0,Delivered,,0,1,0.0,0.0,0.0,0.0
ORD_0005421,CUST_04692,2023-05-21 12:00:00,Footwear,COD,Tier_3,3210.95,38.05,0,0,Delivered,,0,2,0.0,1.0,0.0,0.5
ORD_0006684,CUST_05881,2023-05-21 12:00:00,Home,COD,Tier_2,1222.98,11.08,1,0,RTO,,1,0,0.0,0.0,0.0,0.0
ORD_0007598,CUST_05730,2023-05-21 12:00:00,Fashion,COD,Tier_1,1972.03,49.31,0,0,Delivered,,0,1,0.0,0.0,0.0,0.0
ORD_0006176,CUST_05623,2023-05-21 13:00:00,Fashion,Prepaid,Tier_3,2885.89,38.82,0,0,Delivered,,0,1,0.0,0.0,0.0,0.0
ORD_0004423,CUST_01394,2023-05-21 14:00:00,Fashion,COD,Tier_3,717.47,28.28,0,0,Delivered,,0,1,0.0,0.0,0.0,0.0
ORD_0000321,CUST_05985,2023-05-21 14:00:00,Fashion,COD,Tier_3,1415.88,1.8,1,0,RTO,,1,1,0.0,0.0,0.0,0.0
ORD_0009575,CUST_05745,2023-05-21 15:00:00,Fashion,COD,Tier_1,2735.33,40.15,0,0,Delivered,,0,2,0.0,0.0,0.0,0.0
ORD_0000035,CUST_03463,2023-05-21 15:00:00,Fashion,COD,Tier_3,2036.93,34.05,1,0,RTO,,1,0,0.0,0.0,0.0,0.0
ORD_0007466,CUST_02779,2023-05-21 16:00:00,Footwear,COD,Tier_1,2360.19,27.57,0,0,Delivered,,0,1,1.0,0.0,1.0,0.0
ORD_0008656,CUST_04707,2023-05-21 17:00:00,Footwear,COD,Tier_3,4137.8,49.86,1,0,RTO,,1,0,0.0,0.0,0.0,0.0
ORD_0001200,CUST_03366,2023-05-21 17:00:00,Fashion,COD,Tier_2,3745.46,45.15,0,0,Delivered,,0,2,0.0,1.0,0.0,0.5
ORD_0002736,CUST_03504,2023-05-21 18:00:00,Fashion,COD,Tier_3,1192.75,31.3,0,1,Returned,Changed Mind,1,1,0.0,0.0,0.0,0.0
ORD_0003998,CUST_00377,2023-05-21 18:00:00,Footwear,Prepaid,Tier_3,1161.59,24.24,0,0,Delivered,,0,1,1.0,0.0,1.0,0.0
ORD_0003641,CUST_02856,2023-05-21 18:00:00,Footwear,Prepaid,Tier_3,3273.54,28.36,0,0,Delivered,,0,0,0.0,0.0,0.0,0.0
ORD_0002113,CUST_04473,2023-05-21 18:00:00,Fashion,Prepaid,Tier_1,388.59,22.09,0,1,Returned,Not as Expected,1,0,0.0,0.0,0.0,0.0
ORD_0006103,CUST_01884,2023-05-21 20:00:00,Beauty,COD,Tier_2,1828.79,33.37,0,0,Delivered,,0,0,0.0,0.0,0.0,0.0
ORD_0008198,CUST_04747,2023-05-21 20:00:00,Fashion,Prepaid,Tier_3,1017.2,3.28,0,0,Delivered,,0,1,0.0,0.0,0.0,0.0
ORD_0004634,CUST_02208,2023-05-21 21:00:00,Fashion,Prepaid,Tier_3,383.52,35.18,1,0,RTO,,1,0,0.0,0.0,0.0,0.0
ORD_0001258,CUST_00824,2023-05-21 22:00:00,Electronics,COD,Tier_2,870.24,22.53,0,0,Delivered,,0,1,1.0,0.0,1.0,0.0
ORD_0002358,CUST_05904,2023-05-21 22:00:00,Beauty,COD,Tier_3,454.18,36.4,1,0,RTO,,1,0,0.0,0.0,0.0,0.0
ORD_0007261,CUST_03656,2023-05-21 23:00:00,Electronics,COD,Tier_1,786.11,3.21,0,0,Delivered,,0,1,0.0,0.0,0.0,0.0
ORD_0009519,CUST_00427,2023-05-22 00:00:00,Fashion,COD,Tier_3,1108.35,15.53,0,1,Returned,Wrong Size,1,1,0.0,0.0,0.0,0.0
ORD_0009116,CUST_04009,2023-05-22 00:00:00,Electronics,Prepaid,Tier_3,2196.68,24.85,0,0,Delivered,,0,0,0.0,0.0,0.0,0.0
ORD_0000127,CUST_04789,2023-05-22 01:00:00,Beauty,Prepaid,Tier_3,568.84,11.07,0,0,Delivered,,0,1,0.0,0.0,0.0,0.0
ORD_0009360,CUST_01316,2023-05-22 01:00:00,Electronics,COD,Tier_3,2323.57,5.44,0,0,Delivered,,0,0,0.0,0.0,0.0,0.0
ORD_0006329,CUST_01923,2023-05-22 01:00:00,Home,Prepaid,Tier_1,2316.45,4.91,0,0,Delivered,,0,1,0.0,0.0,0.0,0.0
ORD_0007350,CUST_04298,2023-05-22 04:00:00,Fashion,Prepaid,Tier_3,3487.44,45.97,0,0,Delivered,,0,0,0.0,0.0,0.0,0.0
ORD_0005758,CUST_01425,2023-05-22 06:00:00,Home,Prepaid,Tier_1,1652.7,8.13,0,0,Delivered,,0,1,0.0,1.0,0.0,1.0
ORD_0001114,CUST_03386,2023-05-22 06:00:00,Fashion,COD,Tier_1,515.79,16.15,0,0,Delivered,,0,1,0.0,0.0,0.0,0.0
ORD_0009789,CUST_02662,2023-05-22 08:00:00,Fashion,COD,Tier_3,973.66,41.51,0,0,Delivered,,0,0,0.0,0.0,0.0,0.0
ORD_0001431,CUST_04404,2023-05-22 08:00:00,Electronics,COD,Tier_3,441.17,47.17,0,1,Returned,Wrong Size,1,0,0.0,0.0,0.0,0.0
ORD_0008369,CUST_00804,2023-05-22 08:00:00,Fashion,Prepaid,Tier_1,4308.33,5.9,0,1,Returned,Wrong Size,1,0,0.0,0.0,0.0,0.0
ORD_0003985,CUST_01289,2023-05-22 08:00:00,Electronics,COD,Tier_1,8482.55,42.47,1,0,RTO,,1,0,0.0,0.0,0.0,0.0
ORD_0002355,CUST_01403,2023-05-22 09:00:00,Fashion,COD,Tier_1,1482.15,23.9,0,0,Delivered,,0,0,0.0,0.0,0.0,0.0
ORD_0009697,CUST_05022,2023-05-22 09:00:00,Footwear,COD,Tier_3,4626.49,8.13,0,1,Returned,Not as Expected,1,0,0.0,0.0,0.0,0.0
ORD_0001082,CUST_05201,2023-05-22 11:00:00,Fashion,COD,Tier_1,1131.97,1.78,0,0,Delivered,,0,0,0.0,0.0,0.0,0.0
ORD_0006550,CUST_02262,2023-05-22 11:00:00,Electronics,COD,Tier_3,1087.1,40.05,0,0,Delivered,,0,0,0.0,0.0,0.0,0.0
ORD_0004756,CUST_02265,2023-05-22 12:00:00,Home,COD,Tier_1,1783.6,28.73,0,0,Delivered,,0,1,1.0,0.0,1.0,0.0
ORD_0003444,CUST_03205,2023-05-22 12:00:00,Home,COD,Tier_3,326.57,39.88,0,1,Returned,Changed Mind,1,0,0.0,0.0,0.0,0.0
ORD_0006445,CUST_02228,2023-05-22 12:00:00,Fashion,Prepaid,Tier_2,2000.12,24.62,0,0,Delivered,,0,1,0.0,0.0,0.0,0.0
ORD_0007388,CUST_05805,2023-05-22 13:00:00,Home,Prepaid,Tier_2,11206.54,3.94,0,0,Delivered,,0,0,0.0,0.0,0.0,0.0
ORD_0002818,CUST_04263,2023-05-22 15:00:00,Fashion,COD,Tier_1,2144.09,14.62,0,0,Delivered,,0,2,0.0,1.0,0.0,0.5
ORD_0009036,CUST_04062,2023-05-22 16:00:00,Home,Prepaid,Tier_3,767.48,22.29,0,0,Delivered,,0,1,1.0,0.0,1.0,0.0
ORD_0005681,CUST_00153,2023-05-22 16:00:00,Footwear,COD,Tier_3,1583.4,44.5,1,0,RTO,,1,1,0.0,0.0,0.0,0.0
ORD_0009816,CUST_05302,2023-05-22 18:00:00,Beauty,COD,Tier_3,467.88,16.19,0,0,Delivered,,0,1,0.0,0.0,0.0,0.0
ORD_0006774,CUST_00134,2023-05-22 19:00:00,Fashion,COD,Tier_2,306.49,16.53,1,0,RTO,,1,2,1.0,0.0,0.5,0.0
ORD_0005932,CUST_05635,2023-05-22 19:00:00,Footwear,COD,Tier_3,1209.37,4.29,0,0,Delivered,,0,1,1.0,0.0,1.0,0.0
ORD_0009402,CUST_02978,2023-05-22 19:00:00,Fashion,COD,Tier_2,1235.66,24.28,1,0,RTO,,1,0,0.0,0.0,0.0,0.0
ORD_0006717,CUST_04311,2023-05-22 19:00:00,Fashion,Prepaid,Tier_3,955.12,1.3,0,1,Returned,Wrong Size,1,0,0.0,0.0,0.0,0.0
ORD_0002305,CUST_04710,2023-05-22 21:00:00,Home,COD,Tier_2,471.27,48.5,0,0,Delivered,,0,1,0.0,0.0,0.0,0.0
ORD_0000336,CUST_00411,2023-05-22 22:00:00,Electronics,Prepaid,Tier_3,3451.54,32.13,0,0,Delivered,,0,0,0.0,0.0,0.0,0.0
ORD_0004209,CUST_00284,2023-05-23 00:00:00,Electronics,Prepaid,Tier_3,5565.0,1.01,0,0,Delivered,,0,0,0.0,0.0,0.0,0.0
ORD_0006819,CUST_00782,2023-05-23 01:00:00,Home,COD,Tier_3,1003.12,1.35,0,0,Delivered,,0,2,0.0,0.0,0.0,0.0
ORD_0003992,CUST_01872,2023-05-23 01:00:00,Fashion,COD,Tier_2,390.19,11.8,0,0,Delivered,,0,1,1.0,0.0,1.0,0.0
ORD_0009156,CUST_03526,2023-05-23 01:00:00,Beauty,Prepaid,Tier_1,538.31,10.27,0,0,Delivered,,0,0,0.0,0.0,0.0,0.0
ORD_0001432,CUST_01112,2023-05-23 02:00:00,Beauty,Prepaid,Tier_2,3495.45,9.15,0,0,Delivered,,0,1,0.0,0.0,0.0,0.0
ORD_0007023,CUST_02477,2023-05-23 02:00:00,Fashion,Prepaid,Tier_1,660.11,28.12,0,0,Delivered,,0,1,0.0,0.0,0.0,0.0
ORD_0007155,CUST_03117,2023-05-23 02:00:00,Beauty,Prepaid,Tier_3,1371.39,2.8,0,0,Delivered,,0,0,0.0,0.0,0.0,0.0
ORD_0003626,CUST_03006,2023-05-23 04:00:00,Fashion,COD,Tier_3,2154.34,5.22,0,0,Delivered,,0,0,0.0,0.0,0.0,0.0
ORD_0007472,CUST_04962,2023-05-23 04:00:00,Home,COD,Tier_2,550.88,12.62,0,0,Delivered,,0,0,0.0,0.0,0.0,0.0
ORD_0005096,CUST_00926,2023-05-23 04:00:00,Fashion,COD,Tier_1,338.97,49.39,0,1,Returned,Changed Mind,1,1,0.0,1.0,0.0,1.0
ORD_0007136,CUST_02211,2023-05-23 05:00:00,Fashion,COD,Tier_1,319.72,21.65,0,0,Delivered,,0,1,0.0,1.0,0.0,1.0
ORD_0007096,CUST_01245,2023-05-23 05:00:00,Home,COD,Tier_1,1972.6,44.42,1,0,RTO,,1,0,0.0,0.0,0.0,0.0
ORD_0000211,CUST_04323,2023-05-23 05:00:00,Home,COD,Tier_2,1037.67,17.13,1,0,RTO,,1,0,0.0,0.0,0.0,0.0
ORD_0009793,CUST_01732,2023-05-23 07:00:00,Beauty,Prepaid,Tier_3,3808.74,2.07,0,0,Delivered,,0,1,0.0,0.0,0.0,0.0
ORD_0003722,CUST_03259,2023-05-23 09:00:00,Fashion,Prepaid,Tier_3,1344.76,41.03,0,0,Delivered,,0,0,0.0,0.0,0.0,0.0
ORD_0002701,CUST_02445,2023-05-23 10:00:00,Home,COD,Tier_1,2362.32,49.06,1,0,RTO,,1,2,0.0,1.0,0.0,0.5
ORD_0002969,CUST_01223,2023-05-23 12:00:00,Footwear,Prepaid,Tier_2,470.16,25.28,0,0,Delivered,,0,1,1.0,0.0,1.0,0.0
ORD_0008753,CUST_02332,2023-05-23 12:00:00,Electronics,Prepaid,Tier_1,460.97,21.53,0,0,Delivered,,0,1,1.0,0.0,1.0,0.0
ORD_0000624,CUST_03274,2023-05-23 14:00:00,Beauty,COD,Tier_1,1325.4,30.77,0,0,Delivered,,0,1,0.0,0.0,0.0,0.0
ORD_0002235,CUST_02045,2023-05-23 16:00:00,Footwear,Prepaid,Tier_1,4103.0,44.42,0,1,Returned,Changed Mind,1,1,0.0,1.0,0.0,1.0
ORD_0004623,CUST_02548,2023-05-23 18:00:00,Fashion,COD,Tier_1,699.49,47.71,0,0,Delivered,,0,1,0.0,0.0,0.0,0.0
ORD_0003622,CUST_04692,2023-05-23 19:00:00,Footwear,Prepaid,Tier_3,7089.77,12.08,0,0,Delivered,,0,3,0.0,1.0,0.0,0.3333333333333333
ORD_0000367,CUST_01674,2023-05-23 20:00:00,Footwear,Prepaid,Tier_1,770.08,47.93,0,0,Delivered,,0,0,0.0,0.0,0.0,0.0
ORD_0001235,CUST_00658,2023-05-23 20:00:00,Footwear,COD,Tier_3,778.59,41.02,0,0,Delivered,,0,1,0.0,0.0,0.0,0.0
ORD_0007716,CUST_04758,2023-05-23 22:00:00,Footwear,Prepaid,Tier_1,1033.92,49.29,0,0,Delivered,,0,1,0.0,0.0,0.0,0.0
ORD_0006540,CUST_00427,2023-05-23 22:00:00,Fashion,Prepaid,Tier_3,1205.19,9.87,0,0,Delivered,,0,2,1.0,0.0,0.5,0.0
ORD_0009032,CUST_03817,2023-05-23 22:00:00,Footwear,COD,Tier_2,3623.62,1.93,0,0,Delivered,,0,0,0.0,0.0,0.0,0.0
ORD_0001288,CUST_01173,2023-05-23 22:00:00,Fashion,Prepaid,Tier_2,752.59,39.41,0,0,Delivered,,0,1,0.0,0.0,0.0,0.0
ORD_0000803,CUST_00835,2023-05-23 22:00:00,Fashion,COD,Tier_1,2234.85,32.2,0,0,Delivered,,0,1,0.0,1.0,0.0,1.0
ORD_0006254,CUST_01766,2023-05-23 23:00:00,Home,COD,Tier_1,2204.65,32.08,0,0,Delivered,,0,1,0.0,0.0,0.0,0.0
ORD_0009170,CUST_05785,2023-05-24 01:00:00,Fashion,COD,Tier_2,1304.63,20.33,0,0,Delivered,,0,0,0.0,0.0,0.0,0.0
ORD_0003668,CUST_05768,2023-05-24 01:00:00,Footwear,Prepaid,Tier_3,3314.42,16.19,0,0,Delivered,,0,0,0.0,0.0,0.0,0.0
ORD_0004626,CUST_05704,2023-05-24 02:00:00,Beauty,Prepaid,Tier_1,4212.94,31.33,0,0,Delivered,,0,1,0.0,1.0,0.0,1.0
ORD_0006656,CUST_00789,2023-05-24 02:00:00,Home,Prepaid,Tier_2,2668.92,21.44,0,0,Delivered,,0,1,1.0,0.0,1.0,0.0
ORD_0009407,CUST_05933,2023-05-24 02:00:00,Footwear,COD,Tier_3,1769.09,3.91,0,0,Delivered,,0,0,0.0,0.0,0.0,0.0
ORD_0004029,CUST_03811,2023-05-24 03:00:00,Home,COD,Tier_3,427.75,1.14,0,0,Delivered,,0,0,0.0,0.0,0.0,0.0
ORD_0007308,CUST_04736,2023-05-24 05:00:00,Fashion,Prepaid,Tier_1,502.21,14.67,1,0,RTO,,1,1,1.0,0.0,1.0,0.0
ORD_0001564,CUST_04960,2023-05-24 05:00:00,Beauty,COD,Tier_2,1066.07,44.87,0,0,Delivered,,0,0,0.0,0.0,0.0,0.0
ORD_0009422,CUST_04914,2023-05-24 07:00:00,Fashion,COD,Tier_1,6284.73,1.95,0,0,Delivered,,0,1,1.0,0.0,1.0,0.0
ORD_0003898,CUST_04151,2023-05-24 07:00:00,Beauty,COD,Tier_1,332.81,47.51,0,0,Delivered,,0,2,0.0,1.0,0.0,0.5
ORD_0003776,CUST_05765,2023-05-24 09:00:00,Fashion,Prepaid,Tier_1,769.64,38.49,0,0,Delivered,,0,0,0.0,0.0,0.0,0.0
ORD_0002367,CUST_04725,2023-05-24 10:00:00,Fashion,COD,Tier_1,1840.14,8.22,1,0,RTO,,1,0,0.0,0.0,0.0,0.0
ORD_0002338,CUST_02053,2023-05-24 10:00:00,Fashion,Prepaid,Tier_1,1284.36,13.51,0,0,Delivered,,0,2,0.0,0.0,0.0,0.0
ORD_0005103,CUST_02575,2023-05-24 10:00:00,Fashion,COD,Tier_3,2070.81,21.22,1,0,RTO,,1,0,0.0,0.0,0.0,0.0
ORD_0002777,CUST_00962,2023-05-24 10:00:00,Electronics,COD,Tier_1,1285.18,39.29,0,1,Returned,Not as Expected,1,0,0.0,0.0,0.0,0.0
ORD_0004817,CUST_00732,2023-05-24 10:00:00,Beauty,COD,Tier_2,2245.5,32.33,0,0,Delivered,,0,2,1.0,0.0,0.5,0.0
ORD_0003283,CUST_00216,2023-05-24 10:00:00,Fashion,COD,Tier_3,1711.56,27.74,0,0,Delivered,,0,2,1.0,0.0,0.5,0.0
ORD_0001440,CUST_04812,2023-05-24 10:00:00,Fashion,COD,Tier_3,641.08,34.37,1,0,RTO,,1,0,0.0,0.0,0.0,0.0
ORD_0000432,CUST_05197,2023-05-24 14:00:00,Fashion,COD,Tier_1,314.89,15.3,0,0,Delivered,,0,1,0.0,0.0,0.0,0.0
ORD_0006501,CUST_00585,2023-05-24 15:00:00,Home,Prepaid,Tier_2,915.92,24.95,0,0,Delivered,,0,1,0.0,0.0,0.0,0.0
ORD_0007158,CUST_03229,2023-05-24 16:00:00,Beauty,Prepaid,Tier_1,2773.6,21.44,0,0,Delivered,,0,0,0.0,0.0,0.0,0.0
ORD_0007912,CUST_04947,2023-05-24 17:00:00,Fashion,COD,Tier_1,2550.63,3.09,0,0,Delivered,,0,0,0.0,0.0,0.0,0.0
ORD_0003891,CUST_00554,2023-05-24 18:00:00,Fashion,Prepaid,Tier_1,507.07,3.25,0,0,Delivered,,0,1,0.0,0.0,0.0,0.0
ORD_0006100,CUST_01806,2023-05-24 18:00:00,Electronics,COD,Tier_3,3541.63,34.55,0,0,Delivered,,0,0,0.0,0.0,0.0,0.0
ORD_0001568,CUST_00938,2023-05-24 18:00:00,Fashion,COD,Tier_2,350.38,12.75,1,0,RTO,,1,0,0.0,0.0,0.0,0.0
ORD_0007926,CUST_00272,2023-05-24 18:00:00,Fashion,Prepaid,Tier_1,425.21,44.23,0,0,Delivered,,0,0,0.0,0.0,0.0,0.0
ORD_0006903,CUST_00734,2023-05-24 19:00:00,Footwear,COD,Tier_1,1413.25,28.2,0,0,Delivered,,0,1,0.0,0.0,0.0,0.0
ORD_0009279,CUST_04390,2023-05-24 20:00:00,Footwear,COD,Tier_1,1925.06,49.4,0,0,Delivered,,0,2,1.0,0.0,0.5,0.0
ORD_0000150,CUST_04335,2023-05-24 20:00:00,Home,Prepaid,Tier_3,1139.8,3.91,0,0,Delivered,,0,0,0.0,0.0,0.0,0.0
ORD_0006384,CUST_04621,2023-05-24 21:00:00,Beauty,Prepaid,Tier_3,633.0,35.64,0,0,Delivered,,0,0,0.0,0.0,0.0,0.0
ORD_0005059,CUST_02808,2023-05-24 22:00:00,Fashion,COD,Tier_3,1644.89,36.42,0,0,Delivered,,0,2,0.0,0.0,0.0,0.0
ORD_0003688,CUST_02028,2023-05-24 22:00:00,Fashion,COD,Tier_2,4789.14,6.11,0,0,Delivered,,0,0,0.0,0.0,0.0,0.0
ORD_0000918,CUST_01570,2023-05-24 22:00:00,Electronics,Prepaid,Tier_3,2039.97,36.6,0,0,Delivered,,0,3,2.0,0.0,0.6666666666666666,0.0
ORD_0004991,CUST_00934,2023-05-24 23:00:00,Electronics,COD,Tier_2,1588.89,21.75,1,0,RTO,,1,0,0.0,0.0,0.0,0.0
ORD_0004513,CUST_00793,2023-05-24 23:00:00,Home,COD,Tier_3,4047.75,35.8,0,0,Delivered,,0,1,0.0,1.0,0.0,1.0
ORD_0003666,CUST_01380,2023-05-24 23:00:00,Footwear,COD,Tier_1,534.15,9.93,0,0,Delivered,,0,0,0.0,0.0,0.0,0.0
ORD_0004455,CUST_02307,2023-05-24 23:00:00,Fashion,Prepaid,Tier_1,486.68,4.13,0,0,Delivered,,0,0,0.0,0.0,0.0,0.0
ORD_0003489,CUST_01430,2023-05-25 00:00:00,Fashion,COD,Tier_2,646.51,49.94,0,0,Delivered,,0,2,0.0,2.0,0.0,1.0
ORD_0000933,CUST_02477,2023-05-25 00:00:00,Footwear,COD,Tier_1,1763.74,15.54,0,0,Delivered,,0,2,0.0,0.0,0.0,0.0
ORD_0006752,CUST_03378,2023-05-25 01:00:00,Home,COD,Tier_2,410.8,45.05,0,0,Delivered,,0,1,0.0,0.0,0.0,0.0
ORD_0009080,CUST_05694,2023-05-25 02:00:00,Fashion,Prepaid,Tier_3,644.83,3.8,1,0,RTO,,1,1,0.0,0.0,0.0,0.0
ORD_0001548,CUST_01216,2023-05-25 02:00:00,Electronics,COD,Tier_2,1933.77,4.33,1,0,RTO,,1,1,0.0,0.0,0.0,0.0
ORD_0000411,CUST_01101,2023-05-25 04:00:00,Electronics,COD,Tier_3,2702.18,38.77,0,0,Delivered,,0,2,0.0,0.0,0.0,0.0
ORD_0003693,CUST_04731,2023-05-25 04:00:00,Home,COD,Tier_3,1795.82,46.76,0,0,Delivered,,0,2,0.0,0.0,0.0,0.0
ORD_0005444,CUST_02713,2023-05-25 04:00:00,Beauty,COD,Tier_3,1121.59,26.23,0,0,Delivered,,0,3,1.0,0.0,0.3333333333333333,0.0
ORD_0000385,CUST_00820,2023-05-25 06:00:00,Home,COD,Tier_1,1148.11,30.03,0,0,Delivered,,0,1,0.0,0.0,0.0,0.0
ORD_0003397,CUST_03679,2023-05-25 06:00:00,Beauty,COD,Tier_1,849.99,0.43,0,0,Delivered,,0,0,0.0,0.0,0.0,0.0
ORD_0004958,CUST_00949,2023-05-25 07:00:00,Home,COD,Tier_2,3528.96,9.09,0,1,Returned,Wrong Size,1,1,0.0,0.0,0.0,0.0
ORD_0002595,CUST_02903,2023-05-25 07:00:00,Footwear,COD,Tier_2,2775.18,41.85,1,0,RTO,,1,1,0.0,1.0,0.0,1.0
ORD_0009526,CUST_01115,2023-05-25 07:00:00,Electronics,COD,Tier_3,511.47,22.2,0,0,Delivered,,0,0,0.0,0.0,0.0,0.0
ORD_0005533,CUST_05516,2023-05-25 08:00:00,Fashion,Prepaid,Tier_2,4007.24,43.74,0,0,Delivered,,0,0,0.0,0.0,0.0,0.0
ORD_0007408,CUST_05248,2023-05-25 08:00:00,Fashion,COD,Tier_3,696.81,11.09,1,0,RTO,,1,2,1.0,1.0,0.5,0.5
ORD_0004715,CUST_05304,2023-05-25 09:00:00,Footwear,Prepaid,Tier_2,576.1,19.87,0,0,Delivered,,0,1,0.0,1.0,0.0,1.0
ORD_0000381,CUST_00077,2023-05-25 10:00:00,Home,COD,Tier_2,1066.01,20.71,0,0,Delivered,,0,0,0.0,0.0,0.0,0.0
ORD_0006908,CUST_02993,2023-05-25 11:00:00,Beauty,COD,Tier_1,489.63,13.35,0,0,Delivered,,0,1,0.0,0.0,0.0,0.0
ORD_0003729,CUST_02324,2023-05-25 11:00:00,Electronics,Prepaid,Tier_2,2303.15,24.56,0,0,Delivered,,0,0,0.0,0.0,0.0,0.0
ORD_0001118,CUST_02964,2023-05-25 12:00:00,Footwear,COD,Tier_2,878.99,32.9,0,0,Delivered,,0,1,0.0,0.0,0.0,0.0
ORD_0007960,CUST_03196,2023-05-25 14:00:00,Fashion,Prepaid,Tier_1,553.27,48.88,0,0,Delivered,,0,0,0.0,0.0,0.0,0.0
ORD_0004021,CUST_05516,2023-05-25 14:00:00,Electronics,Prepaid,Tier_2,1230.48,29.69,0,0,Delivered,,0,1,0.0,0.0,0.0,0.0
ORD_0001769,CUST_00645,2023-05-25 14:00:00,Electronics,COD,Tier_1,1499.22,26.21,0,0,Delivered,,0,0,0.0,0.0,0.0,0.0
ORD_0005597,CUST_01508,2023-05-25 15:00:00,Electronics,Prepaid,Tier_2,686.22,32.51,0,0,Delivered,,0,1,0.0,0.0,0.0,0.0
ORD_0001855,CUST_00848,2023-05-25 18:00:00,Beauty,COD,Tier_1,1861.22,31.8,1,0,RTO,,1,0,0.0,0.0,0.0,0.0
ORD_0002521,CUST_04176,2023-05-25 20:00:00,Electronics,Prepaid,Tier_1,2292.3,45.91,0,0,Delivered,,0,0,0.0,0.0,0.0,0.0
ORD_0007856,CUST_05479,2023-05-25 20:00:00,Home,COD,Tier_1,660.1,29.14,0,1,Returned,Not as Expected,1,0,0.0,0.0,0.0,0.0
ORD_0004554,CUST_05597,2023-05-25 20:00:00,Footwear,Prepaid,Tier_2,637.5,35.05,0,0,Delivered,,0,1,0.0,1.0,0.0,1.0
ORD_0007081,CUST_04367,2023-05-25 21:00:00,Electronics,Prepaid,Tier_1,2077.97,37.24,1,0,RTO,,1,0,0.0,0.0,0.0,0.0
ORD_0009856,CUST_05306,2023-05-25 21:00:00,Home,Prepaid,Tier_1,2555.41,9.65,0,0,Delivered,,0,0,0.0,0.0,0.0,0.0
ORD_0005278,CUST_03710,2023-05-25 22:00:00,Fashion,COD,Tier_2,2202.71,46.33,0,0,Delivered,,0,0,0.0,0.0,0.0,0.0
ORD_0001689,CUST_03474,2023-05-25 23:00:00,Fashion,Prepaid,Tier_1,1014.56,39.76,0,1,Returned,Wrong Size,1,0,0.0,0.0,0.0,0.0
ORD_0007310,CUST_02445,2023-05-26 00:00:00,Fashion,COD,Tier_3,953.17,22.41,1,0,RTO,,1,3,0.0,2.0,0.0,0.6666666666666666
ORD_0001382,CUST_01849,2023-05-26 01:00:00,Beauty,Prepaid,Tier_2,3314.27,47.54,0,1,Returned,Defective,1,2,1.0,0.0,0.5,0.0
ORD_0005431,CUST_00559,2023-05-26 01:00:00,Footwear,COD,Tier_2,1693.2,6.72,0,0,Delivered,,0,0,0.0,0.0,0.0,0.0
ORD_0009892,CUST_05414,2023-05-26 03:00:00,Fashion,COD,Tier_3,1705.52,8.2,0,1,Returned,Not as Expected,1,0,0.0,0.0,0.0,0.0
ORD_0002248,CUST_01758,2023-05-26 04:00:00,Electronics,COD,Tier_2,960.31,10.26,1,0,RTO,,1,0,0.0,0.0,0.0,0.0
ORD_0002021,CUST_00231,2023-05-26 04:00:00,Beauty,Prepaid,Tier_2,351.82,19.81,0,0,Delivered,,0,0,0.0,0.0,0.0,0.0
ORD_0002908,CUST_03435,2023-05-26 06:00:00,Electronics,COD,Tier_1,1010.43,32.86,0,0,Delivered,,0,1,1.0,0.0,1.0,0.0
ORD_0009330,CUST_05414,2023-05-26 06:00:00,Electronics,COD,Tier_2,766.83,28.35,0,0,Delivered,,0,1,1.0,0.0,1.0,0.0
ORD_0009042,CUST_00333,2023-05-26 06:00:00,Fashion,COD,Tier_1,743.23,40.88,0,0,Delivered,,0,0,0.0,0.0,0.0,0.0
ORD_0008908,CUST_01544,2023-05-26 07:00:00,Fashion,Prepaid,Tier_1,1158.0,16.69,0,1,Returned,Not as Expected,1,1,0.0,0.0,0.0,0.0
ORD_0001961,CUST_05541,2023-05-26 08:00:00,Fashion,COD,Tier_2,2374.82,28.22,0,0,Delivered,,0,1,0.0,0.0,0.0,0.0
ORD_0006011,CUST_00471,2023-05-26 09:00:00,Footwear,COD,Tier_1,4392.16,41.27,0,0,Delivered,,0,0,0.0,0.0,0.0,0.0
ORD_0007038,CUST_05382,2023-05-26 09:00:00,Fashion,COD,Tier_2,602.1,22.22,0,0,Delivered,,0,2,1.0,0.0,0.5,0.0
ORD_0002418,CUST_00794,2023-05-26 11:00:00,Electronics,COD,Tier_2,1633.95,32.77,0,0,Delivered,,0,0,0.0,0.0,0.0,0.0
ORD_0005430,CUST_04265,2023-05-26 11:00:00,Fashion,COD,Tier_3,4602.16,38.62,1,0,RTO,,1,1,0.0,1.0,0.0,1.0
ORD_0005826,CUST_01475,2023-05-26 13:00:00,Electronics,COD,Tier_1,1018.55,0.93,0,0,Delivered,,0,0,0.0,0.0,0.0,0.0
ORD_0004409,CUST_05333,2023-05-26 13:00:00,Electronics,Prepaid,Tier_1,2494.17,5.17,1,0,RTO,,1,0,0.0,0.0,0.0,0.0
ORD_0000889,CUST_03313,2023-05-26 14:00:00,Electronics,COD,Tier_2,634.02,13.44,0,0,Delivered,,0,2,0.0,0.0,0.0,0.0
ORD_0004273,CUST_04854,2023-05-26 16:00:00,Beauty,Prepaid,Tier_3,307.08,34.3,1,0,RTO,,1,0,0.0,0.0,0.0,0.0
ORD_0002116,CUST_01435,2023-05-26 16:00:00,Fashion,COD,Tier_3,747.48,27.11,0,1,Returned,Changed Mind,1,4,0.0,1.0,0.0,0.25
ORD_0001423,CUST_01146,2023-05-26 18:00:00,Beauty,COD,Tier_3,572.28,10.27,0,0,Delivered,,0,0,0.0,0.0,0.0,0.0
ORD_0004003,CUST_01467,2023-05-26 20:00:00,Footwear,Prepaid,Tier_2,2522.02,46.63,0,0,Delivered,,0,1,1.0,0.0,1.0,0.0
ORD_0008132,CUST_05586,2023-05-26 21:00:00,Electronics,COD,Tier_2,337.82,2.42,1,0,RTO,,1,1,0.0,0.0,0.0,0.0
ORD_0006452,CUST_00561,2023-05-26 22:00:00,Home,COD,Tier_1,538.96,34.2,0,0,Delivered,,0,1,0.0,0.0,0.0,0.0
ORD_0008256,CUST_04534,2023-05-26 23:00:00,Fashion,COD,Tier_3,2009.95,10.29,0,1,Returned,Defective,1,1,0.0,0.0,0.0,0.0
ORD_0009794,CUST_00399,2023-05-26 23:00:00,Fashion,COD,Tier_2,1190.43,31.06,1,0,RTO,,1,2,1.0,0.0,0.5,0.0
ORD_0009917,CUST_05491,2023-05-27 01:00:00,Footwear,Prepaid,Tier_3,1917.26,5.67,0,0,Delivered,,0,1,0.0,1.0,0.0,1.0
ORD_0001069,CUST_05508,2023-05-27 02:00:00,Electronics,COD,Tier_2,893.47,36.41,0,0,Delivered,,0,0,0.0,0.0,0.0,0.0
ORD_0005321,CUST_04374,2023-05-27 04:00:00,Fashion,COD,Tier_2,358.78,44.77,0,1,Returned,Not as Expected,1,0,0.0,0.0,0.0,0.0
ORD_0002256,CUST_00607,2023-05-27 04:00:00,Electronics,COD,Tier_2,3170.18,32.97,1,0,RTO,,1,2,0.0,0.0,0.0,0.0
ORD_0002772,CUST_05621,2023-05-27 05:00:00,Fashion,Prepaid,Tier_3,2798.33,28.16,0,1,Returned,Wrong Size,1,2,0.0,0.0,0.0,0.0
ORD_0002241,CUST_03171,2023-05-27 05:00:00,Fashion,COD,Tier_3,2099.33,46.45,0,0,Delivered,,0,0,0.0,0.0,0.0,0.0
ORD_0003065,CUST_01249,2023-05-27 06:00:00,Home,Prepaid,Tier_1,635.32,22.9,0,0,Delivered,,0,1,0.0,0.0,0.0,0.0
ORD_0000637,CUST_00412,2023-05-27 08:00:00,Fashion,COD,Tier_3,2205.82,3.12,0,1,Returned,Changed Mind,1,0,0.0,0.0,0.0,0.0
ORD_0006463,CUST_05102,2023-05-27 08:00:00,Beauty,COD,Tier_3,600.9,2.05,0,0,Delivered,,0,1,0.0,0.0,0.0,0.0
ORD_0005552,CUST_00709,2023-05-27 10:00:00,Beauty,COD,Tier_3,542.14,5.56,0,0,Delivered,,0,1,0.0,0.0,0.0,0.0
ORD_0008280,CUST_05682,2023-05-27 10:00:00,Home,COD,Tier_2,390.51,46.63,0,0,Delivered,,0,0,0.0,0.0,0.0,0.0
ORD_0008286,CUST_05242,2023-05-27 10:00:00,Footwear,Prepaid,Tier_3,1488.12,1.63,0,0,Delivered,,0,2,1.0,0.0,0.5,0.0
ORD_0002554,CUST_05908,2023-05-27 11:00:00,Fashion,Prepaid,Tier_2,3597.48,28.5,0,1,Returned,Not as Expected,1,2,0.0,1.0,0.0,0.5
ORD_0007183,CUST_02386,2023-05-27 11:00:00,Electronics,Prepaid,Tier_3,539.65,33.99,0,0,Delivered,,0,0,0.0,0.0,0.0,0.0
ORD_0006930,CUST_05968,2023-05-27 12:00:00,Electronics,Prepaid,Tier_3,4752.99,31.18,0,0,Delivered,,0,0,0.0,0.0,0.0,0.0
ORD_0003290,CUST_02658,2023-05-27 13:00:00,Fashion,Prepaid,Tier_2,1433.23,34.57,0,0,Delivered,,0,0,0.0,0.0,0.0,0.0
ORD_0005416,CUST_05124,2023-05-27 14:00:00,Home,COD,Tier_1,1740.85,29.61,0,0,Delivered,,0,1,0.0,0.0,0.0,0.0
ORD_0000206,CUST_05405,2023-05-27 15:00:00,Footwear,Prepaid,Tier_2,1851.68,6.87,0,1,Returned,Defective,1,0,0.0,0.0,0.0,0.0
ORD_0000876,CUST_04003,2023-05-27 16:00:00,Fashion,COD,Tier_1,1242.62,41.82,0,1,Returned,Not as Expected,1,1,0.0,0.0,0.0,0.0
ORD_0004709,CUST_04205,2023-05-27 17:00:00,Fashion,COD,Tier_1,369.99,22.47,0,1,Returned,Changed Mind,1,1,0.0,0.0,0.0,0.0
ORD_0001835,CUST_00740,2023-05-27 17:00:00,Home,COD,Tier_2,468.94,24.62,1,0,RTO,,1,2,0.0,0.0,0.0,0.0
ORD_0004555,CUST_03567,2023-05-27 17:00:00,Footwear,COD,Tier_2,803.84,19.19,0,0,Delivered,,0,2,0.0,1.0,0.0,0.5
ORD_0000742,CUST_02132,2023-05-27 18:00:00,Fashion,Prepaid,Tier_3,675.58,45.16,1,0,RTO,,1,0,0.0,0.0,0.0,0.0
ORD_0002484,CUST_00974,2023-05-27 21:00:00,Fashion,Prepaid,Tier_2,453.39,30.82,0,1,Returned,Not as Expected,1,0,0.0,0.0,0.0,0.0
ORD_0003214,CUST_04429,2023-05-27 21:00:00,Footwear,Prepaid,Tier_2,635.99,13.29,0,1,Returned,Wrong Size,1,3,0.0,0.0,0.0,0.0
ORD_0005134,CUST_00096,2023-05-27 22:00:00,Home,COD,Tier_1,1828.66,5.81,1,0,RTO,,1,1,0.0,0.0,0.0,0.0
ORD_0002057,CUST_05235,2023-05-27 23:00:00,Fashion,COD,Tier_3,380.5,46.38,1,0,RTO,,1,2,0.0,1.0,0.0,0.5
ORD_0002527,CUST_03891,2023-05-27 23:00:00,Home,COD,Tier_2,874.42,5.71,0,0,Delivered,,0,1,0.0,0.0,0.0,0.0
ORD_0003116,CUST_05051,2023-05-27 23:00:00,Fashion,COD,Tier_3,1442.88,23.1,0,0,Delivered,,0,0,0.0,0.0,0.0,0.0
ORD_0000939,CUST_00373,2023-05-27 23:00:00,Fashion,Prepaid,Tier_2,1186.77,39.03,0,0,Delivered,,0,3,1.0,1.0,0.3333333333333333,0.3333333333333333
ORD_0002033,CUST_01137,2023-05-28 01:00:00,Footwear,COD,Tier_3,547.97,21.94,0,0,Delivered,,0,0,0.0,0.0,0.0,0.0
ORD_0006314,CUST_04960,2023-05-28 02:00:00,Home,COD,Tier_1,2439.77,34.53,0,0,Delivered,,0,1,0.0,0.0,0.0,0.0
ORD_0004568,CUST_04523,2023-05-28 02:00:00,Electronics,Prepaid,Tier_1,1301.08,3.22,0,1,Returned,Wrong Size,1,0,0.0,0.0,0.0,0.0
ORD_0009568,CUST_05014,2023-05-28 02:00:00,Footwear,COD,Tier_3,702.94,36.64,0,1,Returned,Changed Mind,1,3,0.0,0.0,0.0,0.0
ORD_0006557,CUST_04761,2023-05-28 03:00:00,Fashion,COD,Tier_1,1157.68,26.52,0,0,Delivered,,0,0,0.0,0.0,0.0,0.0
ORD_0000645,CUST_04352,2023-05-28 04:00:00,Fashion,COD,Tier_1,805.45,3.19,0,0,Delivered,,0,1,1.0,0.0,1.0,0.0
ORD_0007373,CUST_04712,2023-05-28 04:00:00,Fashion,COD,Tier_1,4075.86,23.52,0,0,Delivered,,0,0,0.0,0.0,0.0,0.0
ORD_0009704,CUST_04025,2023-05-28 04:00:00,Electronics,COD,Tier_1,787.21,10.45,0,0,Delivered,,0,0,0.0,0.0,0.0,0.0
ORD_0000962,CUST_04029,2023-05-28 06:00:00,Home,COD,Tier_2,1845.69,45.14,1,0,RTO,,1,1,0.0,0.0,0.0,0.0
ORD_0002501,CUST_01123,2023-05-28 12:00:00,Home,COD,Tier_1,475.29,42.99,0,0,Delivered,,0,0,0.0,0.0,0.0,0.0
ORD_0009740,CUST_02328,2023-05-28 12:00:00,Home,Prepaid,Tier_1,620.6,3.62,1,0,RTO,,1,1,0.0,0.0,0.0,0.0
ORD_0001803,CUST_04748,2023-05-28 13:00:00,Fashion,COD,Tier_1,1040.61,17.75,0,1,Returned,Wrong Size,1,1,0.0,0.0,0.0,0.0
ORD_0001654,CUST_00051,2023-05-28 13:00:00,Footwear,Prepaid,Tier_2,4687.32,13.05,0,1,Returned,Wrong Size,1,1,0.0,0.0,0.0,0.0
ORD_0002859,CUST_02352,2023-05-28 14:00:00,Beauty,COD,Tier_1,554.44,5.12,0,1,Returned,Not as Expected,1,0,0.0,0.0,0.0,0.0
ORD_0007440,CUST_01273,2023-05-28 16:00:00,Beauty,COD,Tier_2,3743.94,1.63,1,0,RTO,,1,0,0.0,0.0,0.0,0.0
ORD_0001967,CUST_03678,2023-05-28 18:00:00,Fashion,COD,Tier_3,590.07,19.71,0,1,Returned,Wrong Size,1,1,0.0,1.0,0.0,1.0
ORD_0006101,CUST_05546,2023-05-28 19:00:00,Electronics,COD,Tier_1,5489.5,35.68,1,0,RTO,,1,0,0.0,0.0,0.0,0.0
ORD_0003589,CUST_03970,2023-05-28 19:00:00,Footwear,Prepaid,Tier_1,1118.5,21.98,0,1,Returned,Wrong Size,1,2,0.0,0.0,0.0,0.0
ORD_0008187,CUST_00351,2023-05-28 21:00:00,Electronics,COD,Tier_3,1305.4,39.15,0,0,Delivered,,0,0,0.0,0.0,0.0,0.0
ORD_0003298,CUST_04584,2023-05-28 23:00:00,Fashion,Prepaid,Tier_2,1028.63,42.19,0,0,Delivered,,0,0,0.0,0.0,0.0,0.0
ORD_0002878,CUST_02849,2023-05-29 02:00:00,Footwear,COD,Tier_1,2824.11,31.21,0,0,Delivered,,0,0,0.0,0.0,0.0,0.0
ORD_0000230,CUST_01841,2023-05-29 02:00:00,Fashion,COD,Tier_3,1262.55,12.64,0,0,Delivered,,0,0,0.0,0.0,0.0,0.0
ORD_0007670,CUST_03952,2023-05-29 03:00:00,Beauty,COD,Tier_3,4891.47,24.77,0,0,Delivered,,0,0,0.0,0.0,0.0,0.0
ORD_0000110,CUST_01729,2023-05-29 03:00:00,Footwear,COD,Tier_3,314.9,16.9,1,0,RTO,,1,1,0.0,0.0,0.0,0.0
ORD_0003562,CUST_04185,2023-05-29 05:00:00,Home,Prepaid,Tier_2,965.61,4.33,0,0,Delivered,,0,2,0.0,1.0,0.0,0.5
ORD_0002988,CUST_03182,2023-05-29 05:00:00,Home,COD,Tier_3,582.72,13.35,0,1,Returned,Changed Mind,1,2,0.0,0.0,0.0,0.0
ORD_0005726,CUST_05997,2023-05-29 06:00:00,Fashion,COD,Tier_3,318.94,23.21,0,0,Delivered,,0,0,0.0,0.0,0.0,0.0
ORD_0001132,CUST_00995,2023-05-29 09:00:00,Footwear,COD,Tier_2,1268.01,33.86,0,1,Returned,Defective,1,2,0.0,0.0,0.0,0.0
ORD_0006588,CUST_03594,2023-05-29 09:00:00,Beauty,COD,Tier_3,468.7,17.15,0,0,Delivered,,0,1,1.0,0.0,1.0,0.0
ORD_0003918,CUST_01665,2023-05-29 12:00:00,Home,COD,Tier_3,2320.38,3.61,0,0,Delivered,,0,2,1.0,0.0,0.5,0.0
ORD_0003389,CUST_01983,2023-05-29 13:00:00,Fashion,Prepaid,Tier_3,2051.84,20.39,0,0,Delivered,,0,1,0.0,0.0,0.0,0.0
ORD_0005821,CUST_04689,2023-05-29 13:00:00,Electronics,Prepaid,Tier_3,3863.33,46.85,0,0,Delivered,,0,0,0.0,0.0,0.0,0.0
ORD_0003287,CUST_00763,2023-05-29 14:00:00,Footwear,Prepaid,Tier_3,1149.76,38.65,1,0,RTO,,1,3,1.0,0.0,0.3333333333333333,0.0
ORD_0002199,CUST_03328,2023-05-29 16:00:00,Fashion,Prepaid,Tier_2,1737.63,0.44,0,0,Delivered,,0,0,0.0,0.0,0.0,0.0
ORD_0002916,CUST_00276,2023-05-29 16:00:00,Fashion,Prepaid,Tier_3,2971.68,33.83,0,0,Delivered,,0,1,1.0,0.0,1.0,0.0
ORD_0003790,CUST_05699,2023-05-29 16:00:00,Footwear,COD,Tier_1,1904.8,7.79,0,0,Delivered,,0,1,0.0,0.0,0.0,0.0
ORD_0000566,CUST_01572,2023-05-29 17:00:00,Fashion,COD,Tier_3,371.07,7.53,1,0,RTO,,1,0,0.0,0.0,0.0,0.0
ORD_0002746,CUST_02651,2023-05-29 18:00:00,Fashion,COD,Tier_2,2027.88,38.44,0,1,Returned,Changed Mind,1,2,2.0,0.0,1.0,0.0
ORD_0003326,CUST_04865,2023-05-29 18:00:00,Fashion,COD,Tier_1,1007.06,44.2,0,0,Delivered,,0,1,0.0,0.0,0.0,0.0
ORD_0006883,CUST_01105,2023-05-29 20:00:00,Home,COD,Tier_2,2185.05,14.43,0,0,Delivered,,0,0,0.0,0.0,0.0,0.0
ORD_0000682,CUST_05685,2023-05-29 20:00:00,Fashion,COD,Tier_1,1163.22,11.77,0,1,Returned,Wrong Size,1,1,0.0,1.0,0.0,1.0
ORD_0002821,CUST_05573,2023-05-29 20:00:00,Beauty,COD,Tier_1,2272.1,34.2,1,0,RTO,,1,1,1.0,0.0,1.0,0.0
ORD_0000903,CUST_02883,2023-05-29 21:00:00,Footwear,Prepaid,Tier_3,1969.46,22.26,0,0,Delivered,,0,1,0.0,0.0,0.0,0.0
ORD_0001064,CUST_01876,2023-05-29 21:00:00,Fashion,COD,Tier_1,339.03,2.75,0,0,Delivered,,0,1,0.0,0.0,0.0,0.0
ORD_0002094,CUST_03852,2023-05-29 22:00:00,Footwear,COD,Tier_1,3318.01,45.18,0,1,Returned,Wrong Size,1,2,0.0,1.0,0.0,0.5
ORD_0003353,CUST_03263,2023-05-29 22:00:00,Fashion,Prepaid,Tier_1,373.43,35.11,1,0,RTO,,1,1,0.0,0.0,0.0,0.0
ORD_0004553,CUST_00642,2023-05-30 00:00:00,Electronics,COD,Tier_3,1535.12,43.71,1,0,RTO,,1,0,0.0,0.0,0.0,0.0
ORD_0001358,CUST_02989,2023-05-30 01:00:00,Footwear,Prepaid,Tier_2,3850.35,27.24,1,0,RTO,,1,0,0.0,0.0,0.0,0.0
ORD_0000141,CUST_01311,2023-05-30 03:00:00,Fashion,COD,Tier_3,2295.2,40.72,0,1,Returned,Wrong Size,1,0,0.0,0.0,0.0,0.0
ORD_0003815,CUST_04615,2023-05-30 03:00:00,Fashion,COD,Tier_3,346.28,14.46,0,0,Delivered,,0,0,0.0,0.0,0.0,0.0
ORD_0001713,CUST_00449,2023-05-30 04:00:00,Fashion,Prepaid,Tier_1,355.85,34.91,0,0,Delivered,,0,0,0.0,0.0,0.0,0.0
ORD_0005527,CUST_05163,2023-05-30 05:00:00,Beauty,Prepaid,Tier_3,1016.2,24.51,0,0,Delivered,,0,1,1.0,0.0,1.0,0.0
ORD_0004491,CUST_00747,2023-05-30 05:00:00,Electronics,COD,Tier_1,623.86,6.0,0,0,Delivered,,0,1,0.0,0.0,0.0,0.0
ORD_0001651,CUST_02532,2023-05-30 06:00:00,Fashion,Prepaid,Tier_2,2057.96,46.77,0,0,Delivered,,0,1,0.0,0.0,0.0,0.0
ORD_0007161,CUST_04865,2023-05-30 07:00:00,Home,Prepaid,Tier_1,934.01,41.59,0,1,Returned,Wrong Size,1,2,0.0,0.0,0.0,0.0
ORD_0005968,CUST_05401,2023-05-30 08:00:00,Footwear,COD,Tier_1,744.42,8.51,0,0,Delivered,,0,1,0.0,0.0,0.0,0.0
ORD_0000935,CUST_05801,2023-05-30 11:00:00,Fashion,COD,Tier_1,705.87,38.96,0,0,Delivered,,0,2,0.0,0.0,0.0,0.0
ORD_0000944,CUST_01035,2023-05-30 12:00:00,Footwear,COD,Tier_2,1291.87,34.86,0,0,Delivered,,0,1,0.0,0.0,0.0,0.0
ORD_0000985,CUST_02436,2023-05-30 13:00:00,Footwear,COD,Tier_3,842.45,13.84,1,0,RTO,,1,1,0.0,1.0,0.0,1.0
ORD_0001529,CUST_05398,2023-05-30 13:00:00,Home,COD,Tier_1,639.08,5.13,0,0,Delivered,,0,2,0.0,1.0,0.0,0.5
ORD_0008474,CUST_01326,2023-05-30 14:00:00,Fashion,COD,Tier_3,624.88,26.56,0,1,Returned,Wrong Size,1,0,0.0,0.0,0.0,0.0
ORD_0002702,CUST_04653,2023-05-30 16:00:00,Fashion,COD,Tier_3,2076.26,29.21,1,0,RTO,,1,1,0.0,0.0,0.0,0.0
ORD_0007713,CUST_00742,2023-05-30 17:00:00,Fashion,COD,Tier_2,6459.01,35.7,0,0,Delivered,,0,0,0.0,0.0,0.0,0.0
ORD_0002845,CUST_00025,2023-05-30 17:00:00,Fashion,COD,Tier_3,597.22,5.71,0,0,Delivered,,0,0,0.0,0.0,0.0,0.0
ORD_0008229,CUST_01807,2023-05-30 19:00:00,Footwear,Prepaid,Tier_2,2606.76,35.19,0,1,Returned,Changed Mind,1,2,1.0,1.0,0.5,0.5
ORD_0000507,CUST_02877,2023-05-30 20:00:00,Fashion,COD,Tier_2,1652.03,14.36,0,0,Delivered,,0,0,0.0,0.0,0.0,0.0
ORD_0007732,CUST_02594,2023-05-30 21:00:00,Electronics,COD,Tier_3,875.77,20.33,1,0,RTO,,1,0,0.0,0.0,0.0,0.0
ORD_0008688,CUST_05303,2023-05-30 21:00:00,Fashion,COD,Tier_2,431.5,27.09,0,0,Delivered,,0,5,1.0,0.0,0.2,0.0
ORD_0006078,CUST_02112,2023-05-30 22:00:00,Home,Prepaid,Tier_1,929.26,22.92,0,0,Delivered,,0,0,0.0,0.0,0.0,0.0
ORD_0000282,CUST_02780,2023-05-31 00:00:00,Fashion,Prepaid,Tier_1,572.94,7.39,0,0,Delivered,,0,0,0.0,0.0,0.0,0.0
ORD_0003548,CUST_05034,2023-05-31 03:00:00,Electronics,Prepaid,Tier_1,2884.53,15.52,0,0,Delivered,,0,1,1.0,0.0,1.0,0.0
ORD_0007052,CUST_01252,2023-05-31 03:00:00,Fashion,Prepaid,Tier_2,2017.95,44.93,0,0,Delivered,,0,0,0.0,0.0,0.0,0.0
ORD_0004419,CUST_02140,2023-05-31 04:00:00,Beauty,Prepaid,Tier_2,1543.93,45.27,0,0,Delivered,,0,1,0.0,0.0,0.0,0.0
ORD_0003638,CUST_00265,2023-05-31 05:00:00,Electronics,Prepaid,Tier_2,714.99,36.76,0,1,Returned,Changed Mind,1,0,0.0,0.0,0.0,0.0
ORD_0004957,CUST_05651,2023-05-31 05:00:00,Beauty,Prepaid,Tier_1,588.85,8.62,0,0,Delivered,,0,1,0.0,0.0,0.0,0.0
ORD_0003517,CUST_05766,2023-05-31 06:00:00,Home,COD,Tier_2,606.11,15.38,0,0,Delivered,,0,2,1.0,0.0,0.5,0.0
ORD_0003481,CUST_00186,2023-05-31 06:00:00,Fashion,COD,Tier_2,1619.82,3.48,0,0,Delivered,,0,0,0.0,0.0,0.0,0.0
ORD_0006748,CUST_02582,2023-05-31 10:00:00,Fashion,COD,Tier_2,861.5,8.57,1,0,RTO,,1,0,0.0,0.0,0.0,0.0
ORD_0005211,CUST_04277,2023-05-31 10:00:00,Fashion,Prepaid,Tier_1,2392.05,2.13,0,0,Delivered,,0,0,0.0,0.0,0.0,0.0
ORD_0000733,CUST_05432,2023-05-31 11:00:00,Electronics,COD,Tier_1,2056.92,32.12,0,0,Delivered,,0,0,0.0,0.0,0.0,0.0
ORD_0006963,CUST_03086,2023-05-31 12:00:00,Electronics,Prepaid,Tier_2,706.04,6.98,0,0,Delivered,,0,1,1.0,0.0,1.0,0.0
ORD_0009847,CUST_05167,2023-05-31 13:00:00,Fashion,COD,Tier_2,1807.41,29.59,1,0,RTO,,1,1,0.0,0.0,0.0,0.0
ORD_0005457,CUST_03651,2023-05-31 14:00:00,Home,COD,Tier_2,2494.84,22.49,0,0,Delivered,,0,1,0.0,0.0,0.0,0.0
ORD_0004950,CUST_04866,2023-05-31 14:00:00,Beauty,Prepaid,Tier_1,2432.67,28.46,0,1,Returned,Not as Expected,1,2,0.0,0.0,0.0,0.0
ORD_0004972,CUST_00077,2023-05-31 15:00:00,Home,COD,Tier_2,3490.43,24.57,0,0,Delivered,,0,1,0.0,0.0,0.0,0.0
ORD_0006178,CUST_03746,2023-05-31 15:00:00,Beauty,COD,Tier_3,727.35,32.83,0,0,Delivered,,0,0,0.0,0.0,0.0,0.0
ORD_0004604,CUST_03302,2023-05-31 16:00:00,Fashion,COD,Tier_1,3369.23,12.22,1,0,RTO,,1,0,0.0,0.0,0.0,0.0
ORD_0009155,CUST_00259,2023-05-31 16:00:00,Fashion,Prepaid,Tier_3,931.85,6.28,0,0,Delivered,,0,1,0.0,0.0,0.0,0.0
ORD_0009266,CUST_04070,2023-05-31 17:00:00,Electronics,COD,Tier_1,790.83,1.35,1,0,RTO,,1,0,0.0,0.0,0.0,0.0
ORD_0006650,CUST_02320,2023-05-31 18:00:00,Beauty,Prepaid,Tier_1,2817.21,42.22,0,0,Delivered,,0,0,0.0,0.0,0.0,0.0
ORD_0009428,CUST_01933,2023-05-31 19:00:00,Beauty,COD,Tier_3,4362.3,39.55,0,0,Delivered,,0,0,0.0,0.0,0.0,0.0
ORD_0004823,CUST_02715,2023-05-31 19:00:00,Fashion,COD,Tier_2,1140.92,40.87,0,0,Delivered,,0,0,0.0,0.0,0.0,0.0
ORD_0009503,CUST_03461,2023-05-31 20:00:00,Footwear,COD,Tier_1,1889.06,0.59,0,0,Delivered,,0,2,1.0,0.0,0.5,0.0
ORD_0002250,CUST_02340,2023-05-31 21:00:00,Fashion,Prepaid,Tier_2,1574.74,33.31,0,1,Returned,Wrong Size,1,0,0.0,0.0,0.0,0.0
ORD_0003699,CUST_03703,2023-05-31 22:00:00,Electronics,Prepaid,Tier_2,345.36,29.66,0,0,Delivered,,0,0,0.0,0.0,0.0,0.0
ORD_0009240,CUST_00307,2023-05-31 22:00:00,Beauty,Prepaid,Tier_1,727.19,28.84,0,0,Delivered,,0,2,0.0,0.0,0.0,0.0
ORD_0009525,CUST_05252,2023-05-31 22:00:00,Footwear,Prepaid,Tier_2,2271.12,10.28,0,1,Returned,Wrong Size,1,0,0.0,0.0,0.0,0.0
ORD_0005769,CUST_01826,2023-05-31 22:00:00,Footwear,COD,Tier_2,6096.63,24.48,0,1,Returned,Changed Mind,1,0,0.0,0.0,0.0,0.0
ORD_0006722,CUST_01466,2023-05-31 22:00:00,Fashion,COD,Tier_3,439.45,32.59,1,0,RTO,,1,1,0.0,0.0,0.0,0.0
ORD_0008611,CUST_04741,2023-05-31 23:00:00,Fashion,Prepaid,Tier_2,1614.11,34.75,1,0,RTO,,1,1,0.0,0.0,0.0,0.0
ORD_0009307,CUST_02457,2023-05-31 23:00:00,Home,COD,Tier_2,1451.84,5.48,0,1,Returned,Wrong Size,1,0,0.0,0.0,0.0,0.0
ORD_0001700,CUST_00909,2023-06-01 00:00:00,Fashion,COD,Tier_2,1360.81,17.33,0,0,Delivered,,0,3,0.0,1.0,0.0,0.3333333333333333
ORD_0000139,CUST_01253,2023-06-01 01:00:00,Home,COD,Tier_1,646.44,23.77,0,0,Delivered,,0,1,0.0,0.0,0.0,0.0
ORD_0005612,CUST_02382,2023-06-01 01:00:00,Beauty,COD,Tier_3,1584.97,5.24,0,0,Delivered,,0,1,1.0,0.0,1.0,0.0
ORD_0003495,CUST_03786,2023-06-01 01:00:00,Home,COD,Tier_1,1442.57,48.72,0,1,Returned,Changed Mind,1,1,0.0,0.0,0.0,0.0
ORD_0005751,CUST_04272,2023-06-01 02:00:00,Fashion,COD,Tier_2,5638.04,1.43,0,0,Delivered,,0,1,1.0,0.0,1.0,0.0
ORD_0009412,CUST_04099,2023-06-01 03:00:00,Footwear,COD,Tier_2,398.57,32.96,1,0,RTO,,1,0,0.0,0.0,0.0,0.0
ORD_0002477,CUST_04131,2023-06-01 05:00:00,Footwear,COD,Tier_1,563.24,22.91,0,1,Returned,Wrong Size,1,1,0.0,1.0,0.0,1.0
ORD_0004801,CUST_02460,2023-06-01 07:00:00,Electronics,COD,Tier_2,644.34,5.55,0,0,Delivered,,0,2,0.0,0.0,0.0,0.0
ORD_0003906,CUST_03296,2023-06-01 07:00:00,Home,COD,Tier_3,1564.2,25.39,0,0,Delivered,,0,1,0.0,0.0,0.0,0.0
ORD_0000833,CUST_05329,2023-06-01 08:00:00,Fashion,COD,Tier_3,5892.03,4.41,1,0,RTO,,1,0,0.0,0.0,0.0,0.0
ORD_0006274,CUST_01630,2023-06-01 09:00:00,Fashion,COD,Tier_1,895.45,40.72,0,1,Returned,Changed Mind,1,1,0.0,0.0,0.0,0.0
ORD_0001011,CUST_03850,2023-06-01 09:00:00,Electronics,Prepaid,Tier_3,519.88,48.26,0,0,Delivered,,0,0,0.0,0.0,0.0,0.0
ORD_0006460,CUST_03710,2023-06-01 09:00:00,Fashion,COD,Tier_2,312.94,42.72,0,0,Delivered,,0,1,0.0,0.0,0.0,0.0
ORD_0006193,CUST_02963,2023-06-01 09:00:00,Fashion,COD,Tier_2,463.2,20.56,1,0,RTO,,1,1,0.0,0.0,0.0,0.0
ORD_0009809,CUST_00731,2023-06-01 10:00:00,Fashion,COD,Tier_1,837.31,18.38,0,0,Delivered,,0,0,0.0,0.0,0.0,0.0
ORD_0009396,CUST_00688,2023-06-01 10:00:00,Footwear,Prepaid,Tier_3,2134.94,35.23,0,0,Delivered,,0,2,1.0,0.0,0.5,0.0
ORD_0009582,CUST_02132,2023-06-01 12:00:00,Fashion,COD,Tier_1,1248.88,45.17,0,0,Delivered,,0,1,0.0,1.0,0.0,1.0
ORD_0005997,CUST_01817,2023-06-01 13:00:00,Home,COD,Tier_3,933.55,22.23,0,1,Returned,Not as Expected,1,1,1.0,0.0,1.0,0.0
ORD_0000042,CUST_00760,2023-06-01 15:00:00,Fashion,COD,Tier_1,6682.18,23.21,0,0,Delivered,,0,0,0.0,0.0,0.0,0.0
ORD_0003493,CUST_04587,2023-06-01 17:00:00,Footwear,COD,Tier_1,3768.51,27.45,0,0,Delivered,,0,0,0.0,0.0,0.0,0.0
ORD_0008415,CUST_05010,2023-06-01 17:00:00,Beauty,COD,Tier_2,5259.11,25.6,0,0,Delivered,,0,0,0.0,0.0,0.0,0.0
ORD_0004982,CUST_05741,2023-06-01 17:00:00,Footwear,Prepaid,Tier_1,1567.07,40.44,0,0,Delivered,,0,3,0.0,0.0,0.0,0.0
ORD_0006262,CUST_02958,2023-06-01 18:00:00,Fashion,COD,Tier_3,387.18,36.31,0,0,Delivered,,0,1,0.0,0.0,0.0,0.0
ORD_0000258,CUST_04678,2023-06-01 18:00:00,Electronics,COD,Tier_3,1279.02,22.69,1,0,RTO,,1,2,0.0,1.0,0.0,0.5
ORD_0001865,CUST_03587,2023-06-01 21:00:00,Beauty,COD,Tier_2,7097.44,33.27,0,1,Returned,Wrong Size,1,1,1.0,0.0,1.0,0.0
ORD_0002791,CUST_05751,2023-06-01 23:00:00,Electronics,COD,Tier_1,964.9,32.71,1,0,RTO,,1,1,0.0,0.0,0.0,0.0
ORD_0009781,CUST_04868,2023-06-02 00:00:00,Footwear,Prepaid,Tier_2,496.94,0.22,0,1,Returned,Wrong Size,1,0,0.0,0.0,0.0,0.0
ORD_0007648,CUST_04708,2023-06-02 01:00:00,Home,COD,Tier_1,3800.88,29.2,0,0,Delivered,,0,1,0.0,0.0,0.0,0.0
ORD_0002961,CUST_05271,2023-06-02 02:00:00,Electronics,COD,Tier_3,886.91,23.29,0,0,Delivered,,0,2,0.0,2.0,0.0,1.0
ORD_0000596,CUST_02325,2023-06-02 02:00:00,Electronics,COD,Tier_1,1959.62,45.8,1,0,RTO,,1,1,0.0,1.0,0.0,1.0
ORD_0008562,CUST_05557,2023-06-02 04:00:00,Fashion,Prepaid,Tier_3,2232.58,41.98,0,0,Delivered,,0,1,0.0,0.0,0.0,0.0
ORD_0004907,CUST_04823,2023-06-02 06:00:00,Fashion,Prepaid,Tier_2,2838.9,30.88,0,0,Delivered,,0,1,0.0,0.0,0.0,0.0
ORD_0001670,CUST_02793,2023-06-02 07:00:00,Fashion,COD,Tier_1,694.08,37.3,0,0,Delivered,,0,0,0.0,0.0,0.0,0.0
ORD_0002285,CUST_04048,2023-06-02 08:00:00,Footwear,COD,Tier_3,1146.67,25.78,0,0,Delivered,,0,0,0.0,0.0,0.0,0.0
ORD_0006489,CUST_02553,2023-06-02 08:00:00,Fashion,COD,Tier_2,1578.42,44.91,0,0,Delivered,,0,0,0.0,0.0,0.0,0.0
ORD_0003947,CUST_00979,2023-06-02 09:00:00,Home,Prepaid,Tier_1,1110.48,40.8,0,1,Returned,Not as Expected,1,1,1.0,0.0,1.0,0.0
ORD_0005662,CUST_03649,2023-06-02 09:00:00,Fashion,COD,Tier_1,2639.3,6.23,0,0,Delivered,,0,0,0.0,0.0,0.0,0.0
ORD_0005411,CUST_00328,2023-06-02 10:00:00,Electronics,COD,Tier_1,564.21,8.01,0,0,Delivered,,0,0,0.0,0.0,0.0,0.0
ORD_0006055,CUST_04776,2023-06-02 11:00:00,Fashion,Prepaid,Tier_2,554.85,27.79,0,0,Delivered,,0,1,0.0,0.0,0.0,0.0
ORD_0008374,CUST_01808,2023-06-02 11:00:00,Fashion,COD,Tier_2,410.84,43.78,0,0,Delivered,,0,0,0.0,0.0,0.0,0.0
ORD_0004425,CUST_01319,2023-06-02 12:00:00,Footwear,Prepaid,Tier_1,597.62,30.73,0,1,Returned,Changed Mind,1,2,1.0,0.0,0.5,0.0
ORD_0000922,CUST_05936,2023-06-02 12:00:00,Fashion,Prepaid,Tier_1,356.49,26.72,0,0,Delivered,,0,0,0.0,0.0,0.0,0.0
ORD_0008991,CUST_05969,2023-06-02 13:00:00,Fashion,COD,Tier_3,542.97,23.46,0,0,Delivered,,0,2,0.0,1.0,0.0,0.5
ORD_0003556,CUST_02502,2023-06-02 15:00:00,Fashion,Prepaid,Tier_2,3187.09,38.38,0,0,Delivered,,0,0,0.0,0.0,0.0,0.0
ORD_0003096,CUST_00609,2023-06-02 19:00:00,Beauty,COD,Tier_1,3029.51,19.6,0,0,Delivered,,0,0,0.0,0.0,0.0,0.0
ORD_0009331,CUST_03829,2023-06-02 19:00:00,Footwear,Prepaid,Tier_2,970.2,12.86,0,0,Delivered,,0,0,0.0,0.0,0.0,0.0
ORD_0000790,CUST_00211,2023-06-02 19:00:00,Fashion,COD,Tier_1,2889.92,4.03,0,0,Delivered,,0,0,0.0,0.0,0.0,0.0
ORD_0005518,CUST_02064,2023-06-02 20:00:00,Home,Prepaid,Tier_3,385.97,19.99,0,1,Returned,Changed Mind,1,1,1.0,0.0,1.0,0.0
ORD_0001085,CUST_03851,2023-06-02 20:00:00,Home,COD,Tier_1,2787.79,38.03,0,0,Delivered,,0,0,0.0,0.0,0.0,0.0
ORD_0008552,CUST_03055,2023-06-02 20:00:00,Footwear,Prepaid,Tier_1,2210.01,39.27,0,0,Delivered,,0,1,0.0,0.0,0.0,0.0
ORD_0001088,CUST_02731,2023-06-02 20:00:00,Fashion,COD,Tier_1,300.36,34.85,0,0,Delivered,,0,0,0.0,0.0,0.0,0.0
ORD_0004089,CUST_01094,2023-06-02 21:00:00,Footwear,Prepaid,Tier_2,522.13,15.26,0,0,Delivered,,0,1,1.0,0.0,1.0,0.0
ORD_0003848,CUST_04924,2023-06-02 23:00:00,Home,Prepaid,Tier_1,489.22,26.72,1,0,RTO,,1,0,0.0,0.0,0.0,0.0
ORD_0008259,CUST_01996,2023-06-03 00:00:00,Electronics,Prepaid,Tier_2,1441.32,49.2,0,0,Delivered,,0,1,0.0,0.0,0.0,0.0
ORD_0000253,CUST_03977,2023-06-03 01:00:00,Fashion,Prepaid,Tier_3,1902.72,23.31,0,0,Delivered,,0,1,0.0,1.0,0.0,1.0
ORD_0001159,CUST_03869,2023-06-03 02:00:00,Fashion,COD,Tier_2,854.79,14.08,0,0,Delivered,,0,1,0.0,1.0,0.0,1.0
ORD_0002360,CUST_02766,2023-06-03 02:00:00,Fashion,Prepaid,Tier_2,2140.55,47.73,1,0,RTO,,1,0,0.0,0.0,0.0,0.0
ORD_0004440,CUST_03557,2023-06-03 03:00:00,Home,Prepaid,Tier_2,1074.53,47.74,0,0,Delivered,,0,2,1.0,0.0,0.5,0.0
ORD_0008266,CUST_03082,2023-06-03 03:00:00,Fashion,Prepaid,Tier_1,3041.73,28.66,1,0,RTO,,1,0,0.0,0.0,0.0,0.0
ORD_0005614,CUST_00552,2023-06-03 05:00:00,Footwear,Prepaid,Tier_2,740.91,21.97,0,0,Delivered,,0,0,0.0,0.0,0.0,0.0
ORD_0000184,CUST_04419,2023-06-03 05:00:00,Footwear,COD,Tier_1,659.15,20.46,0,0,Delivered,,0,1,0.0,1.0,0.0,1.0
ORD_0001815,CUST_00560,2023-06-03 05:00:00,Home,COD,Tier_2,1433.84,34.44,1,0,RTO,,1,0,0.0,0.0,0.0,0.0
ORD_0005116,CUST_05639,2023-06-03 05:00:00,Home,COD,Tier_1,322.39,12.6,0,0,Delivered,,0,0,0.0,0.0,0.0,0.0
ORD_0001406,CUST_01916,2023-06-03 08:00:00,Fashion,COD,Tier_2,1488.22,41.06,1,0,RTO,,1,0,0.0,0.0,0.0,0.0
ORD_0003673,CUST_04215,2023-06-03 08:00:00,Fashion,COD,Tier_2,1857.34,12.83,0,1,Returned,Wrong Size,1,0,0.0,0.0,0.0,0.0
ORD_0005782,CUST_01885,2023-06-03 09:00:00,Beauty,Prepaid,Tier_1,770.68,37.62,0,0,Delivered,,0,1,0.0,1.0,0.0,1.0
ORD_0004946,CUST_02096,2023-06-03 09:00:00,Footwear,COD,Tier_1,2234.56,39.3,1,0,RTO,,1,0,0.0,0.0,0.0,0.0
ORD_0009238,CUST_04411,2023-06-03 10:00:00,Footwear,Prepaid,Tier_3,5008.3,7.31,0,0,Delivered,,0,1,0.0,0.0,0.0,0.0
ORD_0005453,CUST_00073,2023-06-03 11:00:00,Home,Prepaid,Tier_2,535.2,5.11,0,1,Returned,Defective,1,1,0.0,0.0,0.0,0.0
ORD_0004556,CUST_01655,2023-06-03 13:00:00,Footwear,Prepaid,Tier_1,2801.81,25.59,0,0,Delivered,,0,1,0.0,0.0,0.0,0.0
ORD_0008726,CUST_01604,2023-06-03 13:00:00,Footwear,Prepaid,Tier_2,6413.85,1.98,0,0,Delivered,,0,0,0.0,0.0,0.0,0.0
ORD_0001848,CUST_02634,2023-06-03 15:00:00,Beauty,COD,Tier_2,5244.52,15.5,1,0,RTO,,1,0,0.0,0.0,0.0,0.0
ORD_0002782,CUST_01810,2023-06-03 15:00:00,Beauty,COD,Tier_2,802.32,10.45,1,0,RTO,,1,0,0.0,0.0,0.0,0.0
ORD_0003874,CUST_00582,2023-06-03 15:00:00,Electronics,Prepaid,Tier_3,4579.58,11.49,0,0,Delivered,,0,1,0.0,0.0,0.0,0.0
ORD_0003654,CUST_01360,2023-06-03 15:00:00,Home,COD,Tier_3,1294.14,20.23,0,0,Delivered,,0,1,0.0,0.0,0.0,0.0
ORD_0005941,CUST_02078,2023-06-03 16:00:00,Beauty,COD,Tier_1,3987.24,5.04,1,0,RTO,,1,2,0.0,0.0,0.0,0.0
ORD_0001009,CUST_05648,2023-06-03 17:00:00,Fashion,COD,Tier_1,3638.76,36.13,0,0,Delivered,,0,0,0.0,0.0,0.0,0.0
ORD_0008330,CUST_01445,2023-06-03 20:00:00,Home,Prepaid,Tier_2,598.15,13.71,0,0,Delivered,,0,0,0.0,0.0,0.0,0.0
ORD_0002900,CUST_02836,2023-06-03 21:00:00,Fashion,COD,Tier_1,4073.18,8.8,0,0,Delivered,,0,0,0.0,0.0,0.0,0.0
ORD_0000601,CUST_02746,2023-06-03 23:00:00,Fashion,COD,Tier_1,2269.46,8.89,0,0,Delivered,,0,2,0.0,0.0,0.0,0.0
ORD_0005499,CUST_03476,2023-06-04 01:00:00,Fashion,COD,Tier_1,1028.76,20.9,0,0,Delivered,,0,0,0.0,0.0,0.0,0.0
ORD_0003090,CUST_01508,2023-06-04 02:00:00,Fashion,COD,Tier_1,745.65,27.14,0,0,Delivered,,0,2,0.0,0.0,0.0,0.0
ORD_0006959,CUST_05695,2023-06-04 03:00:00,Home,COD,Tier_3,3405.03,12.2,0,0,Delivered,,0,0,0.0,0.0,0.0,0.0
ORD_0005271,CUST_04989,2023-06-04 04:00:00,Home,COD,Tier_3,4534.26,28.52,1,0,RTO,,1,4,0.0,1.0,0.0,0.25
ORD_0008460,CUST_05679,2023-06-04 05:00:00,Home,Prepaid,Tier_1,2371.37,44.19,0,0,Delivered,,0,1,0.0,1.0,0.0,1.0
ORD_0001004,CUST_00615,2023-06-04 06:00:00,Home,Prepaid,Tier_3,668.74,2.6,0,0,Delivered,,0,2,0.0,1.0,0.0,0.5
ORD_0006766,CUST_03707,2023-06-04 07:00:00,Beauty,COD,Tier_3,618.0,45.44,1,0,RTO,,1,1,0.0,0.0,0.0,0.0
ORD_0009688,CUST_02567,2023-06-04 07:00:00,Footwear,COD,Tier_2,1163.79,4.74,0,0,Delivered,,0,1,0.0,1.0,0.0,1.0
ORD_0004931,CUST_01838,2023-06-04 08:00:00,Fashion,COD,Tier_3,7003.13,46.18,0,0,Delivered,,0,1,0.0,0.0,0.0,0.0
ORD_0009617,CUST_01196,2023-06-04 09:00:00,Home,COD,Tier_2,1051.98,9.28,0,0,Delivered,,0,0,0.0,0.0,0.0,0.0
ORD_0009501,CUST_02726,2023-06-04 10:00:00,Footwear,Prepaid,Tier_2,2273.31,18.02,0,0,Delivered,,0,1,0.0,0.0,0.0,0.0
ORD_0005716,CUST_01359,2023-06-04 12:00:00,Home,Prepaid,Tier_3,1775.49,11.0,0,0,Delivered,,0,0,0.0,0.0,0.0,0.0
ORD_0003332,CUST_02496,2023-06-04 12:00:00,Electronics,COD,Tier_2,2154.98,36.1,0,1,Returned,Not as Expected,1,2,0.0,1.0,0.0,0.5
ORD_0000724,CUST_01353,2023-06-04 12:00:00,Fashion,Prepaid,Tier_2,637.6,32.56,0,0,Delivered,,0,1,0.0,1.0,0.0,1.0
ORD_0004516,CUST_02817,2023-06-04 14:00:00,Footwear,COD,Tier_1,3068.84,14.97,1,0,RTO,,1,1,0.0,0.0,0.0,0.0
ORD_0001261,CUST_05686,2023-06-04 14:00:00,Fashion,COD,Tier_3,1450.44,28.99,0,0,Delivered,,0,0,0.0,0.0,0.0,0.0
ORD_0007272,CUST_03758,2023-06-04 14:00:00,Electronics,Prepaid,Tier_1,3327.94,40.91,0,0,Delivered,,0,0,0.0,0.0,0.0,0.0
ORD_0004904,CUST_00842,2023-06-04 15:00:00,Electronics,COD,Tier_3,7098.7,12.25,0,0,Delivered,,0,0,0.0,0.0,0.0,0.0
ORD_0002976,CUST_01847,2023-06-04 15:00:00,Fashion,Prepaid,Tier_1,2282.0,41.63,0,1,Returned,Not as Expected,1,0,0.0,0.0,0.0,0.0
ORD_0008298,CUST_05876,2023-06-04 15:00:00,Home,COD,Tier_3,730.62,39.67,0,1,Returned,Changed Mind,1,0,0.0,0.0,0.0,0.0
ORD_0003372,CUST_05585,2023-06-04 16:00:00,Home,COD,Tier_3,1814.66,32.81,0,0,Delivered,,0,0,0.0,0.0,0.0,0.0
ORD_0001667,CUST_03082,2023-06-04 17:00:00,Beauty,COD,Tier_1,1466.36,45.47,0,0,Delivered,,0,1,0.0,1.0,0.0,1.0
ORD_0006799,CUST_03008,2023-06-04 18:00:00,Fashion,Prepaid,Tier_2,3055.02,47.72,0,0,Delivered,,0,0,0.0,0.0,0.0,0.0
ORD_0001819,CUST_02481,2023-06-04 19:00:00,Footwear,COD,Tier_2,1185.67,46.77,0,0,Delivered,,0,3,0.0,2.0,0.0,0.6666666666666666
ORD_0003223,CUST_00440,2023-06-04 20:00:00,Footwear,Prepaid,Tier_2,1947.74,10.69,0,1,Returned,Changed Mind,1,1,0.0,0.0,0.0,0.0
ORD_0005388,CUST_03677,2023-06-04 21:00:00,Fashion,COD,Tier_3,1701.07,9.72,0,0,Delivered,,0,2,0.0,0.0,0.0,0.0
ORD_0005117,CUST_05740,2023-06-04 21:00:00,Footwear,Prepaid,Tier_1,322.88,44.09,0,0,Delivered,,0,0,0.0,0.0,0.0,0.0
ORD_0009840,CUST_03466,2023-06-04 21:00:00,Home,COD,Tier_3,5063.26,0.26,1,0,RTO,,1,0,0.0,0.0,0.0,0.0
ORD_0000016,CUST_01792,2023-06-04 22:00:00,Fashion,COD,Tier_3,1886.86,11.61,0,0,Delivered,,0,0,0.0,0.0,0.0,0.0
ORD_0001959,CUST_03366,2023-06-04 23:00:00,Beauty,Prepaid,Tier_2,1869.77,34.39,0,0,Delivered,,0,3,0.0,1.0,0.0,0.3333333333333333
ORD_0000422,CUST_02809,2023-06-05 00:00:00,Electronics,COD,Tier_2,1001.88,26.83,0,0,Delivered,,0,0,0.0,0.0,0.0,0.0
ORD_0001174,CUST_02189,2023-06-05 00:00:00,Home,COD,Tier_3,7826.56,48.98,0,0,Delivered,,0,0,0.0,0.0,0.0,0.0
ORD_0002668,CUST_05581,2023-06-05 01:00:00,Home,COD,Tier_1,2073.81,25.55,0,0,Delivered,,0,1,0.0,1.0,0.0,1.0
ORD_0005351,CUST_04603,2023-06-05 03:00:00,Electronics,COD,Tier_2,1281.4,23.15,0,0,Delivered,,0,0,0.0,0.0,0.0,0.0
ORD_0009198,CUST_03095,2023-06-05 05:00:00,Fashion,Prepaid,Tier_2,2082.9,30.63,0,1,Returned,Not as Expected,1,1,0.0,0.0,0.0,0.0
ORD_0009082,CUST_00834,2023-06-05 06:00:00,Footwear,Prepaid,Tier_1,7835.2,28.22,0,0,Delivered,,0,1,0.0,0.0,0.0,0.0
ORD_0000027,CUST_03437,2023-06-05 07:00:00,Fashion,Prepaid,Tier_1,7436.62,40.82,0,0,Delivered,,0,1,0.0,0.0,0.0,0.0
ORD_0003158,CUST_02458,2023-06-05 09:00:00,Fashion,COD,Tier_2,371.16,21.39,0,0,Delivered,,0,1,0.0,0.0,0.0,0.0
ORD_0009831,CUST_04200,2023-06-05 11:00:00,Fashion,Prepaid,Tier_3,1860.14,45.97,0,0,Delivered,,0,1,1.0,0.0,1.0,0.0
ORD_0006730,CUST_05526,2023-06-05 12:00:00,Beauty,COD,Tier_2,1260.22,23.44,0,0,Delivered,,0,0,0.0,0.0,0.0,0.0
ORD_0009959,CUST_01107,2023-06-05 13:00:00,Home,COD,Tier_1,1234.94,5.27,0,0,Delivered,,0,0,0.0,0.0,0.0,0.0
ORD_0006778,CUST_00054,2023-06-05 14:00:00,Electronics,Prepaid,Tier_2,528.51,0.95,0,0,Delivered,,0,2,0.0,0.0,0.0,0.0
ORD_0001616,CUST_04919,2023-06-05 15:00:00,Electronics,COD,Tier_1,1938.44,12.26,0,0,Delivered,,0,0,0.0,0.0,0.0,0.0
ORD_0008196,CUST_04396,2023-06-05 15:00:00,Fashion,Prepaid,Tier_2,1345.06,41.68,0,1,Returned,Changed Mind,1,1,0.0,0.0,0.0,0.0
ORD_0002645,CUST_02222,2023-06-05 15:00:00,Electronics,COD,Tier_1,5308.79,41.22,1,0,RTO,,1,0,0.0,0.0,0.0,0.0
ORD_0007983,CUST_02745,2023-06-05 17:00:00,Beauty,COD,Tier_3,1019.53,26.36,0,1,Returned,Wrong Size,1,1,0.0,0.0,0.0,0.0
ORD_0007357,CUST_04681,2023-06-05 18:00:00,Electronics,Prepaid,Tier_3,896.91,16.26,0,0,Delivered,,0,3,1.0,1.0,0.3333333333333333,0.3333333333333333
ORD_0009989,CUST_03974,2023-06-05 20:00:00,Home,COD,Tier_3,691.31,0.04,1,0,RTO,,1,0,0.0,0.0,0.0,0.0
ORD_0008698,CUST_03622,2023-06-05 20:00:00,Fashion,COD,Tier_3,671.01,3.05,0,1,Returned,Changed Mind,1,1,0.0,0.0,0.0,0.0
ORD_0002930,CUST_01148,2023-06-05 21:00:00,Fashion,Prepaid,Tier_1,1389.82,24.8,0,0,Delivered,,0,0,0.0,0.0,0.0,0.0
ORD_0008906,CUST_04124,2023-06-05 21:00:00,Fashion,COD,Tier_3,1456.94,21.99,0,0,Delivered,,0,1,0.0,0.0,0.0,0.0
ORD_0000250,CUST_01950,2023-06-06 01:00:00,Electronics,Prepaid,Tier_2,1731.37,35.82,0,0,Delivered,,0,0,0.0,0.0,0.0,0.0
ORD_0001094,CUST_03373,2023-06-06 02:00:00,Electronics,Prepaid,Tier_2,606.29,15.41,0,0,Delivered,,0,1,1.0,0.0,1.0,0.0
ORD_0008225,CUST_00936,2023-06-06 02:00:00,Footwear,Prepaid,Tier_1,742.36,34.95,0,1,Returned,Wrong Size,1,1,0.0,1.0,0.0,1.0
ORD_0007058,CUST_04442,2023-06-06 03:00:00,Beauty,COD,Tier_3,2791.39,36.84,0,0,Delivered,,0,2,0.0,0.0,0.0,0.0
ORD_0007677,CUST_03532,2023-06-06 05:00:00,Electronics,COD,Tier_3,1502.98,36.57,0,1,Returned,Changed Mind,1,0,0.0,0.0,0.0,0.0
ORD_0004915,CUST_05963,2023-06-06 07:00:00,Home,Prepaid,Tier_3,597.09,29.59,0,0,Delivered,,0,1,0.0,0.0,0.0,0.0
ORD_0006724,CUST_04573,2023-06-06 09:00:00,Fashion,Prepaid,Tier_2,593.68,4.2,0,0,Delivered,,0,0,0.0,0.0,0.0,0.0
ORD_0008340,CUST_02060,2023-06-06 09:00:00,Fashion,COD,Tier_3,1372.32,40.69,0,0,Delivered,,0,0,0.0,0.0,0.0,0.0
ORD_0009620,CUST_02145,2023-06-06 10:00:00,Fashion,COD,Tier_2,408.85,41.52,1,0,RTO,,1,0,0.0,0.0,0.0,0.0
ORD_0000574,CUST_02466,2023-06-06 12:00:00,Fashion,COD,Tier_1,2340.93,2.15,0,0,Delivered,,0,0,0.0,0.0,0.0,0.0
ORD_0003110,CUST_03736,2023-06-06 13:00:00,Electronics,COD,Tier_1,407.66,30.55,0,0,Delivered,,0,0,0.0,0.0,0.0,0.0
ORD_0008617,CUST_04861,2023-06-06 14:00:00,Electronics,COD,Tier_1,3799.41,1.28,0,0,Delivered,,0,0,0.0,0.0,0.0,0.0
ORD_0008933,CUST_02803,2023-06-06 15:00:00,Electronics,COD,Tier_3,586.06,47.08,1,0,RTO,,1,0,0.0,0.0,0.0,0.0
ORD_0000640,CUST_00995,2023-06-06 15:00:00,Fashion,Prepaid,Tier_1,1005.74,3.15,1,0,RTO,,1,3,1.0,0.0,0.3333333333333333,0.0
ORD_0000625,CUST_01999,2023-06-06 15:00:00,Fashion,Prepaid,Tier_2,1752.71,33.23,0,0,Delivered,,0,0,0.0,0.0,0.0,0.0
ORD_0009322,CUST_00153,2023-06-06 17:00:00,Electronics,Prepaid,Tier_2,724.18,42.91,0,0,Delivered,,0,2,0.0,1.0,0.0,0.5
ORD_0004846,CUST_00443,2023-06-06 18:00:00,Footwear,COD,Tier_2,6110.72,12.65,0,0,Delivered,,0,0,0.0,0.0,0.0,0.0
ORD_0007589,CUST_00706,2023-06-06 20:00:00,Home,COD,Tier_1,777.11,36.91,0,0,Delivered,,0,1,0.0,0.0,0.0,0.0
ORD_0000969,CUST_01223,2023-06-06 22:00:00,Footwear,COD,Tier_3,1988.95,48.57,0,0,Delivered,,0,2,1.0,0.0,0.5,0.0
ORD_0007752,CUST_00007,2023-06-06 22:00:00,Home,Prepaid,Tier_2,1459.27,29.38,0,1,Returned,Wrong Size,1,0,0.0,0.0,0.0,0.0
ORD_0000415,CUST_04533,2023-06-06 22:00:00,Home,COD,Tier_3,1637.89,12.03,1,0,RTO,,1,2,0.0,0.0,0.0,0.0
ORD_0004651,CUST_02549,2023-06-06 23:00:00,Fashion,COD,Tier_3,796.72,6.0,0,0,Delivered,,0,0,0.0,0.0,0.0,0.0
ORD_0007281,CUST_04824,2023-06-07 00:00:00,Footwear,COD,Tier_1,3425.0,9.72,0,0,Delivered,,0,0,0.0,0.0,0.0,0.0
ORD_0005939,CUST_05338,2023-06-07 01:00:00,Footwear,COD,Tier_2,1109.28,10.59,0,1,Returned,Wrong Size,1,3,0.0,0.0,0.0,0.0
ORD_0004539,CUST_04234,2023-06-07 01:00:00,Footwear,Prepaid,Tier_2,957.67,7.92,0,1,Returned,Wrong Size,1,0,0.0,0.0,0.0,0.0
ORD_0006641,CUST_04416,2023-06-07 02:00:00,Fashion,COD,Tier_1,310.05,38.9,0,0,Delivered,,0,0,0.0,0.0,0.0,0.0
ORD_0009014,CUST_03003,2023-06-07 02:00:00,Electronics,Prepaid,Tier_3,760.36,29.59,0,0,Delivered,,0,0,0.0,0.0,0.0,0.0
ORD_0005080,CUST_04840,2023-06-07 04:00:00,Fashion,COD,Tier_1,2944.8,12.47,0,0,Delivered,,0,0,0.0,0.0,0.0,0.0
ORD_0002616,CUST_04006,2023-06-07 04:00:00,Footwear,COD,Tier_2,775.63,45.33,1,0,RTO,,1,0,0.0,0.0,0.0,0.0
ORD_0003131,CUST_02349,2023-06-07 05:00:00,Fashion,COD,Tier_3,1133.85,42.86,0,0,Delivered,,0,0,0.0,0.0,0.0,0.0
ORD_0000280,CUST_03299,2023-06-07 07:00:00,Electronics,COD,Tier_2,380.35,4.96,0,0,Delivered,,0,0,0.0,0.0,0.0,0.0
ORD_0000901,CUST_04509,2023-06-07 09:00:00,Electronics,COD,Tier_1,411.9,34.68,0,0,Delivered,,0,2,1.0,0.0,0.5,0.0
ORD_0008130,CUST_02941,2023-06-07 09:00:00,Electronics,Prepaid,Tier_2,435.25,45.28,0,0,Delivered,,0,1,0.0,0.0,0.0,0.0
ORD_0002697,CUST_01527,2023-06-07 10:00:00,Footwear,Prepaid,Tier_2,875.93,4.49,1,0,RTO,,1,0,0.0,0.0,0.0,0.0
ORD_0001767,CUST_03281,2023-06-07 10:00:00,Home,COD,Tier_3,751.25,32.64,1,0,RTO,,1,0,0.0,0.0,0.0,0.0
ORD_0004793,CUST_01822,2023-06-07 11:00:00,Beauty,Prepaid,Tier_1,2482.22,29.2,0,0,Delivered,,0,1,0.0,0.0,0.0,0.0
ORD_0006585,CUST_04575,2023-06-07 11:00:00,Electronics,COD,Tier_2,317.81,6.64,0,1,Returned,Changed Mind,1,1,0.0,0.0,0.0,0.0
ORD_0005891,CUST_05559,2023-06-07 11:00:00,Beauty,COD,Tier_3,2738.39,7.58,1,0,RTO,,1,1,0.0,0.0,0.0,0.0
ORD_0002073,CUST_03517,2023-06-07 12:00:00,Beauty,COD,Tier_3,2192.5,4.92,1,0,RTO,,1,2,1.0,0.0,0.5,0.0
ORD_0001565,CUST_03525,2023-06-07 13:00:00,Fashion,COD,Tier_2,1688.05,36.97,0,0,Delivered,,0,0,0.0,0.0,0.0,0.0
ORD_0002716,CUST_01580,2023-06-07 13:00:00,Fashion,Prepaid,Tier_3,4763.57,37.64,1,0,RTO,,1,0,0.0,0.0,0.0,0.0
ORD_0008745,CUST_03257,2023-06-07 14:00:00,Electronics,Prepaid,Tier_2,376.03,31.57,0,0,Delivered,,0,0,0.0,0.0,0.0,0.0
ORD_0007726,CUST_05043,2023-06-07 16:00:00,Home,Prepaid,Tier_2,423.24,5.04,0,0,Delivered,,0,0,0.0,0.0,0.0,0.0
ORD_0009414,CUST_04276,2023-06-07 16:00:00,Footwear,COD,Tier_2,1654.02,20.46,0,0,Delivered,,0,0,0.0,0.0,0.0,0.0
ORD_0001003,CUST_04522,2023-06-07 17:00:00,Home,Prepaid,Tier_3,1361.84,34.1,0,0,Delivered,,0,1,0.0,0.0,0.0,0.0
ORD_0007697,CUST_00800,2023-06-07 18:00:00,Fashion,Prepaid,Tier_1,729.83,21.95,0,1,Returned,Wrong Size,1,2,0.0,0.0,0.0,0.0
ORD_0001918,CUST_05615,2023-06-07 20:00:00,Footwear,COD,Tier_3,2240.21,23.94,0,0,Delivered,,0,2,0.0,0.0,0.0,0.0
ORD_0003888,CUST_00598,2023-06-07 21:00:00,Footwear,COD,Tier_1,335.2,37.2,0,0,Delivered,,0,0,0.0,0.0,0.0,0.0
ORD_0005225,CUST_01605,2023-06-07 22:00:00,Fashion,Prepaid,Tier_3,549.1,44.62,0,1,Returned,Not as Expected,1,0,0.0,0.0,0.0,0.0
ORD_0000503,CUST_02690,2023-06-07 22:00:00,Home,COD,Tier_1,644.37,39.92,0,0,Delivered,,0,0,0.0,0.0,0.0,0.0
ORD_0008694,CUST_05464,2023-06-08 03:00:00,Beauty,COD,Tier_2,576.7,5.91,0,0,Delivered,,0,2,0.0,1.0,0.0,0.5
ORD_0006645,CUST_05597,2023-06-08 04:00:00,Fashion,Prepaid,Tier_1,1319.02,47.85,0,0,Delivered,,0,2,0.0,1.0,0.0,0.5
ORD_0004134,CUST_02493,2023-06-08 05:00:00,Footwear,COD,Tier_2,647.1,14.36,1,0,RTO,,1,0,0.0,0.0,0.0,0.0
ORD_0002444,CUST_01763,2023-06-08 05:00:00,Fashion,COD,Tier_2,1771.96,43.01,0,0,Delivered,,0,0,0.0,0.0,0.0,0.0
ORD_0003818,CUST_05325,2023-06-08 06:00:00,Fashion,COD,Tier_1,2890.14,47.83,0,1,Returned,Changed Mind,1,1,0.0,0.0,0.0,0.0
ORD_0008637,CUST_02330,2023-06-08 06:00:00,Beauty,COD,Tier_1,625.97,41.01,0,0,Delivered,,0,0,0.0,0.0,0.0,0.0
ORD_0009008,CUST_05943,2023-06-08 07:00:00,Fashion,COD,Tier_3,1581.49,7.67,0,0,Delivered,,0,0,0.0,0.0,0.0,0.0
ORD_0008224,CUST_00872,2023-06-08 07:00:00,Home,COD,Tier_1,1620.81,22.56,0,1,Returned,Changed Mind,1,2,1.0,1.0,0.5,0.5
ORD_0006316,CUST_03240,2023-06-08 09:00:00,Fashion,Prepaid,Tier_3,386.71,45.9,0,0,Delivered,,0,0,0.0,0.0,0.0,0.0
ORD_0000906,CUST_02220,2023-06-08 10:00:00,Footwear,Prepaid,Tier_2,363.83,7.76,1,0,RTO,,1,0,0.0,0.0,0.0,0.0
ORD_0002283,CUST_01138,2023-06-08 10:00:00,Home,COD,Tier_2,1706.43,49.27,0,0,Delivered,,0,0,0.0,0.0,0.0,0.0
ORD_0003048,CUST_02624,2023-06-08 11:00:00,Footwear,Prepaid,Tier_2,965.05,8.12,0,0,Delivered,,0,0,0.0,0.0,0.0,0.0
ORD_0001544,CUST_00603,2023-06-08 11:00:00,Footwear,COD,Tier_2,438.41,40.12,0,0,Delivered,,0,0,0.0,0.0,0.0,0.0
ORD_0008586,CUST_01233,2023-06-08 12:00:00,Fashion,COD,Tier_2,2701.45,12.9,0,0,Delivered,,0,1,0.0,0.0,0.0,0.0
ORD_0003649,CUST_02873,2023-06-08 12:00:00,Beauty,COD,Tier_3,2287.25,14.39,0,0,Delivered,,0,0,0.0,0.0,0.0,0.0
ORD_0008131,CUST_02732,2023-06-08 13:00:00,Fashion,COD,Tier_1,659.21,33.1,0,0,Delivered,,0,0,0.0,0.0,0.0,0.0
ORD_0009518,CUST_00225,2023-06-08 14:00:00,Footwear,COD,Tier_2,834.29,10.0,0,0,Delivered,,0,1,0.0,0.0,0.0,0.0
ORD_0004550,CUST_01034,2023-06-08 15:00:00,Footwear,Prepaid,Tier_2,2424.47,5.5,0,1,Returned,Changed Mind,1,0,0.0,0.0,0.0,0.0
ORD_0000469,CUST_00843,2023-06-08 19:00:00,Fashion,COD,Tier_2,409.32,47.41,0,0,Delivered,,0,0,0.0,0.0,0.0,0.0
ORD_0009797,CUST_02648,2023-06-08 19:00:00,Footwear,Prepaid,Tier_3,3843.79,36.75,0,0,Delivered,,0,0,0.0,0.0,0.0,0.0
ORD_0000048,CUST_02167,2023-06-08 20:00:00,Home,COD,Tier_1,435.32,20.84,0,1,Returned,Not as Expected,1,1,0.0,0.0,0.0,0.0
ORD_0005391,CUST_00611,2023-06-08 21:00:00,Beauty,COD,Tier_3,321.44,33.03,0,0,Delivered,,0,0,0.0,0.0,0.0,0.0
ORD_0000737,CUST_03512,2023-06-08 22:00:00,Fashion,COD,Tier_3,969.69,16.17,0,0,Delivered,,0,0,0.0,0.0,0.0,0.0
ORD_0003426,CUST_05299,2023-06-08 23:00:00,Fashion,Prepaid,Tier_3,817.49,5.87,0,0,Delivered,,0,0,0.0,0.0,0.0,0.0
ORD_0009023,CUST_03110,2023-06-09 01:00:00,Fashion,COD,Tier_2,2559.8,27.19,0,0,Delivered,,0,0,0.0,0.0,0.0,0.0
ORD_0000164,CUST_03562,2023-06-09 01:00:00,Beauty,COD,Tier_2,720.05,45.18,1,0,RTO,,1,1,0.0,0.0,0.0,0.0
ORD_0005050,CUST_05302,2023-06-09 02:00:00,Footwear,COD,Tier_1,10158.76,17.06,0,0,Delivered,,0,2,0.0,0.0,0.0,0.0
ORD_0003132,CUST_00141,2023-06-09 02:00:00,Fashion,COD,Tier_1,1038.06,27.79,0,0,Delivered,,0,0,0.0,0.0,0.0,0.0
ORD_0005358,CUST_05703,2023-06-09 02:00:00,Fashion,COD,Tier_2,2556.46,12.64,0,0,Delivered,,0,1,0.0,0.0,0.0,0.0
ORD_0006847,CUST_04628,2023-06-09 03:00:00,Fashion,COD,Tier_3,880.61,22.06,0,0,Delivered,,0,0,0.0,0.0,0.0,0.0
ORD_0005227,CUST_00990,2023-06-09 05:00:00,Home,COD,Tier_3,2019.47,28.11,0,0,Delivered,,0,1,0.0,0.0,0.0,0.0
ORD_0006462,CUST_05739,2023-06-09 05:00:00,Fashion,COD,Tier_2,714.98,36.11,0,0,Delivered,,0,1,0.0,0.0,0.0,0.0
ORD_0001785,CUST_05959,2023-06-09 06:00:00,Home,COD,Tier_1,1414.02,34.29,0,0,Delivered,,0,0,0.0,0.0,0.0,0.0
ORD_0007908,CUST_02255,2023-06-09 06:00:00,Footwear,Prepaid,Tier_2,1227.69,21.29,0,0,Delivered,,0,1,0.0,0.0,0.0,0.0
ORD_0004500,CUST_03652,2023-06-09 07:00:00,Fashion,COD,Tier_3,1687.86,36.57,0,0,Delivered,,0,1,0.0,1.0,0.0,1.0
ORD_0001156,CUST_02240,2023-06-09 08:00:00,Fashion,Prepaid,Tier_2,5693.52,40.95,0,0,Delivered,,0,1,0.0,0.0,0.0,0.0
ORD_0008520,CUST_05072,2023-06-09 08:00:00,Fashion,Prepaid,Tier_3,2046.26,44.71,0,0,Delivered,,0,0,0.0,0.0,0.0,0.0
ORD_0003946,CUST_01439,2023-06-09 09:00:00,Home,COD,Tier_3,313.24,21.73,0,0,Delivered,,0,1,0.0,0.0,0.0,0.0
ORD_0008405,CUST_03814,2023-06-09 09:00:00,Footwear,Prepaid,Tier_2,2627.54,20.93,1,0,RTO,,1,0,0.0,0.0,0.0,0.0
ORD_0009563,CUST_01839,2023-06-09 10:00:00,Fashion,COD,Tier_3,675.96,29.59,0,0,Delivered,,0,1,0.0,0.0,0.0,0.0
ORD_0008341,CUST_02739,2023-06-09 10:00:00,Beauty,Prepaid,Tier_2,719.17,14.19,0,0,Delivered,,0,0,0.0,0.0,0.0,0.0
ORD_0003189,CUST_02221,2023-06-09 11:00:00,Home,COD,Tier_3,1110.69,39.89,0,0,Delivered,,0,1,0.0,0.0,0.0,0.0
ORD_0009229,CUST_04855,2023-06-09 13:00:00,Electronics,Prepaid,Tier_2,1599.33,34.1,0,0,Delivered,,0,0,0.0,0.0,0.0,0.0
ORD_0001366,CUST_01645,2023-06-09 13:00:00,Footwear,Prepaid,Tier_1,9083.84,17.76,0,0,Delivered,,0,2,0.0,0.0,0.0,0.0
ORD_0001190,CUST_04452,2023-06-09 14:00:00,Electronics,COD,Tier_2,893.16,9.15,0,0,Delivered,,0,0,0.0,0.0,0.0,0.0
ORD_0007437,CUST_05290,2023-06-09 15:00:00,Beauty,COD,Tier_2,1817.88,49.99,0,0,Delivered,,0,0,0.0,0.0,0.0,0.0
ORD_0007037,CUST_03219,2023-06-09 16:00:00,Beauty,COD,Tier_3,642.93,22.89,1,0,RTO,,1,2,0.0,0.0,0.0,0.0
ORD_0001434,CUST_03717,2023-06-09 16:00:00,Beauty,COD,Tier_2,2764.08,4.32,1,0,RTO,,1,1,0.0,0.0,0.0,0.0
ORD_0000559,CUST_03346,2023-06-09 16:00:00,Footwear,COD,Tier_1,1864.14,21.89,0,0,Delivered,,0,0,0.0,0.0,0.0,0.0
ORD_0008953,CUST_00637,2023-06-09 17:00:00,Beauty,COD,Tier_1,5982.87,45.71,0,0,Delivered,,0,0,0.0,0.0,0.0,0.0
ORD_0000669,CUST_00635,2023-06-09 18:00:00,Beauty,COD,Tier_1,331.76,2.54,0,1,Returned,Changed Mind,1,0,0.0,0.0,0.0,0.0
ORD_0000096,CUST_02212,2023-06-09 19:00:00,Electronics,COD,Tier_2,1000.94,28.23,1,0,RTO,,1,1,0.0,0.0,0.0,0.0
ORD_0009213,CUST_05122,2023-06-09 19:00:00,Fashion,COD,Tier_2,1271.78,30.92,0,0,Delivered,,0,2,0.0,0.0,0.0,0.0
ORD_0003114,CUST_05225,2023-06-09 20:00:00,Fashion,Prepaid,Tier_1,4730.94,44.95,0,0,Delivered,,0,0,0.0,0.0,0.0,0.0
ORD_0006083,CUST_03628,2023-06-09 21:00:00,Beauty,Prepaid,Tier_1,2251.81,5.18,0,0,Delivered,,0,0,0.0,0.0,0.0,0.0
ORD_0008911,CUST_05650,2023-06-09 21:00:00,Footwear,COD,Tier_1,381.06,1.49,0,0,Delivered,,0,0,0.0,0.0,0.0,0.0
ORD_0009109,CUST_04190,2023-06-09 21:00:00,Fashion,Prepaid,Tier_3,1085.39,26.12,0,0,Delivered,,0,1,0.0,0.0,0.0,0.0
ORD_0004235,CUST_02942,2023-06-09 21:00:00,Electronics,COD,Tier_2,670.74,47.5,0,0,Delivered,,0,1,0.0,0.0,0.0,0.0
ORD_0006964,CUST_04776,2023-06-09 23:00:00,Fashion,COD,Tier_1,2154.54,17.72,0,0,Delivered,,0,2,0.0,0.0,0.0,0.0
ORD_0001141,CUST_00113,2023-06-09 23:00:00,Beauty,COD,Tier_2,1153.14,17.11,0,0,Delivered,,0,0,0.0,0.0,0.0,0.0
ORD_0001451,CUST_05655,2023-06-09 23:00:00,Beauty,COD,Tier_2,450.51,27.19,0,0,Delivered,,0,3,0.0,1.0,0.0,0.3333333333333333
ORD_0008777,CUST_02485,2023-06-10 00:00:00,Fashion,Prepaid,Tier_1,1974.67,49.72,0,1,Returned,Defective,1,0,0.0,0.0,0.0,0.0
ORD_0008220,CUST_05008,2023-06-10 02:00:00,Home,Prepaid,Tier_1,1378.55,34.51,0,0,Delivered,,0,1,1.0,0.0,1.0,0.0
ORD_0005686,CUST_04743,2023-06-10 02:00:00,Home,COD,Tier_1,519.78,42.27,0,0,Delivered,,0,2,1.0,1.0,0.5,0.5
ORD_0005264,CUST_05387,2023-06-10 03:00:00,Fashion,COD,Tier_2,772.76,12.99,1,0,RTO,,1,0,0.0,0.0,0.0,0.0
ORD_0002647,CUST_05704,2023-06-10 03:00:00,Fashion,COD,Tier_2,7525.01,45.05,0,0,Delivered,,0,2,0.0,1.0,0.0,0.5
ORD_0007417,CUST_04506,2023-06-10 04:00:00,Fashion,COD,Tier_3,790.28,21.12,0,0,Delivered,,0,0,0.0,0.0,0.0,0.0
ORD_0001500,CUST_05416,2023-06-10 05:00:00,Beauty,Prepaid,Tier_2,2153.03,47.56,0,0,Delivered,,0,2,0.0,0.0,0.0,0.0
ORD_0001627,CUST_00887,2023-06-10 06:00:00,Footwear,COD,Tier_3,3770.23,44.68,0,1,Returned,Not as Expected,1,0,0.0,0.0,0.0,0.0
ORD_0008876,CUST_00775,2023-06-10 06:00:00,Fashion,COD,Tier_2,379.55,37.5,0,1,Returned,Wrong Size,1,0,0.0,0.0,0.0,0.0
ORD_0005131,CUST_04574,2023-06-10 06:00:00,Home,Prepaid,Tier_1,453.67,17.24,0,0,Delivered,,0,0,0.0,0.0,0.0,0.0
ORD_0005505,CUST_05297,2023-06-10 07:00:00,Electronics,COD,Tier_2,682.49,0.09,0,0,Delivered,,0,0,0.0,0.0,0.0,0.0
ORD_0002456,CUST_04397,2023-06-10 09:00:00,Home,COD,Tier_1,3946.31,39.5,1,0,RTO,,1,0,0.0,0.0,0.0,0.0
ORD_0003760,CUST_02052,2023-06-10 11:00:00,Fashion,COD,Tier_2,2772.28,14.48,0,0,Delivered,,0,0,0.0,0.0,0.0,0.0
ORD_0009822,CUST_03542,2023-06-10 12:00:00,Fashion,Prepaid,Tier_1,770.51,14.6,0,1,Returned,Changed Mind,1,0,0.0,0.0,0.0,0.0
ORD_0006857,CUST_03219,2023-06-10 15:00:00,Fashion,COD,Tier_3,2267.43,4.16,0,0,Delivered,,0,3,0.0,1.0,0.0,0.3333333333333333
ORD_0007050,CUST_01970,2023-06-10 15:00:00,Home,COD,Tier_1,2265.49,32.4,0,0,Delivered,,0,2,0.0,1.0,0.0,0.5
ORD_0006306,CUST_02815,2023-06-10 15:00:00,Footwear,COD,Tier_2,349.35,42.86,0,1,Returned,Wrong Size,1,0,0.0,0.0,0.0,0.0
ORD_0000947,CUST_00841,2023-06-10 16:00:00,Fashion,Prepaid,Tier_3,733.88,49.48,0,0,Delivered,,0,1,0.0,0.0,0.0,0.0
ORD_0002002,CUST_03681,2023-06-10 17:00:00,Electronics,Prepaid,Tier_2,928.38,15.58,0,0,Delivered,,0,1,0.0,1.0,0.0,1.0
ORD_0003051,CUST_02564,2023-06-10 18:00:00,Fashion,COD,Tier_3,3374.87,9.54,0,0,Delivered,,0,0,0.0,0.0,0.0,0.0
ORD_0009585,CUST_03015,2023-06-10 19:00:00,Home,COD,Tier_1,386.7,39.63,0,0,Delivered,,0,1,0.0,0.0,0.0,0.0
ORD_0000107,CUST_03287,2023-06-10 20:00:00,Fashion,COD,Tier_3,646.14,19.11,1,0,RTO,,1,0,0.0,0.0,0.0,0.0
ORD_0002715,CUST_02236,2023-06-10 20:00:00,Footwear,Prepaid,Tier_2,2129.89,37.01,0,1,Returned,Wrong Size,1,1,0.0,0.0,0.0,0.0
ORD_0000167,CUST_00027,2023-06-10 22:00:00,Home,Prepaid,Tier_2,1019.82,46.64,0,0,Delivered,,0,0,0.0,0.0,0.0,0.0
ORD_0007742,CUST_00067,2023-06-10 22:00:00,Fashion,COD,Tier_3,1448.8,17.89,0,1,Returned,Wrong Size,1,2,1.0,0.0,0.5,0.0
ORD_0003013,CUST_04579,2023-06-10 23:00:00,Fashion,Prepaid,Tier_2,866.7,47.73,0,0,Delivered,,0,0,0.0,0.0,0.0,0.0
ORD_0008161,CUST_00696,2023-06-11 00:00:00,Beauty,Prepaid,Tier_1,755.51,29.01,0,0,Delivered,,0,1,0.0,0.0,0.0,0.0
ORD_0003485,CUST_05548,2023-06-11 02:00:00,Fashion,COD,Tier_1,552.78,46.62,0,0,Delivered,,0,1,0.0,0.0,0.0,0.0
ORD_0000612,CUST_03893,2023-06-11 03:00:00,Fashion,Prepaid,Tier_2,2200.79,18.57,0,0,Delivered,,0,1,0.0,1.0,0.0,1.0
ORD_0005043,CUST_03490,2023-06-11 06:00:00,Fashion,Prepaid,Tier_1,644.47,2.09,1,0,RTO,,1,0,0.0,0.0,0.0,0.0
ORD_0009074,CUST_05543,2023-06-11 07:00:00,Beauty,Prepaid,Tier_3,2710.32,28.65,1,0,RTO,,1,1,0.0,1.0,0.0,1.0
ORD_0008201,CUST_00303,2023-06-11 08:00:00,Beauty,COD,Tier_3,1195.23,44.11,0,0,Delivered,,0,1,0.0,1.0,0.0,1.0
ORD_0009643,CUST_04893,2023-06-11 09:00:00,Fashion,COD,Tier_2,873.34,45.14,0,0,Delivered,,0,1,0.0,0.0,0.0,0.0
ORD_0009073,CUST_05395,2023-06-11 10:00:00,Fashion,COD,Tier_2,681.83,45.62,0,0,Delivered,,0,1,0.0,1.0,0.0,1.0
ORD_0001352,CUST_05295,2023-06-11 11:00:00,Electronics,Prepaid,Tier_2,789.63,12.09,0,0,Delivered,,0,0,0.0,0.0,0.0,0.0
ORD_0002089,CUST_04157,2023-06-11 12:00:00,Home,Prepaid,Tier_1,332.49,20.12,0,0,Delivered,,0,1,0.0,0.0,0.0,0.0
ORD_0002575,CUST_05010,2023-06-11 14:00:00,Electronics,COD,Tier_2,557.01,9.05,0,0,Delivered,,0,1,0.0,0.0,0.0,0.0
ORD_0009418,CUST_02063,2023-06-11 14:00:00,Fashion,COD,Tier_3,2565.29,20.63,1,0,RTO,,1,0,0.0,0.0,0.0,0.0
ORD_0002827,CUST_04181,2023-06-11 15:00:00,Fashion,COD,Tier_3,400.36,43.16,1,0,RTO,,1,0,0.0,0.0,0.0,0.0
ORD_0003766,CUST_00425,2023-06-11 16:00:00,Fashion,COD,Tier_3,2445.14,19.81,0,0,Delivered,,0,0,0.0,0.0,0.0,0.0
ORD_0004830,CUST_03855,2023-06-11 18:00:00,Fashion,COD,Tier_2,554.38,17.62,0,0,Delivered,,0,1,0.0,1.0,0.0,1.0
ORD_0005474,CUST_04235,2023-06-11 18:00:00,Fashion,Prepaid,Tier_1,1353.06,39.75,0,0,Delivered,,0,1,0.0,0.0,0.0,0.0
ORD_0004120,CUST_02573,2023-06-11 19:00:00,Electronics,COD,Tier_3,737.76,9.44,1,0,RTO,,1,0,0.0,0.0,0.0,0.0
ORD_0009467,CUST_01964,2023-06-11 19:00:00,Beauty,Prepaid,Tier_1,624.23,15.16,0,0,Delivered,,0,0,0.0,0.0,0.0,0.0
ORD_0009138,CUST_00627,2023-06-11 19:00:00,Fashion,COD,Tier_2,933.06,28.76,0,1,Returned,Wrong Size,1,0,0.0,0.0,0.0,0.0
ORD_0008029,CUST_04911,2023-06-11 20:00:00,Electronics,COD,Tier_1,1261.09,46.12,0,0,Delivered,,0,1,0.0,0.0,0.0,0.0
ORD_0003910,CUST_04405,2023-06-11 20:00:00,Footwear,Prepaid,Tier_1,418.84,43.31,0,1,Returned,Changed Mind,1,0,0.0,0.0,0.0,0.0
ORD_0009811,CUST_01706,2023-06-11 20:00:00,Fashion,COD,Tier_2,3399.13,37.99,0,0,Delivered,,0,0,0.0,0.0,0.0,0.0
ORD_0005834,CUST_05964,2023-06-11 21:00:00,Fashion,COD,Tier_3,789.16,22.08,1,0,RTO,,1,1,0.0,0.0,0.0,0.0
ORD_0002217,CUST_04647,2023-06-11 21:00:00,Footwear,COD,Tier_3,563.49,12.7,0,0,Delivered,,0,2,0.0,0.0,0.0,0.0
ORD_0008754,CUST_02826,2023-06-11 22:00:00,Fashion,Prepaid,Tier_2,3420.55,30.03,0,0,Delivered,,0,1,0.0,0.0,0.0,0.0
ORD_0007009,CUST_00326,2023-06-11 22:00:00,Footwear,COD,Tier_3,428.32,17.43,1,0,RTO,,1,0,0.0,0.0,0.0,0.0
ORD_0008212,CUST_01070,2023-06-11 23:00:00,Electronics,Prepaid,Tier_2,628.75,21.16,0,1,Returned,Wrong Size,1,1,0.0,0.0,0.0,0.0
ORD_0006147,CUST_04036,2023-06-11 23:00:00,Home,COD,Tier_3,1114.07,13.16,1,0,RTO,,1,0,0.0,0.0,0.0,0.0
ORD_0006928,CUST_03063,2023-06-11 23:00:00,Home,Prepaid,Tier_1,332.17,47.55,0,0,Delivered,,0,0,0.0,0.0,0.0,0.0
ORD_0007758,CUST_00256,2023-06-12 01:00:00,Fashion,COD,Tier_3,427.81,1.88,1,0,RTO,,1,1,0.0,0.0,0.0,0.0
ORD_0000797,CUST_01625,2023-06-12 03:00:00,Footwear,COD,Tier_3,620.5,41.09,0,0,Delivered,,0,0,0.0,0.0,0.0,0.0
ORD_0000717,CUST_00238,2023-06-12 06:00:00,Electronics,Prepaid,Tier_1,2695.14,5.96,0,0,Delivered,,0,3,1.0,1.0,0.3333333333333333,0.3333333333333333
ORD_0002667,CUST_00824,2023-06-12 10:00:00,Footwear,COD,Tier_3,4210.53,10.65,0,0,Delivered,,0,2,1.0,0.0,0.5,0.0
ORD_0001381,CUST_01154,2023-06-12 11:00:00,Footwear,Prepaid,Tier_3,4859.41,47.01,1,0,RTO,,1,0,0.0,0.0,0.0,0.0
ORD_0009584,CUST_00730,2023-06-12 12:00:00,Footwear,COD,Tier_2,325.45,22.98,0,0,Delivered,,0,0,0.0,0.0,0.0,0.0
ORD_0004616,CUST_00404,2023-06-12 15:00:00,Footwear,Prepaid,Tier_1,1692.83,39.87,0,0,Delivered,,0,2,0.0,0.0,0.0,0.0
ORD_0004969,CUST_05696,2023-06-12 15:00:00,Fashion,COD,Tier_1,1200.68,26.32,1,0,RTO,,1,2,0.0,1.0,0.0,0.5
ORD_0007115,CUST_00652,2023-06-12 18:00:00,Fashion,Prepaid,Tier_1,555.43,17.02,0,1,Returned,Not as Expected,1,0,0.0,0.0,0.0,0.0
ORD_0008502,CUST_05719,2023-06-12 18:00:00,Electronics,Prepaid,Tier_3,3771.2,40.38,0,1,Returned,Wrong Size,1,0,0.0,0.0,0.0,0.0
ORD_0005842,CUST_03946,2023-06-12 19:00:00,Electronics,COD,Tier_3,1509.52,11.63,0,1,Returned,Defective,1,0,0.0,0.0,0.0,0.0
ORD_0009468,CUST_02073,2023-06-13 00:00:00,Footwear,COD,Tier_2,937.23,18.01,0,0,Delivered,,0,0,0.0,0.0,0.0,0.0
ORD_0008206,CUST_03861,2023-06-13 00:00:00,Fashion,COD,Tier_3,1394.94,47.27,0,0,Delivered,,0,0,0.0,0.0,0.0,0.0
ORD_0005025,CUST_05928,2023-06-13 03:00:00,Home,COD,Tier_2,1099.99,33.98,1,0,RTO,,1,1,1.0,0.0,1.0,0.0
ORD_0001027,CUST_01621,2023-06-13 05:00:00,Fashion,COD,Tier_2,793.9,44.75,1,0,RTO,,1,0,0.0,0.0,0.0,0.0
ORD_0002460,CUST_01098,2023-06-13 08:00:00,Footwear,COD,Tier_2,634.97,41.81,0,0,Delivered,,0,0,0.0,0.0,0.0,0.0
ORD_0005994,CUST_00723,2023-06-13 08:00:00,Electronics,Prepaid,Tier_1,961.35,5.9,0,0,Delivered,,0,0,0.0,0.0,0.0,0.0
ORD_0009087,CUST_02775,2023-06-13 10:00:00,Fashion,Prepaid,Tier_1,405.78,4.28,1,0,RTO,,1,0,0.0,0.0,0.0,0.0
ORD_0000899,CUST_02817,2023-06-13 11:00:00,Electronics,Prepaid,Tier_1,1655.58,6.57,0,1,Returned,Wrong Size,1,2,0.0,1.0,0.0,0.5
ORD_0009413,CUST_00989,2023-06-13 11:00:00,Fashion,Prepaid,Tier_1,1433.44,2.29,0,1,Returned,Defective,1,0,0.0,0.0,0.0,0.0
ORD_0001403,CUST_03044,2023-06-13 12:00:00,Home,Prepaid,Tier_3,3059.74,21.02,0,0,Delivered,,0,0,0.0,0.0,0.0,0.0
ORD_0004758,CUST_02664,2023-06-13 13:00:00,Electronics,COD,Tier_2,2874.3,27.67,1,0,RTO,,1,0,0.0,0.0,0.0,0.0
ORD_0001221,CUST_00126,2023-06-13 15:00:00,Footwear,COD,Tier_3,893.57,29.32,1,0,RTO,,1,1,0.0,0.0,0.0,0.0
ORD_0000753,CUST_00671,2023-06-13 16:00:00,Footwear,COD,Tier_2,508.17,9.53,0,1,Returned,Wrong Size,1,1,0.0,0.0,0.0,0.0
ORD_0000665,CUST_05135,2023-06-13 18:00:00,Home,Prepaid,Tier_2,1169.84,8.76,0,0,Delivered,,0,2,0.0,2.0,0.0,1.0
ORD_0004584,CUST_04817,2023-06-13 18:00:00,Electronics,COD,Tier_2,524.69,33.54,1,0,RTO,,1,1,0.0,0.0,0.0,0.0
ORD_0008442,CUST_03423,2023-06-13 19:00:00,Home,COD,Tier_2,961.2,41.75,1,0,RTO,,1,0,0.0,0.0,0.0,0.0
ORD_0006584,CUST_02595,2023-06-13 19:00:00,Footwear,COD,Tier_1,1420.76,19.04,0,0,Delivered,,0,0,0.0,0.0,0.0,0.0
ORD_0000627,CUST_05375,2023-06-13 19:00:00,Fashion,COD,Tier_3,5385.86,22.73,0,0,Delivered,,0,0,0.0,0.0,0.0,0.0
ORD_0005326,CUST_00873,2023-06-13 20:00:00,Electronics,Prepaid,Tier_2,729.62,28.21,0,0,Delivered,,0,2,0.0,0.0,0.0,0.0
ORD_0007094,CUST_05218,2023-06-13 21:00:00,Electronics,Prepaid,Tier_3,308.27,32.55,1,0,RTO,,1,1,0.0,0.0,0.0,0.0
ORD_0001623,CUST_01268,2023-06-14 01:00:00,Home,COD,Tier_2,411.85,7.41,0,0,Delivered,,0,1,0.0,0.0,0.0,0.0
ORD_0004939,CUST_01009,2023-06-14 04:00:00,Fashion,COD,Tier_2,438.44,4.28,0,0,Delivered,,0,0,0.0,0.0,0.0,0.0
ORD_0000097,CUST_05243,2023-06-14 05:00:00,Fashion,COD,Tier_3,775.43,37.12,0,0,Delivered,,0,0,0.0,0.0,0.0,0.0
ORD_0003261,CUST_01264,2023-06-14 05:00:00,Electronics,Prepaid,Tier_2,2180.89,14.92,0,0,Delivered,,0,2,1.0,0.0,0.5,0.0
ORD_0005871,CUST_05607,2023-06-14 07:00:00,Fashion,Prepaid,Tier_2,577.87,32.26,0,0,Delivered,,0,1,0.0,0.0,0.0,0.0
ORD_0009687,CUST_00958,2023-06-14 07:00:00,Home,COD,Tier_3,1025.36,2.54,1,0,RTO,,1,1,0.0,0.0,0.0,0.0
ORD_0003807,CUST_01124,2023-06-14 09:00:00,Fashion,COD,Tier_3,3539.07,6.63,0,1,Returned,Wrong Size,1,0,0.0,0.0,0.0,0.0
ORD_0008636,CUST_02893,2023-06-14 09:00:00,Electronics,COD,Tier_1,2238.56,11.74,1,0,RTO,,1,1,0.0,0.0,0.0,0.0
ORD_0005105,CUST_05772,2023-06-14 11:00:00,Fashion,COD,Tier_1,3525.39,24.53,0,0,Delivered,,0,0,0.0,0.0,0.0,0.0
ORD_0001215,CUST_02720,2023-06-14 12:00:00,Fashion,Prepaid,Tier_2,1441.24,10.18,0,1,Returned,Wrong Size,1,1,0.0,1.0,0.0,1.0
ORD_0000706,CUST_03195,2023-06-14 12:00:00,Home,COD,Tier_2,348.93,23.48,0,0,Delivered,,0,0,0.0,0.0,0.0,0.0
ORD_0003466,CUST_04269,2023-06-14 12:00:00,Fashion,Prepaid,Tier_2,3507.14,41.37,0,0,Delivered,,0,3,2.0,0.0,0.6666666666666666,0.0
ORD_0005759,CUST_03086,2023-06-14 14:00:00,Electronics,COD,Tier_3,647.73,23.22,0,0,Delivered,,0,2,1.0,0.0,0.5,0.0
ORD_0004222,CUST_02292,2023-06-14 14:00:00,Electronics,COD,Tier_1,1261.35,13.72,0,0,Delivered,,0,1,1.0,0.0,1.0,0.0
ORD_0001208,CUST_05342,2023-06-14 14:00:00,Fashion,Prepaid,Tier_1,1831.81,4.72,0,1,Returned,Changed Mind,1,0,0.0,0.0,0.0,0.0
ORD_0008449,CUST_04351,2023-06-14 15:00:00,Home,COD,Tier_1,1548.39,36.34,1,0,RTO,,1,3,0.0,2.0,0.0,0.6666666666666666
ORD_0007952,CUST_03902,2023-06-14 15:00:00,Beauty,COD,Tier_1,3548.96,0.83,0,1,Returned,Not as Expected,1,1,0.0,0.0,0.0,0.0
ORD_0006332,CUST_05741,2023-06-14 16:00:00,Fashion,COD,Tier_1,732.62,8.4,0,0,Delivered,,0,4,0.0,0.0,0.0,0.0
ORD_0008918,CUST_03419,2023-06-14 16:00:00,Footwear,COD,Tier_1,446.21,32.87,0,0,Delivered,,0,0,0.0,0.0,0.0,0.0
ORD_0003839,CUST_03518,2023-06-14 17:00:00,Home,COD,Tier_3,832.06,24.56,0,0,Delivered,,0,1,0.0,1.0,0.0,1.0
ORD_0009471,CUST_02534,2023-06-14 17:00:00,Fashion,Prepaid,Tier_3,5320.68,42.95,0,0,Delivered,,0,1,0.0,0.0,0.0,0.0
ORD_0007573,CUST_01404,2023-06-14 19:00:00,Home,COD,Tier_2,1554.01,26.7,0,0,Delivered,,0,0,0.0,0.0,0.0,0.0
ORD_0005198,CUST_02977,2023-06-14 21:00:00,Footwear,COD,Tier_1,1024.53,28.18,1,0,RTO,,1,2,0.0,0.0,0.0,0.0
ORD_0000514,CUST_00227,2023-06-14 21:00:00,Electronics,Prepaid,Tier_3,3773.01,27.82,0,1,Returned,Wrong Size,1,0,0.0,0.0,0.0,0.0
ORD_0001369,CUST_02998,2023-06-15 00:00:00,Beauty,COD,Tier_2,2107.01,41.28,1,0,RTO,,1,1,0.0,0.0,0.0,0.0
ORD_0001943,CUST_00310,2023-06-15 00:00:00,Home,Prepaid,Tier_1,374.68,48.94,0,0,Delivered,,0,1,0.0,1.0,0.0,1.0
ORD_0006259,CUST_03686,2023-06-15 01:00:00,Footwear,COD,Tier_3,1389.82,17.03,1,0,RTO,,1,1,1.0,0.0,1.0,0.0
ORD_0005240,CUST_01010,2023-06-15 01:00:00,Home,COD,Tier_3,916.53,11.19,0,0,Delivered,,0,0,0.0,0.0,0.0,0.0
ORD_0002001,CUST_02235,2023-06-15 01:00:00,Home,Prepaid,Tier_1,3069.95,48.66,0,0,Delivered,,0,0,0.0,0.0,0.0,0.0
ORD_0007750,CUST_04497,2023-06-15 03:00:00,Fashion,COD,Tier_2,1370.42,25.14,1,0,RTO,,1,1,0.0,0.0,0.0,0.0
ORD_0009004,CUST_02309,2023-06-15 04:00:00,Home,COD,Tier_3,402.12,47.57,0,0,Delivered,,0,1,0.0,0.0,0.0,0.0
ORD_0001421,CUST_03345,2023-06-15 05:00:00,Fashion,COD,Tier_3,2590.59,7.9,0,0,Delivered,,0,0,0.0,0.0,0.0,0.0
ORD_0006026,CUST_05722,2023-06-15 07:00:00,Electronics,Prepaid,Tier_2,451.54,16.58,0,1,Returned,Wrong Size,1,0,0.0,0.0,0.0,0.0
ORD_0002357,CUST_05116,2023-06-15 08:00:00,Electronics,COD,Tier_1,326.5,10.66,0,0,Delivered,,0,0,0.0,0.0,0.0,0.0
ORD_0005888,CUST_04944,2023-06-15 12:00:00,Fashion,COD,Tier_1,1558.2,49.91,0,1,Returned,Changed Mind,1,1,0.0,0.0,0.0,0.0
ORD_0006756,CUST_02650,2023-06-15 13:00:00,Fashion,Prepaid,Tier_2,883.26,32.8,0,0,Delivered,,0,1,1.0,0.0,1.0,0.0
ORD_0004697,CUST_00407,2023-06-15 13:00:00,Footwear,Prepaid,Tier_1,1236.29,39.3,0,0,Delivered,,0,1,0.0,1.0,0.0,1.0
ORD_0004196,CUST_04065,2023-06-15 14:00:00,Fashion,COD,Tier_3,3640.12,4.18,0,0,Delivered,,0,2,0.0,1.0,0.0,0.5
ORD_0000188,CUST_02656,2023-06-15 14:00:00,Home,COD,Tier_2,420.71,47.48,0,0,Delivered,,0,0,0.0,0.0,0.0,0.0
ORD_0002226,CUST_00630,2023-06-15 16:00:00,Beauty,COD,Tier_3,816.94,16.16,0,0,Delivered,,0,1,0.0,1.0,0.0,1.0
ORD_0007707,CUST_03105,2023-06-15 17:00:00,Beauty,COD,Tier_3,391.54,8.26,0,0,Delivered,,0,3,2.0,0.0,0.6666666666666666,0.0
ORD_0005237,CUST_05188,2023-06-15 18:00:00,Fashion,COD,Tier_3,792.9,33.14,0,0,Delivered,,0,0,0.0,0.0,0.0,0.0
ORD_0007149,CUST_03749,2023-06-15 18:00:00,Fashion,COD,Tier_1,516.46,47.24,0,1,Returned,Wrong Size,1,1,1.0,0.0,1.0,0.0
ORD_0005259,CUST_01423,2023-06-15 19:00:00,Footwear,Prepaid,Tier_2,539.65,37.74,0,0,Delivered,,0,0,0.0,0.0,0.0,0.0
ORD_0005967,CUST_01132,2023-06-15 21:00:00,Fashion,COD,Tier_2,4885.88,49.6,0,0,Delivered,,0,0,0.0,0.0,0.0,0.0
ORD_0000877,CUST_04549,2023-06-15 22:00:00,Fashion,Prepaid,Tier_3,521.99,15.54,0,0,Delivered,,0,0,0.0,0.0,0.0,0.0
ORD_0003367,CUST_04620,2023-06-15 23:00:00,Fashion,COD,Tier_3,2264.2,12.66,0,0,Delivered,,0,1,0.0,1.0,0.0,1.0
ORD_0004051,CUST_01234,2023-06-15 23:00:00,Fashion,COD,Tier_3,1715.82,13.43,0,0,Delivered,,0,0,0.0,0.0,0.0,0.0
ORD_0005619,CUST_04757,2023-06-16 00:00:00,Footwear,Prepaid,Tier_1,382.58,42.25,0,0,Delivered,,0,0,0.0,0.0,0.0,0.0
ORD_0002651,CUST_05044,2023-06-16 01:00:00,Footwear,Prepaid,Tier_3,880.06,40.18,0,0,Delivered,,0,2,0.0,1.0,0.0,0.5
ORD_0000619,CUST_01593,2023-06-16 03:00:00,Electronics,Prepaid,Tier_1,1331.94,26.42,0,0,Delivered,,0,0,0.0,0.0,0.0,0.0
ORD_0008079,CUST_01179,2023-06-16 04:00:00,Footwear,COD,Tier_2,5359.5,2.69,0,0,Delivered,,0,0,0.0,0.0,0.0,0.0
ORD_0005747,CUST_05313,2023-06-16 04:00:00,Footwear,COD,Tier_3,1032.25,17.64,0,1,Returned,Wrong Size,1,1,0.0,0.0,0.0,0.0
ORD_0004199,CUST_05597,2023-06-16 04:00:00,Fashion,COD,Tier_3,1673.16,34.41,0,0,Delivered,,0,3,0.0,1.0,0.0,0.3333333333333333
ORD_0001433,CUST_03184,2023-06-16 06:00:00,Beauty,COD,Tier_2,5778.42,46.79,0,1,Returned,Changed Mind,1,2,0.0,0.0,0.0,0.0
ORD_0008564,CUST_02395,2023-06-16 08:00:00,Fashion,COD,Tier_3,1462.7,20.23,0,0,Delivered,,0,0,0.0,0.0,0.0,0.0
ORD_0003893,CUST_02148,2023-06-16 09:00:00,Fashion,Prepaid,Tier_1,1137.46,26.02,0,1,Returned,Changed Mind,1,1,0.0,0.0,0.0,0.0
ORD_0007255,CUST_05834,2023-06-16 09:00:00,Electronics,COD,Tier_1,1532.63,30.69,0,0,Delivered,,0,1,0.0,0.0,0.0,0.0
ORD_0000749,CUST_03106,2023-06-16 09:00:00,Footwear,COD,Tier_2,5367.03,12.03,1,0,RTO,,1,3,0.0,1.0,0.0,0.3333333333333333
ORD_0009710,CUST_00436,2023-06-16 09:00:00,Fashion,COD,Tier_2,2548.01,0.31,0,1,Returned,Wrong Size,1,1,0.0,0.0,0.0,0.0
ORD_0005003,CUST_02420,2023-06-16 10:00:00,Home,COD,Tier_1,4079.2,20.57,0,0,Delivered,,0,0,0.0,0.0,0.0,0.0
ORD_0007982,CUST_02234,2023-06-16 11:00:00,Home,COD,Tier_1,2530.75,6.17,0,0,Delivered,,0,0,0.0,0.0,0.0,0.0
ORD_0000427,CUST_04141,2023-06-16 11:00:00,Fashion,COD,Tier_2,1660.78,31.62,0,1,Returned,Wrong Size,1,0,0.0,0.0,0.0,0.0
ORD_0001083,CUST_04029,2023-06-16 12:00:00,Beauty,Prepaid,Tier_3,1103.69,44.15,0,0,Delivered,,0,2,0.0,1.0,0.0,0.5
ORD_0007613,CUST_05723,2023-06-16 14:00:00,Beauty,Prepaid,Tier_1,4121.22,48.9,0,0,Delivered,,0,0,0.0,0.0,0.0,0.0
ORD_0009524,CUST_03633,2023-06-16 17:00:00,Footwear,Prepaid,Tier_2,1001.86,33.28,0,0,Delivered,,0,0,0.0,0.0,0.0,0.0
ORD_0006155,CUST_02584,2023-06-16 17:00:00,Fashion,COD,Tier_3,1816.08,40.75,1,0,RTO,,1,0,0.0,0.0,0.0,0.0
ORD_0000644,CUST_05469,2023-06-16 18:00:00,Footwear,Prepaid,Tier_1,1518.94,13.81,0,0,Delivered,,0,0,0.0,0.0,0.0,0.0
ORD_0000275,CUST_05517,2023-06-16 19:00:00,Beauty,COD,Tier_2,528.6,3.32,0,0,Delivered,,0,0,0.0,0.0,0.0,0.0
ORD_0003925,CUST_05324,2023-06-16 22:00:00,Fashion,Prepaid,Tier_3,1671.26,2.36,0,1,Returned,Changed Mind,1,3,0.0,0.0,0.0,0.0
ORD_0008820,CUST_05456,2023-06-16 22:00:00,Home,COD,Tier_3,4598.18,7.23,1,0,RTO,,1,1,0.0,1.0,0.0,1.0
ORD_0004210,CUST_05031,2023-06-16 22:00:00,Home,Prepaid,Tier_2,2337.64,12.7,0,0,Delivered,,0,1,0.0,0.0,0.0,0.0
ORD_0007273,CUST_04077,2023-06-17 00:00:00,Fashion,COD,Tier_2,3367.04,29.77,0,0,Delivered,,0,1,0.0,0.0,0.0,0.0
ORD_0006480,CUST_00068,2023-06-17 00:00:00,Beauty,COD,Tier_1,621.16,3.01,1,0,RTO,,1,0,0.0,0.0,0.0,0.0
ORD_0003547,CUST_02437,2023-06-17 00:00:00,Home,COD,Tier_2,2391.24,28.54,0,0,Delivered,,0,2,0.0,0.0,0.0,0.0
ORD_0007079,CUST_00556,2023-06-17 01:00:00,Footwear,Prepaid,Tier_3,2250.22,26.26,0,0,Delivered,,0,0,0.0,0.0,0.0,0.0
ORD_0002419,CUST_00415,2023-06-17 01:00:00,Electronics,Prepaid,Tier_3,1996.35,49.87,0,1,Returned,Not as Expected,1,1,0.0,0.0,0.0,0.0
ORD_0009817,CUST_05359,2023-06-17 01:00:00,Home,COD,Tier_3,2955.97,47.14,0,0,Delivered,,0,0,0.0,0.0,0.0,0.0
ORD_0002732,CUST_01438,2023-06-17 02:00:00,Footwear,COD,Tier_2,1365.16,36.12,1,0,RTO,,1,0,0.0,0.0,0.0,0.0
ORD_0005100,CUST_00519,2023-06-17 02:00:00,Beauty,Prepaid,Tier_2,4874.26,18.27,0,0,Delivered,,0,2,0.0,0.0,0.0,0.0
ORD_0004883,CUST_03141,2023-06-17 03:00:00,Fashion,COD,Tier_3,350.34,14.93,0,0,Delivered,,0,0,0.0,0.0,0.0,0.0
ORD_0000531,CUST_03156,2023-06-17 04:00:00,Electronics,COD,Tier_3,3011.26,41.48,0,0,Delivered,,0,0,0.0,0.0,0.0,0.0
ORD_0000056,CUST_04523,2023-06-17 06:00:00,Home,COD,Tier_3,1326.2,47.07,0,0,Delivered,,0,1,1.0,0.0,1.0,0.0
ORD_0009632,CUST_03842,2023-06-17 06:00:00,Beauty,Prepaid,Tier_3,576.42,4.25,0,0,Delivered,,0,0,0.0,0.0,0.0,0.0
ORD_0002928,CUST_01780,2023-06-17 06:00:00,Fashion,COD,Tier_2,510.18,43.79,0,1,Returned,Wrong Size,1,1,1.0,0.0,1.0,0.0
ORD_0006952,CUST_04287,2023-06-17 08:00:00,Footwear,COD,Tier_2,748.97,8.25,0,0,Delivered,,0,0,0.0,0.0,0.0,0.0
ORD_0005370,CUST_00107,2023-06-17 08:00:00,Home,COD,Tier_3,2512.55,28.54,1,0,RTO,,1,0,0.0,0.0,0.0,0.0
ORD_0002635,CUST_05851,2023-06-17 08:00:00,Footwear,COD,Tier_2,936.95,1.42,1,0,RTO,,1,0,0.0,0.0,0.0,0.0
ORD_0000759,CUST_01837,2023-06-17 09:00:00,Home,Prepaid,Tier_1,1070.29,20.66,0,0,Delivered,,0,2,1.0,0.0,0.5,0.0
ORD_0008263,CUST_00819,2023-06-17 09:00:00,Fashion,COD,Tier_3,4596.02,40.13,0,0,Delivered,,0,0,0.0,0.0,0.0,0.0
ORD_0008165,CUST_01147,2023-06-17 10:00:00,Electronics,Prepaid,Tier_3,504.48,46.6,1,0,RTO,,1,1,0.0,0.0,0.0,0.0
ORD_0004813,CUST_01500,2023-06-17 11:00:00,Footwear,Prepaid,Tier_3,361.89,25.28,1,0,RTO,,1,1,0.0,0.0,0.0,0.0
ORD_0001270,CUST_03529,2023-06-17 13:00:00,Home,COD,Tier_3,349.43,33.55,0,0,Delivered,,0,0,0.0,0.0,0.0,0.0
ORD_0003960,CUST_01368,2023-06-17 15:00:00,Footwear,COD,Tier_3,2613.31,22.12,0,0,Delivered,,0,1,0.0,1.0,0.0,1.0
ORD_0007891,CUST_04693,2023-06-17 15:00:00,Electronics,Prepaid,Tier_2,456.32,45.78,0,0,Delivered,,0,0,0.0,0.0,0.0,0.0
ORD_0007798,CUST_01125,2023-06-17 17:00:00,Fashion,Prepaid,Tier_2,747.42,19.63,0,0,Delivered,,0,2,0.0,0.0,0.0,0.0
ORD_0002771,CUST_03322,2023-06-17 17:00:00,Footwear,Prepaid,Tier_1,3384.15,38.67,0,1,Returned,Not as Expected,1,3,2.0,0.0,0.6666666666666666,0.0
ORD_0008704,CUST_00329,2023-06-17 17:00:00,Fashion,COD,Tier_3,1250.63,12.25,0,0,Delivered,,0,0,0.0,0.0,0.0,0.0
ORD_0007811,CUST_03687,2023-06-17 17:00:00,Fashion,COD,Tier_1,760.23,28.48,0,0,Delivered,,0,0,0.0,0.0,0.0,0.0
ORD_0006249,CUST_03264,2023-06-17 18:00:00,Footwear,COD,Tier_1,5793.94,41.5,0,0,Delivered,,0,0,0.0,0.0,0.0,0.0
ORD_0003870,CUST_01975,2023-06-17 19:00:00,Footwear,COD,Tier_1,1758.23,38.34,0,0,Delivered,,0,0,0.0,0.0,0.0,0.0
ORD_0007331,CUST_00294,2023-06-17 19:00:00,Footwear,COD,Tier_2,5076.01,16.61,0,1,Returned,Wrong Size,1,0,0.0,0.0,0.0,0.0
ORD_0006339,CUST_00523,2023-06-17 20:00:00,Footwear,Prepaid,Tier_3,4556.28,12.41,0,1,Returned,Not as Expected,1,1,0.0,1.0,0.0,1.0
ORD_0001351,CUST_05141,2023-06-17 20:00:00,Fashion,COD,Tier_1,552.2,14.55,0,0,Delivered,,0,0,0.0,0.0,0.0,0.0
ORD_0004052,CUST_00053,2023-06-17 21:00:00,Fashion,Prepaid,Tier_2,2301.56,1.82,0,1,Returned,Wrong Size,1,0,0.0,0.0,0.0,0.0
ORD_0002192,CUST_03564,2023-06-17 22:00:00,Electronics,COD,Tier_2,3516.62,6.14,1,0,RTO,,1,1,0.0,1.0,0.0,1.0
ORD_0004361,CUST_04935,2023-06-17 22:00:00,Beauty,COD,Tier_1,1059.49,26.88,1,0,RTO,,1,1,0.0,0.0,0.0,0.0
ORD_0005210,CUST_04487,2023-06-18 00:00:00,Home,COD,Tier_1,585.39,18.02,0,0,Delivered,,0,0,0.0,0.0,0.0,0.0
ORD_0003792,CUST_00988,2023-06-18 00:00:00,Fashion,Prepaid,Tier_3,6963.89,3.38,0,1,Returned,Not as Expected,1,1,0.0,0.0,0.0,0.0
ORD_0000830,CUST_03568,2023-06-18 02:00:00,Fashion,COD,Tier_3,905.55,28.91,1,0,RTO,,1,0,0.0,0.0,0.0,0.0
ORD_0001444,CUST_05366,2023-06-18 04:00:00,Footwear,COD,Tier_2,1049.63,18.62,0,0,Delivered,,0,1,0.0,0.0,0.0,0.0
ORD_0006449,CUST_02203,2023-06-18 04:00:00,Fashion,COD,Tier_2,2586.75,5.46,0,1,Returned,Changed Mind,1,0,0.0,0.0,0.0,0.0
ORD_0006569,CUST_05620,2023-06-18 04:00:00,Electronics,COD,Tier_2,741.12,40.19,0,0,Delivered,,0,1,0.0,0.0,0.0,0.0
ORD_0001154,CUST_04169,2023-06-18 05:00:00,Electronics,Prepaid,Tier_1,574.95,20.72,0,0,Delivered,,0,0,0.0,0.0,0.0,0.0
ORD_0001067,CUST_04810,2023-06-18 05:00:00,Fashion,COD,Tier_3,1395.59,22.65,0,0,Delivered,,0,0,0.0,0.0,0.0,0.0
ORD_0006466,CUST_02627,2023-06-18 05:00:00,Fashion,COD,Tier_1,3494.22,27.37,0,0,Delivered,,0,0,0.0,0.0,0.0,0.0
ORD_0009425,CUST_02698,2023-06-18 05:00:00,Footwear,Prepaid,Tier_3,1274.51,42.43,0,1,Returned,Wrong Size,1,0,0.0,0.0,0.0,0.0
ORD_0003724,CUST_03520,2023-06-18 08:00:00,Home,Prepaid,Tier_1,755.67,16.38,0,0,Delivered,,0,0,0.0,0.0,0.0,0.0
ORD_0000585,CUST_02640,2023-06-18 09:00:00,Footwear,COD,Tier_1,497.29,43.15,0,1,Returned,Changed Mind,1,0,0.0,0.0,0.0,0.0
ORD_0006187,CUST_05523,2023-06-18 09:00:00,Fashion,COD,Tier_1,975.29,27.66,0,0,Delivered,,0,1,0.0,0.0,0.0,0.0
ORD_0000271,CUST_03368,2023-06-18 11:00:00,Electronics,COD,Tier_1,2040.7,49.75,1,0,RTO,,1,0,0.0,0.0,0.0,0.0
ORD_0009546,CUST_03699,2023-06-18 11:00:00,Fashion,COD,Tier_1,1097.58,12.37,0,1,Returned,Defective,1,1,1.0,0.0,1.0,0.0
ORD_0001878,CUST_04898,2023-06-18 12:00:00,Fashion,COD,Tier_2,918.76,14.79,0,0,Delivered,,0,0,0.0,0.0,0.0,0.0
ORD_0007654,CUST_00877,2023-06-18 13:00:00,Footwear,COD,Tier_3,2924.42,23.85,0,0,Delivered,,0,0,0.0,0.0,0.0,0.0
ORD_0000376,CUST_05288,2023-06-18 13:00:00,Beauty,Prepaid,Tier_1,4895.26,30.63,0,0,Delivered,,0,2,0.0,0.0,0.0,0.0
ORD_0001842,CUST_04541,2023-06-18 13:00:00,Fashion,COD,Tier_2,5171.92,6.55,0,1,Returned,Not as Expected,1,1,1.0,0.0,1.0,0.0
ORD_0003029,CUST_03250,2023-06-18 14:00:00,Fashion,COD,Tier_3,1102.05,37.62,0,0,Delivered,,0,2,0.0,1.0,0.0,0.5
ORD_0005012,CUST_01922,2023-06-18 14:00:00,Electronics,COD,Tier_2,743.56,34.91,1,0,RTO,,1,0,0.0,0.0,0.0,0.0
ORD_0000243,CUST_00483,2023-06-18 16:00:00,Footwear,Prepaid,Tier_2,780.35,39.81,0,0,Delivered,,0,0,0.0,0.0,0.0,0.0
ORD_0007766,CUST_05831,2023-06-18 16:00:00,Fashion,Prepaid,Tier_2,2299.72,48.12,0,0,Delivered,,0,1,0.0,0.0,0.0,0.0
ORD_0009400,CUST_00521,2023-06-18 16:00:00,Fashion,Prepaid,Tier_3,679.79,38.79,0,0,Delivered,,0,1,0.0,0.0,0.0,0.0
ORD_0007413,CUST_00556,2023-06-18 17:00:00,Footwear,Prepaid,Tier_1,351.37,0.02,0,1,Returned,Changed Mind,1,1,0.0,0.0,0.0,0.0
ORD_0007132,CUST_01854,2023-06-18 17:00:00,Electronics,COD,Tier_3,1274.2,33.62,1,0,RTO,,1,2,1.0,1.0,0.5,0.5
ORD_0005344,CUST_04434,2023-06-18 18:00:00,Beauty,COD,Tier_3,4793.53,25.96,0,0,Delivered,,0,0,0.0,0.0,0.0,0.0
ORD_0001251,CUST_02355,2023-06-18 21:00:00,Fashion,COD,Tier_2,754.4,8.12,0,0,Delivered,,0,1,0.0,0.0,0.0,0.0
ORD_0008237,CUST_00990,2023-06-18 21:00:00,Fashion,COD,Tier_1,990.21,22.38,0,0,Delivered,,0,2,0.0,0.0,0.0,0.0
ORD_0003247,CUST_05413,2023-06-18 21:00:00,Beauty,COD,Tier_3,1608.53,30.93,1,0,RTO,,1,2,0.0,1.0,0.0,0.5
ORD_0006366,CUST_05436,2023-06-18 22:00:00,Fashion,COD,Tier_2,488.74,48.86,0,0,Delivered,,0,1,0.0,0.0,0.0,0.0
ORD_0008444,CUST_00329,2023-06-18 23:00:00,Fashion,COD,Tier_1,6922.88,39.82,0,0,Delivered,,0,1,0.0,0.0,0.0,0.0
ORD_0006095,CUST_00953,2023-06-19 00:00:00,Electronics,COD,Tier_1,919.86,33.79,0,0,Delivered,,0,0,0.0,0.0,0.0,0.0
ORD_0006003,CUST_03149,2023-06-19 00:00:00,Home,COD,Tier_2,4263.95,41.05,0,0,Delivered,,0,0,0.0,0.0,0.0,0.0
ORD_0001756,CUST_01408,2023-06-19 02:00:00,Fashion,COD,Tier_1,1227.6,31.24,1,0,RTO,,1,0,0.0,0.0,0.0,0.0
ORD_0007393,CUST_00197,2023-06-19 02:00:00,Electronics,COD,Tier_2,4238.47,47.69,1,0,RTO,,1,0,0.0,0.0,0.0,0.0
ORD_0004288,CUST_04442,2023-06-19 02:00:00,Fashion,COD,Tier_2,675.6,7.27,0,0,Delivered,,0,3,0.0,0.0,0.0,0.0
ORD_0006837,CUST_00094,2023-06-19 03:00:00,Footwear,COD,Tier_2,1006.94,24.73,0,0,Delivered,,0,2,0.0,1.0,0.0,0.5
ORD_0002236,CUST_00930,2023-06-19 03:00:00,Home,COD,Tier_1,2112.32,14.46,1,0,RTO,,1,0,0.0,0.0,0.0,0.0
ORD_0003217,CUST_01147,2023-06-19 04:00:00,Fashion,COD,Tier_3,2536.77,35.4,1,0,RTO,,1,2,0.0,1.0,0.0,0.5
ORD_0003494,CUST_03493,2023-06-19 04:00:00,Electronics,COD,Tier_3,576.69,22.4,0,0,Delivered,,0,0,0.0,0.0,0.0,0.0
ORD_0001138,CUST_01298,2023-06-19 04:00:00,Electronics,COD,Tier_1,1865.15,27.86,0,0,Delivered,,0,0,0.0,0.0,0.0,0.0
ORD_0005876,CUST_01454,2023-06-19 05:00:00,Fashion,COD,Tier_2,2437.47,39.12,1,0,RTO,,1,0,0.0,0.0,0.0,0.0
ORD_0001629,CUST_04557,2023-06-19 05:00:00,Footwear,COD,Tier_2,3885.96,0.35,0,0,Delivered,,0,0,0.0,0.0,0.0,0.0
ORD_0002039,CUST_00650,2023-06-19 05:00:00,Footwear,Prepaid,Tier_2,5176.11,5.07,0,0,Delivered,,0,0,0.0,0.0,0.0,0.0
ORD_0006238,CUST_05167,2023-06-19 05:00:00,Footwear,COD,Tier_2,2814.73,20.74,0,1,Returned,Changed Mind,1,2,0.0,1.0,0.0,0.5
ORD_0007942,CUST_04733,2023-06-19 06:00:00,Footwear,COD,Tier_3,4071.87,5.66,0,0,Delivered,,0,2,0.0,1.0,0.0,0.5
ORD_0000834,CUST_02213,2023-06-19 07:00:00,Electronics,Prepaid,Tier_2,561.4,32.42,0,0,Delivered,,0,0,0.0,0.0,0.0,0.0
ORD_0006518,CUST_00770,2023-06-19 07:00:00,Fashion,COD,Tier_3,889.96,17.79,0,0,Delivered,,0,0,0.0,0.0,0.0,0.0
ORD_0007361,CUST_00719,2023-06-19 07:00:00,Home,COD,Tier_3,435.37,7.89,0,0,Delivered,,0,1,0.0,0.0,0.0,0.0
ORD_0006950,CUST_01670,2023-06-19 09:00:00,Electronics,COD,Tier_3,899.31,8.44,0,0,Delivered,,0,0,0.0,0.0,0.0,0.0
ORD_0001932,CUST_03984,2023-06-19 10:00:00,Electronics,COD,Tier_1,519.29,22.88,0,0,Delivered,,0,0,0.0,0.0,0.0,0.0
ORD_0006465,CUST_01539,2023-06-19 11:00:00,Footwear,COD,Tier_3,5280.7,0.22,0,0,Delivered,,0,0,0.0,0.0,0.0,0.0
ORD_0008761,CUST_05963,2023-06-19 11:00:00,Footwear,COD,Tier_1,743.51,14.7,1,0,RTO,,1,2,0.0,0.0,0.0,0.0
ORD_0002051,CUST_01947,2023-06-19 11:00:00,Electronics,Prepaid,Tier_1,1939.81,22.72,0,0,Delivered,,0,2,0.0,0.0,0.0,0.0
ORD_0000760,CUST_05326,2023-06-19 12:00:00,Home,COD,Tier_1,1932.08,39.87,1,0,RTO,,1,1,0.0,1.0,0.0,1.0
ORD_0003919,CUST_01273,2023-06-19 13:00:00,Home,Prepaid,Tier_3,3679.7,12.27,0,0,Delivered,,0,1,0.0,1.0,0.0,1.0
ORD_0002101,CUST_02926,2023-06-19 13:00:00,Footwear,COD,Tier_2,1409.7,31.08,0,0,Delivered,,0,0,0.0,0.0,0.0,0.0
ORD_0009492,CUST_02599,2023-06-19 15:00:00,Fashion,Prepaid,Tier_2,2666.39,47.73,0,0,Delivered,,0,0,0.0,0.0,0.0,0.0
ORD_0003962,CUST_01040,2023-06-19 15:00:00,Fashion,COD,Tier_2,439.87,46.96,1,0,RTO,,1,0,0.0,0.0,0.0,0.0
ORD_0001182,CUST_04012,2023-06-19 16:00:00,Fashion,COD,Tier_2,1552.8,41.29,0,0,Delivered,,0,0,0.0,0.0,0.0,0.0
ORD_0004730,CUST_03761,2023-06-19 16:00:00,Fashion,Prepaid,Tier_1,4198.41,41.37,0,0,Delivered,,0,1,0.0,0.0,0.0,0.0
ORD_0003491,CUST_01312,2023-06-19 17:00:00,Fashion,Prepaid,Tier_1,553.14,26.96,0,0,Delivered,,0,0,0.0,0.0,0.0,0.0
ORD_0003270,CUST_02949,2023-06-19 17:00:00,Fashion,COD,Tier_1,1132.08,43.59,1,0,RTO,,1,0,0.0,0.0,0.0,0.0
ORD_0000859,CUST_03995,2023-06-19 17:00:00,Fashion,COD,Tier_2,1515.57,1.48,0,0,Delivered,,0,2,0.0,0.0,0.0,0.0
ORD_0008492,CUST_05139,2023-06-19 19:00:00,Beauty,Prepaid,Tier_3,3621.61,9.11,0,0,Delivered,,0,0,0.0,0.0,0.0,0.0
ORD_0002202,CUST_05566,2023-06-19 21:00:00,Fashion,COD,Tier_1,2175.55,7.75,0,0,Delivered,,0,0,0.0,0.0,0.0,0.0
ORD_0000114,CUST_01742,2023-06-19 21:00:00,Electronics,Prepaid,Tier_2,1053.43,12.74,0,0,Delivered,,0,0,0.0,0.0,0.0,0.0
ORD_0009050,CUST_04919,2023-06-19 22:00:00,Home,COD,Tier_3,2743.67,20.53,1,0,RTO,,1,1,0.0,0.0,0.0,0.0
ORD_0009948,CUST_05067,2023-06-19 22:00:00,Beauty,COD,Tier_2,1091.29,1.04,1,0,RTO,,1,2,0.0,0.0,0.0,0.0
ORD_0002868,CUST_03134,2023-06-19 22:00:00,Fashion,COD,Tier_2,2204.65,6.83,0,0,Delivered,,0,2,0.0,0.0,0.0,0.0
ORD_0003121,CUST_00055,2023-06-19 23:00:00,Home,COD,Tier_3,630.43,18.13,1,0,RTO,,1,1,0.0,0.0,0.0,0.0
ORD_0000113,CUST_02578,2023-06-20 00:00:00,Footwear,COD,Tier_3,2759.3,13.0,1,0,RTO,,1,1,0.0,0.0,0.0,0.0
ORD_0006509,CUST_01000,2023-06-20 02:00:00,Beauty,Prepaid,Tier_1,741.36,31.19,0,0,Delivered,,0,1,0.0,0.0,0.0,0.0
ORD_0007972,CUST_04344,2023-06-20 04:00:00,Electronics,Prepaid,Tier_1,1402.64,17.31,0,0,Delivered,,0,1,1.0,0.0,1.0,0.0
ORD_0001338,CUST_02887,2023-06-20 04:00:00,Beauty,COD,Tier_2,683.1,7.61,0,0,Delivered,,0,1,1.0,0.0,1.0,0.0
ORD_0002954,CUST_05129,2023-06-20 05:00:00,Home,Prepaid,Tier_2,2081.27,17.05,0,0,Delivered,,0,0,0.0,0.0,0.0,0.0
ORD_0007497,CUST_01656,2023-06-20 05:00:00,Home,COD,Tier_2,1043.44,16.58,0,0,Delivered,,0,1,0.0,0.0,0.0,0.0
ORD_0003599,CUST_04029,2023-06-20 05:00:00,Home,Prepaid,Tier_1,396.56,21.08,0,0,Delivered,,0,3,0.0,1.0,0.0,0.3333333333333333
ORD_0003574,CUST_05681,2023-06-20 07:00:00,Fashion,COD,Tier_3,835.88,6.01,0,0,Delivered,,0,3,0.0,2.0,0.0,0.6666666666666666
ORD_0000045,CUST_02941,2023-06-20 07:00:00,Fashion,Prepaid,Tier_1,3194.82,0.02,0,1,Returned,Wrong Size,1,2,0.0,0.0,0.0,0.0
ORD_0004271,CUST_01443,2023-06-20 08:00:00,Fashion,Prepaid,Tier_1,1740.72,12.82,0,0,Delivered,,0,0,0.0,0.0,0.0,0.0
ORD_0007576,CUST_05024,2023-06-20 08:00:00,Footwear,Prepaid,Tier_3,4911.48,43.43,0,0,Delivered,,0,1,0.0,0.0,0.0,0.0
ORD_0008458,CUST_04576,2023-06-20 08:00:00,Footwear,Prepaid,Tier_3,1634.31,49.23,0,0,Delivered,,0,0,0.0,0.0,0.0,0.0
ORD_0006265,CUST_04567,2023-06-20 09:00:00,Footwear,COD,Tier_3,1246.35,19.69,0,0,Delivered,,0,0,0.0,0.0,0.0,0.0
ORD_0001291,CUST_05226,2023-06-20 11:00:00,Footwear,COD,Tier_2,4708.3,38.04,0,0,Delivered,,0,1,0.0,0.0,0.0,0.0
ORD_0005016,CUST_00730,2023-06-20 13:00:00,Fashion,COD,Tier_3,2566.28,9.78,0,0,Delivered,,0,1,0.0,0.0,0.0,0.0
ORD_0001659,CUST_03284,2023-06-20 13:00:00,Fashion,COD,Tier_1,2478.7,45.96,0,0,Delivered,,0,2,0.0,0.0,0.0,0.0
ORD_0006360,CUST_01036,2023-06-20 14:00:00,Fashion,Prepaid,Tier_3,750.99,39.53,0,1,Returned,Not as Expected,1,0,0.0,0.0,0.0,0.0
ORD_0007720,CUST_05414,2023-06-20 15:00:00,Fashion,Prepaid,Tier_3,534.92,12.02,0,0,Delivered,,0,2,1.0,0.0,0.5,0.0
ORD_0009094,CUST_05941,2023-06-20 15:00:00,Beauty,Prepaid,Tier_2,1866.76,25.48,0,0,Delivered,,0,2,1.0,1.0,0.5,0.5
ORD_0008376,CUST_03859,2023-06-20 15:00:00,Beauty,Prepaid,Tier_2,2086.43,0.81,0,0,Delivered,,0,0,0.0,0.0,0.0,0.0
ORD_0004739,CUST_04789,2023-06-20 16:00:00,Home,Prepaid,Tier_3,4335.53,13.52,0,0,Delivered,,0,2,0.0,0.0,0.0,0.0
ORD_0001799,CUST_05145,2023-06-20 17:00:00,Footwear,Prepaid,Tier_2,1247.43,21.63,0,0,Delivered,,0,1,0.0,0.0,0.0,0.0
ORD_0008339,CUST_03561,2023-06-20 19:00:00,Fashion,COD,Tier_2,2873.76,39.38,1,0,RTO,,1,1,0.0,0.0,0.0,0.0
ORD_0005339,CUST_01200,2023-06-20 19:00:00,Electronics,Prepaid,Tier_1,585.2,10.18,0,0,Delivered,,0,1,0.0,0.0,0.0,0.0
ORD_0000136,CUST_00745,2023-06-20 23:00:00,Fashion,COD,Tier_3,2200.69,17.43,0,0,Delivered,,0,0,0.0,0.0,0.0,0.0
ORD_0003136,CUST_03528,2023-06-21 00:00:00,Home,Prepaid,Tier_2,4162.72,27.34,0,0,Delivered,,0,1,0.0,1.0,0.0,1.0
ORD_0007339,CUST_04510,2023-06-21 00:00:00,Home,Prepaid,Tier_3,2405.71,17.35,1,0,RTO,,1,0,0.0,0.0,0.0,0.0
ORD_0003042,CUST_04201,2023-06-21 00:00:00,Electronics,Prepaid,Tier_1,577.98,17.08,0,0,Delivered,,0,0,0.0,0.0,0.0,0.0
ORD_0000491,CUST_03856,2023-06-21 01:00:00,Fashion,COD,Tier_3,5161.92,20.25,0,0,Delivered,,0,2,0.0,0.0,0.0,0.0
ORD_0004227,CUST_05265,2023-06-21 01:00:00,Footwear,COD,Tier_1,3597.24,33.5,0,0,Delivered,,0,0,0.0,0.0,0.0,0.0
ORD_0007326,CUST_04606,2023-06-21 02:00:00,Fashion,COD,Tier_2,2799.74,37.37,0,0,Delivered,,0,1,0.0,0.0,0.0,0.0
ORD_0001001,CUST_01965,2023-06-21 03:00:00,Footwear,COD,Tier_2,1276.47,22.11,0,0,Delivered,,0,0,0.0,0.0,0.0,0.0
ORD_0001929,CUST_01477,2023-06-21 05:00:00,Footwear,COD,Tier_3,1337.25,8.15,0,0,Delivered,,0,0,0.0,0.0,0.0,0.0
ORD_0001516,CUST_00521,2023-06-21 05:00:00,Footwear,Prepaid,Tier_3,1000.14,7.54,0,0,Delivered,,0,2,0.0,0.0,0.0,0.0
ORD_0003563,CUST_03183,2023-06-21 05:00:00,Fashion,Prepaid,Tier_3,3214.23,9.95,0,0,Delivered,,0,0,0.0,0.0,0.0,0.0
ORD_0003876,CUST_00099,2023-06-21 06:00:00,Fashion,COD,Tier_1,502.04,41.25,0,0,Delivered,,0,0,0.0,0.0,0.0,0.0
ORD_0003899,CUST_02347,2023-06-21 07:00:00,Footwear,COD,Tier_1,933.38,47.18,0,0,Delivered,,0,1,0.0,0.0,0.0,0.0
ORD_0006132,CUST_01924,2023-06-21 07:00:00,Footwear,Prepaid,Tier_2,1189.97,10.79,0,1,Returned,Not as Expected,1,1,0.0,0.0,0.0,0.0
ORD_0004899,CUST_01854,2023-06-21 07:00:00,Fashion,COD,Tier_1,796.11,11.22,0,0,Delivered,,0,3,1.0,2.0,0.3333333333333333,0.6666666666666666
ORD_0005510,CUST_03762,2023-06-21 07:00:00,Fashion,COD,Tier_3,457.13,31.4,1,0,RTO,,1,0,0.0,0.0,0.0,0.0
ORD_0001466,CUST_02261,2023-06-21 08:00:00,Footwear,COD,Tier_3,934.49,46.15,0,0,Delivered,,0,1,0.0,0.0,0.0,0.0
ORD_0004591,CUST_04388,2023-06-21 08:00:00,Home,COD,Tier_1,2537.95,47.07,0,0,Delivered,,0,0,0.0,0.0,0.0,0.0
ORD_0005595,CUST_01167,2023-06-21 09:00:00,Home,COD,Tier_2,1894.66,19.19,0,0,Delivered,,0,1,0.0,0.0,0.0,0.0
ORD_0006922,CUST_01195,2023-06-21 09:00:00,Home,COD,Tier_3,594.93,16.67,0,0,Delivered,,0,1,0.0,0.0,0.0,0.0
ORD_0002607,CUST_04572,2023-06-21 09:00:00,Beauty,COD,Tier_2,388.29,18.67,0,0,Delivered,,0,4,0.0,1.0,0.0,0.25
ORD_0008446,CUST_04131,2023-06-21 09:00:00,Fashion,COD,Tier_2,897.48,36.85,0,0,Delivered,,0,2,1.0,1.0,0.5,0.5
ORD_0007990,CUST_03205,2023-06-21 10:00:00,Home,COD,Tier_1,373.86,23.84,0,0,Delivered,,0,1,1.0,0.0,1.0,0.0
ORD_0008185,CUST_02767,2023-06-21 10:00:00,Fashion,COD,Tier_2,1117.78,26.1,0,0,Delivered,,0,1,0.0,0.0,0.0,0.0
ORD_0007503,CUST_04097,2023-06-21 11:00:00,Fashion,COD,Tier_2,449.52,16.25,0,1,Returned,Wrong Size,1,1,0.0,0.0,0.0,0.0
ORD_0000704,CUST_02882,2023-06-21 11:00:00,Fashion,COD,Tier_2,1754.55,22.36,0,0,Delivered,,0,0,0.0,0.0,0.0,0.0
ORD_0008879,CUST_04455,2023-06-21 11:00:00,Fashion,COD,Tier_3,582.4,16.15,0,0,Delivered,,0,1,1.0,0.0,1.0,0.0
ORD_0003070,CUST_04668,2023-06-21 13:00:00,Fashion,COD,Tier_1,913.83,48.61,0,0,Delivered,,0,0,0.0,0.0,0.0,0.0
ORD_0007145,CUST_05055,2023-06-21 13:00:00,Fashion,Prepaid,Tier_3,1495.7,22.93,0,1,Returned,Changed Mind,1,0,0.0,0.0,0.0,0.0
ORD_0007915,CUST_01239,2023-06-21 13:00:00,Fashion,Prepaid,Tier_1,447.71,13.34,0,1,Returned,Not as Expected,1,0,0.0,0.0,0.0,0.0
ORD_0007441,CUST_05139,2023-06-21 17:00:00,Fashion,Prepaid,Tier_2,428.6,10.74,0,1,Returned,Wrong Size,1,1,0.0,0.0,0.0,0.0
ORD_0009126,CUST_05556,2023-06-21 18:00:00,Electronics,Prepaid,Tier_2,471.48,7.75,0,0,Delivered,,0,0,0.0,0.0,0.0,0.0
ORD_0006629,CUST_04145,2023-06-21 19:00:00,Beauty,COD,Tier_2,554.66,33.57,0,1,Returned,Not as Expected,1,1,0.0,0.0,0.0,0.0
ORD_0001378,CUST_00944,2023-06-21 20:00:00,Electronics,Prepaid,Tier_3,2207.45,2.4,0,1,Returned,Wrong Size,1,0,0.0,0.0,0.0,0.0
ORD_0004753,CUST_03947,2023-06-21 21:00:00,Home,Prepaid,Tier_3,2510.13,14.32,0,0,Delivered,,0,0,0.0,0.0,0.0,0.0
ORD_0005214,CUST_00871,2023-06-21 21:00:00,Electronics,COD,Tier_3,672.34,24.18,0,0,Delivered,,0,2,0.0,0.0,0.0,0.0
ORD_0000576,CUST_04489,2023-06-21 22:00:00,Beauty,COD,Tier_3,890.09,36.64,1,0,RTO,,1,1,0.0,0.0,0.0,0.0
ORD_0003474,CUST_03707,2023-06-21 23:00:00,Footwear,COD,Tier_2,2434.77,3.76,1,0,RTO,,1,2,0.0,1.0,0.0,0.5
ORD_0005568,CUST_01181,2023-06-22 01:00:00,Footwear,COD,Tier_1,407.02,25.54,0,0,Delivered,,0,0,0.0,0.0,0.0,0.0
ORD_0008791,CUST_04554,2023-06-22 01:00:00,Home,COD,Tier_3,423.92,3.41,0,0,Delivered,,0,1,0.0,0.0,0.0,0.0
ORD_0008667,CUST_02597,2023-06-22 01:00:00,Electronics,COD,Tier_2,388.85,30.71,1,0,RTO,,1,0,0.0,0.0,0.0,0.0
ORD_0006552,CUST_00981,2023-06-22 02:00:00,Electronics,COD,Tier_3,3696.98,4.33,1,0,RTO,,1,0,0.0,0.0,0.0,0.0
ORD_0005196,CUST_05871,2023-06-22 02:00:00,Footwear,COD,Tier_2,1443.34,3.0,0,0,Delivered,,0,0,0.0,0.0,0.0,0.0
ORD_0000293,CUST_03790,2023-06-22 05:00:00,Electronics,COD,Tier_3,458.7,16.82,1,0,RTO,,1,0,0.0,0.0,0.0,0.0
ORD_0007043,CUST_04266,2023-06-22 05:00:00,Fashion,Prepaid,Tier_1,395.41,45.38,0,0,Delivered,,0,1,0.0,0.0,0.0,0.0
ORD_0005602,CUST_00939,2023-06-22 06:00:00,Electronics,COD,Tier_3,1126.07,14.33,0,0,Delivered,,0,1,0.0,1.0,0.0,1.0
ORD_0008976,CUST_01683,2023-06-22 06:00:00,Footwear,Prepaid,Tier_2,903.87,18.06,1,0,RTO,,1,0,0.0,0.0,0.0,0.0
ORD_0006037,CUST_00712,2023-06-22 07:00:00,Fashion,COD,Tier_3,592.52,42.75,0,0,Delivered,,0,1,1.0,0.0,1.0,0.0
ORD_0002369,CUST_05335,2023-06-22 07:00:00,Footwear,Prepaid,Tier_2,667.62,10.67,0,0,Delivered,,0,0,0.0,0.0,0.0,0.0
ORD_0003330,CUST_00877,2023-06-22 09:00:00,Electronics,Prepaid,Tier_2,718.95,27.19,0,0,Delivered,,0,1,0.0,0.0,0.0,0.0
ORD_0007978,CUST_02899,2023-06-22 10:00:00,Electronics,COD,Tier_1,4224.11,37.27,0,0,Delivered,,0,0,0.0,0.0,0.0,0.0
ORD_0001620,CUST_04735,2023-06-22 12:00:00,Fashion,Prepaid,Tier_2,4204.09,49.83,0,1,Returned,Changed Mind,1,0,0.0,0.0,0.0,0.0
ORD_0009090,CUST_03312,2023-06-22 13:00:00,Beauty,Prepaid,Tier_2,586.56,26.52,0,0,Delivered,,0,1,0.0,0.0,0.0,0.0
ORD_0006893,CUST_05047,2023-06-22 14:00:00,Fashion,COD,Tier_1,3907.26,42.45,1,0,RTO,,1,1,0.0,1.0,0.0,1.0
ORD_0007426,CUST_04661,2023-06-22 14:00:00,Fashion,COD,Tier_1,8149.19,49.11,0,0,Delivered,,0,0,0.0,0.0,0.0,0.0
ORD_0005129,CUST_03153,2023-06-22 16:00:00,Footwear,Prepaid,Tier_1,4710.83,19.7,0,0,Delivered,,0,3,1.0,0.0,0.3333333333333333,0.0
ORD_0001416,CUST_05206,2023-06-22 19:00:00,Fashion,Prepaid,Tier_3,542.32,3.82,0,1,Returned,Changed Mind,1,1,0.0,0.0,0.0,0.0
ORD_0008701,CUST_00921,2023-06-22 20:00:00,Footwear,Prepaid,Tier_2,796.8,41.66,0,0,Delivered,,0,1,0.0,1.0,0.0,1.0
ORD_0007218,CUST_01655,2023-06-22 20:00:00,Fashion,COD,Tier_2,1510.81,16.57,0,1,Returned,Wrong Size,1,2,0.0,0.0,0.0,0.0
ORD_0006934,CUST_01992,2023-06-22 21:00:00,Beauty,Prepaid,Tier_1,1633.42,36.05,0,0,Delivered,,0,0,0.0,0.0,0.0,0.0
ORD_0000698,CUST_05698,2023-06-22 22:00:00,Fashion,COD,Tier_1,1232.2,11.05,1,0,RTO,,1,0,0.0,0.0,0.0,0.0
ORD_0004670,CUST_02245,2023-06-22 22:00:00,Home,Prepaid,Tier_2,6044.54,8.27,1,0,RTO,,1,0,0.0,0.0,0.0,0.0
ORD_0000699,CUST_00161,2023-06-22 23:00:00,Fashion,Prepaid,Tier_2,1261.85,20.96,0,0,Delivered,,0,1,1.0,0.0,1.0,0.0
ORD_0003358,CUST_04023,2023-06-22 23:00:00,Footwear,Prepaid,Tier_2,573.86,43.72,0,0,Delivered,,0,0,0.0,0.0,0.0,0.0
ORD_0002826,CUST_00745,2023-06-22 23:00:00,Beauty,COD,Tier_3,522.01,14.06,0,0,Delivered,,0,1,0.0,0.0,0.0,0.0
ORD_0008572,CUST_03751,2023-06-23 00:00:00,Fashion,COD,Tier_3,307.34,12.68,1,0,RTO,,1,1,0.0,1.0,0.0,1.0
ORD_0005647,CUST_01382,2023-06-23 00:00:00,Beauty,COD,Tier_3,1631.75,29.93,0,0,Delivered,,0,0,0.0,0.0,0.0,0.0
ORD_0005678,CUST_00627,2023-06-23 02:00:00,Footwear,Prepaid,Tier_1,1638.13,25.33,0,1,Returned,Not as Expected,1,1,1.0,0.0,1.0,0.0
ORD_0008343,CUST_03713,2023-06-23 03:00:00,Fashion,Prepaid,Tier_2,667.43,48.86,0,0,Delivered,,0,1,1.0,0.0,1.0,0.0
ORD_0003862,CUST_03210,2023-06-23 03:00:00,Electronics,Prepaid,Tier_3,916.61,27.91,0,0,Delivered,,0,1,0.0,0.0,0.0,0.0
ORD_0003752,CUST_01081,2023-06-23 04:00:00,Fashion,COD,Tier_2,322.14,25.47,0,0,Delivered,,0,2,0.0,0.0,0.0,0.0
ORD_0005562,CUST_01802,2023-06-23 07:00:00,Footwear,Prepaid,Tier_1,1438.61,15.2,0,1,Returned,Wrong Size,1,0,0.0,0.0,0.0,0.0
ORD_0003715,CUST_03756,2023-06-23 07:00:00,Footwear,COD,Tier_1,1266.44,38.07,1,0,RTO,,1,1,0.0,0.0,0.0,0.0
ORD_0003518,CUST_00513,2023-06-23 08:00:00,Footwear,COD,Tier_3,1441.49,46.97,0,0,Delivered,,0,0,0.0,0.0,0.0,0.0
ORD_0006958,CUST_01158,2023-06-23 08:00:00,Beauty,COD,Tier_1,1470.04,19.38,0,0,Delivered,,0,0,0.0,0.0,0.0,0.0
ORD_0003662,CUST_04361,2023-06-23 10:00:00,Footwear,COD,Tier_1,502.59,8.48,0,0,Delivered,,0,1,0.0,0.0,0.0,0.0
ORD_0005820,CUST_00322,2023-06-23 12:00:00,Fashion,COD,Tier_2,393.49,19.89,0,0,Delivered,,0,1,0.0,1.0,0.0,1.0
ORD_0006244,CUST_02458,2023-06-23 12:00:00,Beauty,Prepaid,Tier_3,1055.97,3.32,0,0,Delivered,,0,2,0.0,0.0,0.0,0.0
ORD_0006285,CUST_04182,2023-06-23 13:00:00,Electronics,COD,Tier_3,1157.43,30.78,0,0,Delivered,,0,1,0.0,1.0,0.0,1.0
ORD_0002814,CUST_04397,2023-06-23 13:00:00,Footwear,Prepaid,Tier_3,878.68,41.63,1,0,RTO,,1,1,0.0,1.0,0.0,1.0
ORD_0004605,CUST_01179,2023-06-23 13:00:00,Fashion,Prepaid,Tier_2,724.01,23.86,0,0,Delivered,,0,1,0.0,0.0,0.0,0.0
ORD_0007839,CUST_05657,2023-06-23 13:00:00,Fashion,COD,Tier_3,3180.65,6.56,1,0,RTO,,1,2,0.0,0.0,0.0,0.0
ORD_0009278,CUST_00618,2023-06-23 16:00:00,Fashion,COD,Tier_3,1154.14,49.64,0,1,Returned,Wrong Size,1,1,0.0,0.0,0.0,0.0
ORD_0001656,CUST_01174,2023-06-23 18:00:00,Footwear,Prepaid,Tier_2,3963.66,13.18,0,0,Delivered,,0,0,0.0,0.0,0.0,0.0
ORD_0004241,CUST_04116,2023-06-23 18:00:00,Electronics,Prepaid,Tier_3,3217.54,24.73,0,0,Delivered,,0,2,0.0,0.0,0.0,0.0
ORD_0000750,CUST_02280,2023-06-23 19:00:00,Beauty,COD,Tier_3,744.44,28.55,0,0,Delivered,,0,1,0.0,0.0,0.0,0.0
ORD_0004733,CUST_03824,2023-06-23 20:00:00,Fashion,Prepaid,Tier_2,2237.57,9.02,0,1,Returned,Not as Expected,1,0,0.0,0.0,0.0,0.0
ORD_0002346,CUST_05034,2023-06-23 20:00:00,Fashion,COD,Tier_3,2030.42,18.68,0,0,Delivered,,0,2,1.0,0.0,0.5,0.0
ORD_0002960,CUST_02822,2023-06-23 21:00:00,Fashion,COD,Tier_1,3543.26,33.9,0,0,Delivered,,0,0,0.0,0.0,0.0,0.0
ORD_0003490,CUST_04522,2023-06-23 21:00:00,Footwear,COD,Tier_2,680.89,6.21,1,0,RTO,,1,2,0.0,0.0,0.0,0.0
ORD_0008713,CUST_01806,2023-06-23 21:00:00,Fashion,COD,Tier_3,910.19,33.99,0,1,Returned,Defective,1,1,0.0,0.0,0.0,0.0
ORD_0004470,CUST_02413,2023-06-23 22:00:00,Electronics,COD,Tier_2,1928.15,35.34,0,0,Delivered,,0,0,0.0,0.0,0.0,0.0
ORD_0000861,CUST_02907,2023-06-23 22:00:00,Home,COD,Tier_1,326.27,32.34,0,0,Delivered,,0,1,0.0,0.0,0.0,0.0
ORD_0009630,CUST_00703,2023-06-24 02:00:00,Electronics,COD,Tier_2,2101.59,45.94,1,0,RTO,,1,1,1.0,0.0,1.0,0.0
ORD_0002684,CUST_00733,2023-06-24 02:00:00,Fashion,Prepaid,Tier_3,479.85,47.25,0,1,Returned,Wrong Size,1,0,0.0,0.0,0.0,0.0
ORD_0009478,CUST_01937,2023-06-24 03:00:00,Electronics,COD,Tier_2,993.99,21.83,0,0,Delivered,,0,0,0.0,0.0,0.0,0.0
ORD_0007806,CUST_01473,2023-06-24 04:00:00,Fashion,COD,Tier_2,1925.48,15.78,1,0,RTO,,1,1,1.0,0.0,1.0,0.0
ORD_0007761,CUST_05753,2023-06-24 04:00:00,Beauty,COD,Tier_2,931.96,18.55,0,1,Returned,Defective,1,0,0.0,0.0,0.0,0.0
ORD_0008163,CUST_03588,2023-06-24 06:00:00,Home,COD,Tier_2,671.9,1.37,1,0,RTO,,1,0,0.0,0.0,0.0,0.0
ORD_0000395,CUST_03028,2023-06-24 06:00:00,Home,Prepaid,Tier_2,962.4,40.39,0,0,Delivered,,0,0,0.0,0.0,0.0,0.0
ORD_0003009,CUST_01542,2023-06-24 08:00:00,Fashion,COD,Tier_3,2508.17,29.93,1,0,RTO,,1,1,0.0,1.0,0.0,1.0
ORD_0004746,CUST_05304,2023-06-24 08:00:00,Electronics,COD,Tier_1,552.69,18.4,0,0,Delivered,,0,2,0.0,1.0,0.0,0.5
ORD_0002206,CUST_04978,2023-06-24 09:00:00,Beauty,COD,Tier_3,808.7,13.77,1,0,RTO,,1,0,0.0,0.0,0.0,0.0
ORD_0005629,CUST_05076,2023-06-24 09:00:00,Footwear,Prepaid,Tier_1,548.23,3.9,0,0,Delivered,,0,0,0.0,0.0,0.0,0.0
ORD_0002863,CUST_05256,2023-06-24 10:00:00,Electronics,COD,Tier_1,1050.4,9.04,0,0,Delivered,,0,2,0.0,0.0,0.0,0.0
ORD_0000808,CUST_00992,2023-06-24 11:00:00,Fashion,COD,Tier_1,1480.28,27.66,0,1,Returned,Wrong Size,1,0,0.0,0.0,0.0,0.0
ORD_0005573,CUST_03057,2023-06-24 11:00:00,Home,COD,Tier_3,463.96,34.17,0,0,Delivered,,0,1,1.0,0.0,1.0,0.0
ORD_0005541,CUST_04798,2023-06-24 11:00:00,Home,Prepaid,Tier_3,1962.09,9.01,0,0,Delivered,,0,0,0.0,0.0,0.0,0.0
ORD_0007820,CUST_04081,2023-06-24 12:00:00,Fashion,COD,Tier_3,712.17,26.16,0,0,Delivered,,0,1,0.0,0.0,0.0,0.0
ORD_0007572,CUST_02006,2023-06-24 14:00:00,Fashion,COD,Tier_1,530.03,13.06,0,0,Delivered,,0,0,0.0,0.0,0.0,0.0
ORD_0001675,CUST_02658,2023-06-24 14:00:00,Beauty,COD,Tier_3,1232.52,10.21,1,0,RTO,,1,1,0.0,0.0,0.0,0.0
ORD_0001409,CUST_05076,2023-06-24 14:00:00,Electronics,Prepaid,Tier_3,3015.89,24.28,0,0,Delivered,,0,1,0.0,0.0,0.0,0.0
ORD_0008584,CUST_01213,2023-06-24 14:00:00,Electronics,Prepaid,Tier_1,1147.8,13.1,0,0,Delivered,,0,0,0.0,0.0,0.0,0.0
ORD_0006281,CUST_02332,2023-06-24 16:00:00,Fashion,COD,Tier_2,2507.65,48.83,0,0,Delivered,,0,2,1.0,0.0,0.5,0.0
ORD_0008189,CUST_00969,2023-06-24 16:00:00,Fashion,COD,Tier_3,1359.78,46.2,0,1,Returned,Wrong Size,1,1,0.0,0.0,0.0,0.0
ORD_0007511,CUST_01174,2023-06-24 17:00:00,Fashion,Prepaid,Tier_3,670.06,20.38,0,0,Delivered,,0,1,0.0,0.0,0.0,0.0
ORD_0001965,CUST_05002,2023-06-24 17:00:00,Home,COD,Tier_1,681.18,27.6,0,0,Delivered,,0,1,0.0,0.0,0.0,0.0
ORD_0002983,CUST_03381,2023-06-24 18:00:00,Home,COD,Tier_3,1616.45,37.02,1,0,RTO,,1,1,0.0,0.0,0.0,0.0
ORD_0004606,CUST_05065,2023-06-24 18:00:00,Home,Prepaid,Tier_1,1134.27,8.45,0,0,Delivered,,0,1,0.0,0.0,0.0,0.0
ORD_0006898,CUST_02182,2023-06-24 18:00:00,Footwear,Prepaid,Tier_3,1350.1,6.26,0,0,Delivered,,0,0,0.0,0.0,0.0,0.0
ORD_0009983,CUST_00179,2023-06-24 18:00:00,Electronics,COD,Tier_3,576.86,26.48,0,0,Delivered,,0,1,0.0,0.0,0.0,0.0
ORD_0006680,CUST_00403,2023-06-24 19:00:00,Footwear,COD,Tier_2,2649.24,38.58,1,0,RTO,,1,0,0.0,0.0,0.0,0.0
ORD_0009043,CUST_00674,2023-06-24 19:00:00,Fashion,COD,Tier_2,2549.65,32.92,0,0,Delivered,,0,1,0.0,0.0,0.0,0.0
ORD_0006324,CUST_01371,2023-06-24 21:00:00,Footwear,Prepaid,Tier_1,2511.5,8.44,0,1,Returned,Not as Expected,1,1,0.0,0.0,0.0,0.0
ORD_0000960,CUST_00536,2023-06-24 21:00:00,Footwear,Prepaid,Tier_2,720.47,40.64,0,0,Delivered,,0,1,0.0,0.0,0.0,0.0
ORD_0006446,CUST_02333,2023-06-24 22:00:00,Footwear,Prepaid,Tier_3,1162.37,15.04,0,0,Delivered,,0,0,0.0,0.0,0.0,0.0
ORD_0008764,CUST_03625,2023-06-24 22:00:00,Electronics,Prepaid,Tier_2,1192.11,16.59,0,0,Delivered,,0,1,0.0,0.0,0.0,0.0
ORD_0007381,CUST_05974,2023-06-24 22:00:00,Fashion,Prepaid,Tier_2,1106.1,10.34,0,0,Delivered,,0,2,1.0,0.0,0.5,0.0
ORD_0008190,CUST_01735,2023-06-24 22:00:00,Home,Prepaid,Tier_1,882.25,36.99,0,0,Delivered,,0,0,0.0,0.0,0.0,0.0
ORD_0004272,CUST_01938,2023-06-25 02:00:00,Footwear,COD,Tier_2,1880.73,33.04,0,0,Delivered,,0,0,0.0,0.0,0.0,0.0
ORD_0003953,CUST_01343,2023-06-25 02:00:00,Footwear,COD,Tier_1,1126.21,23.97,1,0,RTO,,1,0,0.0,0.0,0.0,0.0
ORD_0001092,CUST_01318,2023-06-25 03:00:00,Fashion,COD,Tier_3,1678.72,11.8,1,0,RTO,,1,1,0.0,1.0,0.0,1.0
ORD_0003883,CUST_02994,2023-06-25 03:00:00,Footwear,COD,Tier_3,3064.09,26.34,0,0,Delivered,,0,0,0.0,0.0,0.0,0.0
ORD_0008734,CUST_04193,2023-06-25 04:00:00,Fashion,COD,Tier_1,1569.49,11.94,0,0,Delivered,,0,0,0.0,0.0,0.0,0.0
ORD_0001126,CUST_04500,2023-06-25 05:00:00,Fashion,COD,Tier_2,536.92,2.22,0,0,Delivered,,0,1,0.0,0.0,0.0,0.0
ORD_0009945,CUST_05947,2023-06-25 06:00:00,Fashion,COD,Tier_1,1738.7,0.67,0,0,Delivered,,0,0,0.0,0.0,0.0,0.0
ORD_0002401,CUST_05885,2023-06-25 06:00:00,Fashion,COD,Tier_3,675.68,45.55,1,0,RTO,,1,0,0.0,0.0,0.0,0.0
ORD_0000461,CUST_02526,2023-06-25 07:00:00,Home,COD,Tier_2,1050.58,26.28,0,0,Delivered,,0,0,0.0,0.0,0.0,0.0
ORD_0009395,CUST_00454,2023-06-25 07:00:00,Home,COD,Tier_3,671.35,9.81,1,0,RTO,,1,0,0.0,0.0,0.0,0.0
ORD_0006731,CUST_03758,2023-06-25 07:00:00,Footwear,COD,Tier_1,3639.82,3.66,0,0,Delivered,,0,1,0.0,0.0,0.0,0.0
ORD_0007844,CUST_04313,2023-06-25 09:00:00,Footwear,COD,Tier_1,555.71,31.76,0,0,Delivered,,0,0,0.0,0.0,0.0,0.0
ORD_0006631,CUST_01520,2023-06-25 09:00:00,Home,COD,Tier_3,1452.96,1.61,0,0,Delivered,,0,0,0.0,0.0,0.0,0.0
ORD_0000555,CUST_02461,2023-06-25 10:00:00,Footwear,COD,Tier_2,4368.75,15.53,0,1,Returned,Wrong Size,1,2,0.0,0.0,0.0,0.0
ORD_0005516,CUST_00445,2023-06-25 12:00:00,Fashion,COD,Tier_3,932.58,27.76,1,0,RTO,,1,0,0.0,0.0,0.0,0.0
ORD_0003534,CUST_04891,2023-06-25 13:00:00,Footwear,COD,Tier_2,3002.82,7.93,0,1,Returned,Not as Expected,1,1,0.0,0.0,0.0,0.0
ORD_0007141,CUST_01676,2023-06-25 14:00:00,Footwear,COD,Tier_2,683.78,35.1,1,0,RTO,,1,0,0.0,0.0,0.0,0.0
ORD_0002936,CUST_02613,2023-06-25 18:00:00,Fashion,Prepaid,Tier_3,1031.5,34.13,0,0,Delivered,,0,0,0.0,0.0,0.0,0.0
ORD_0005581,CUST_04692,2023-06-25 18:00:00,Fashion,COD,Tier_3,4019.3,12.68,1,0,RTO,,1,4,0.0,1.0,0.0,0.25
ORD_0008168,CUST_00208,2023-06-25 18:00:00,Fashion,COD,Tier_2,321.0,16.45,0,0,Delivered,,0,1,0.0,1.0,0.0,1.0
ORD_0005785,CUST_05272,2023-06-25 19:00:00,Electronics,COD,Tier_2,1583.2,8.34,0,0,Delivered,,0,0,0.0,0.0,0.0,0.0
ORD_0009679,CUST_01081,2023-06-25 20:00:00,Fashion,COD,Tier_2,2335.3,20.05,0,0,Delivered,,0,3,0.0,0.0,0.0,0.0
ORD_0003738,CUST_00397,2023-06-25 22:00:00,Fashion,COD,Tier_2,1269.44,23.48,1,0,RTO,,1,0,0.0,0.0,0.0,0.0
ORD_0009720,CUST_05784,2023-06-25 22:00:00,Footwear,COD,Tier_1,564.53,41.38,0,0,Delivered,,0,1,0.0,0.0,0.0,0.0
ORD_0003695,CUST_02202,2023-06-26 02:00:00,Beauty,Prepaid,Tier_1,1176.74,21.27,0,0,Delivered,,0,1,0.0,0.0,0.0,0.0
ORD_0002994,CUST_00648,2023-06-26 02:00:00,Home,COD,Tier_3,1028.85,13.15,0,1,Returned,Not as Expected,1,3,0.0,0.0,0.0,0.0
ORD_0000489,CUST_03134,2023-06-26 03:00:00,Fashion,COD,Tier_1,380.15,21.91,0,1,Returned,Wrong Size,1,3,0.0,0.0,0.0,0.0
ORD_0004413,CUST_03697,2023-06-26 03:00:00,Footwear,COD,Tier_2,988.74,15.51,0,0,Delivered,,0,0,0.0,0.0,0.0,0.0
ORD_0006432,CUST_05292,2023-06-26 03:00:00,Fashion,Prepaid,Tier_1,1061.81,7.83,0,0,Delivered,,0,2,0.0,1.0,0.0,0.5
ORD_0005904,CUST_02872,2023-06-26 04:00:00,Fashion,COD,Tier_3,540.88,42.65,1,0,RTO,,1,1,0.0,0.0,0.0,0.0
ORD_0001256,CUST_05192,2023-06-26 04:00:00,Fashion,Prepaid,Tier_2,940.43,43.53,0,0,Delivered,,0,1,0.0,0.0,0.0,0.0
ORD_0007917,CUST_03659,2023-06-26 04:00:00,Fashion,COD,Tier_2,3148.69,6.64,0,0,Delivered,,0,1,0.0,0.0,0.0,0.0
ORD_0009081,CUST_04838,2023-06-26 05:00:00,Fashion,Prepaid,Tier_2,2172.99,41.61,0,0,Delivered,,0,0,0.0,0.0,0.0,0.0
ORD_0009667,CUST_03039,2023-06-26 05:00:00,Home,Prepaid,Tier_2,1439.09,2.36,0,0,Delivered,,0,0,0.0,0.0,0.0,0.0
ORD_0005895,CUST_03447,2023-06-26 05:00:00,Footwear,Prepaid,Tier_1,3013.87,47.07,0,0,Delivered,,0,0,0.0,0.0,0.0,0.0
ORD_0005456,CUST_02835,2023-06-26 07:00:00,Fashion,COD,Tier_2,685.34,7.54,0,0,Delivered,,0,0,0.0,0.0,0.0,0.0
ORD_0004436,CUST_03534,2023-06-26 08:00:00,Fashion,COD,Tier_2,720.36,27.47,0,0,Delivered,,0,1,0.0,1.0,0.0,1.0
ORD_0004600,CUST_03876,2023-06-26 09:00:00,Beauty,COD,Tier_1,1326.87,40.28,0,0,Delivered,,0,0,0.0,0.0,0.0,0.0
ORD_0002996,CUST_03040,2023-06-26 09:00:00,Electronics,COD,Tier_3,3807.26,39.97,1,0,RTO,,1,1,1.0,0.0,1.0,0.0
ORD_0007541,CUST_01720,2023-06-26 11:00:00,Fashion,Prepaid,Tier_3,1526.5,16.63,0,0,Delivered,,0,1,0.0,0.0,0.0,0.0
ORD_0001816,CUST_03842,2023-06-26 13:00:00,Footwear,Prepaid,Tier_2,771.9,5.27,0,1,Returned,Wrong Size,1,1,0.0,0.0,0.0,0.0
ORD_0003573,CUST_04403,2023-06-26 14:00:00,Beauty,Prepaid,Tier_1,3002.89,23.79,0,0,Delivered,,0,0,0.0,0.0,0.0,0.0
ORD_0004967,CUST_01255,2023-06-26 14:00:00,Fashion,COD,Tier_1,3419.01,11.08,1,0,RTO,,1,0,0.0,0.0,0.0,0.0
ORD_0007515,CUST_01088,2023-06-26 15:00:00,Fashion,Prepaid,Tier_2,1073.84,32.03,0,1,Returned,Wrong Size,1,2,1.0,0.0,0.5,0.0
ORD_0006104,CUST_02587,2023-06-26 15:00:00,Electronics,COD,Tier_2,1110.91,8.59,0,0,Delivered,,0,0,0.0,0.0,0.0,0.0
ORD_0007078,CUST_02601,2023-06-26 16:00:00,Fashion,COD,Tier_1,1976.74,18.73,0,0,Delivered,,0,0,0.0,0.0,0.0,0.0
ORD_0004802,CUST_01393,2023-06-26 16:00:00,Fashion,COD,Tier_2,4386.77,42.93,0,0,Delivered,,0,1,0.0,0.0,0.0,0.0
ORD_0006370,CUST_03828,2023-06-26 16:00:00,Electronics,Prepaid,Tier_2,1534.21,3.56,0,0,Delivered,,0,0,0.0,0.0,0.0,0.0
ORD_0002075,CUST_05037,2023-06-26 18:00:00,Fashion,COD,Tier_1,335.9,49.07,1,0,RTO,,1,1,0.0,1.0,0.0,1.0
ORD_0009932,CUST_00147,2023-06-26 21:00:00,Fashion,COD,Tier_1,2369.49,2.64,0,0,Delivered,,0,1,0.0,1.0,0.0,1.0
ORD_0008588,CUST_04266,2023-06-26 22:00:00,Fashion,COD,Tier_2,1172.79,26.5,0,0,Delivered,,0,2,0.0,0.0,0.0,0.0
ORD_0009746,CUST_05433,2023-06-26 23:00:00,Fashion,Prepaid,Tier_2,1730.81,16.77,0,1,Returned,Not as Expected,1,0,0.0,0.0,0.0,0.0
ORD_0005394,CUST_04210,2023-06-27 01:00:00,Beauty,COD,Tier_1,1847.36,45.99,0,0,Delivered,,0,2,1.0,0.0,0.5,0.0
ORD_0001453,CUST_01780,2023-06-27 02:00:00,Home,COD,Tier_1,750.45,23.09,1,0,RTO,,1,2,2.0,0.0,1.0,0.0
ORD_0004686,CUST_04808,2023-06-27 02:00:00,Home,Prepaid,Tier_2,340.98,5.6,0,0,Delivered,,0,1,0.0,1.0,0.0,1.0
ORD_0001672,CUST_03032,2023-06-27 03:00:00,Fashion,Prepaid,Tier_2,624.37,45.9,0,0,Delivered,,0,0,0.0,0.0,0.0,0.0
ORD_0008608,CUST_05282,2023-06-27 05:00:00,Electronics,COD,Tier_1,3207.1,39.37,0,0,Delivered,,0,0,0.0,0.0,0.0,0.0
ORD_0009715,CUST_01501,2023-06-27 07:00:00,Beauty,Prepaid,Tier_2,412.48,43.76,1,0,RTO,,1,0,0.0,0.0,0.0,0.0
ORD_0007402,CUST_02735,2023-06-27 08:00:00,Beauty,COD,Tier_2,1689.68,20.71,0,0,Delivered,,0,0,0.0,0.0,0.0,0.0
ORD_0007698,CUST_03648,2023-06-27 08:00:00,Electronics,COD,Tier_3,1297.84,41.9,0,0,Delivered,,0,0,0.0,0.0,0.0,0.0
ORD_0004040,CUST_04619,2023-06-27 09:00:00,Electronics,Prepaid,Tier_1,1890.92,14.13,1,0,RTO,,1,1,0.0,0.0,0.0,0.0
ORD_0005308,CUST_05218,2023-06-27 10:00:00,Home,COD,Tier_1,4003.66,23.55,0,0,Delivered,,0,2,0.0,1.0,0.0,0.5
ORD_0009123,CUST_00433,2023-06-27 11:00:00,Beauty,COD,Tier_2,4087.47,0.54,0,0,Delivered,,0,0,0.0,0.0,0.0,0.0
ORD_0001518,CUST_03673,2023-06-27 13:00:00,Footwear,Prepaid,Tier_3,314.79,29.39,0,0,Delivered,,0,0,0.0,0.0,0.0,0.0
ORD_0004852,CUST_04665,2023-06-27 15:00:00,Fashion,COD,Tier_2,645.14,16.18,1,0,RTO,,1,1,0.0,0.0,0.0,0.0
ORD_0007774,CUST_01421,2023-06-27 16:00:00,Home,COD,Tier_2,536.25,33.98,0,0,Delivered,,0,0,0.0,0.0,0.0,0.0
ORD_0006312,CUST_05820,2023-06-27 16:00:00,Fashion,Prepaid,Tier_1,1494.14,46.43,0,1,Returned,Wrong Size,1,2,0.0,1.0,0.0,0.5
ORD_0007477,CUST_02526,2023-06-27 17:00:00,Beauty,COD,Tier_1,571.23,43.35,0,0,Delivered,,0,1,0.0,0.0,0.0,0.0
ORD_0006185,CUST_00069,2023-06-27 17:00:00,Fashion,Prepaid,Tier_3,797.57,30.24,1,0,RTO,,1,2,0.0,0.0,0.0,0.0
ORD_0002803,CUST_04327,2023-06-27 17:00:00,Fashion,COD,Tier_3,2224.68,19.4,0,1,Returned,Not as Expected,1,0,0.0,0.0,0.0,0.0
ORD_0004284,CUST_01165,2023-06-27 17:00:00,Fashion,COD,Tier_2,1192.61,45.78,1,0,RTO,,1,0,0.0,0.0,0.0,0.0
ORD_0005267,CUST_02637,2023-06-27 18:00:00,Footwear,COD,Tier_1,362.7,29.27,0,0,Delivered,,0,1,1.0,0.0,1.0,0.0
ORD_0002514,CUST_01332,2023-06-27 18:00:00,Fashion,Prepaid,Tier_2,372.04,45.38,0,0,Delivered,,0,1,0.0,1.0,0.0,1.0
ORD_0006566,CUST_01292,2023-06-27 19:00:00,Electronics,COD,Tier_3,1801.73,32.53,1,0,RTO,,1,0,0.0,0.0,0.0,0.0
ORD_0006426,CUST_04593,2023-06-27 20:00:00,Fashion,Prepaid,Tier_2,1310.73,45.0,0,0,Delivered,,0,0,0.0,0.0,0.0,0.0
ORD_0007550,CUST_05498,2023-06-27 23:00:00,Beauty,Prepaid,Tier_3,563.39,0.16,0,0,Delivered,,0,0,0.0,0.0,0.0,0.0
ORD_0005493,CUST_00537,2023-06-27 23:00:00,Home,COD,Tier_1,1109.46,27.97,1,0,RTO,,1,1,0.0,0.0,0.0,0.0
ORD_0002934,CUST_05993,2023-06-28 00:00:00,Beauty,Prepaid,Tier_1,1806.44,0.47,0,0,Delivered,,0,1,0.0,0.0,0.0,0.0
ORD_0009731,CUST_03750,2023-06-28 01:00:00,Footwear,COD,Tier_1,645.18,4.56,0,1,Returned,Not as Expected,1,1,0.0,0.0,0.0,0.0
ORD_0003718,CUST_05713,2023-06-28 02:00:00,Fashion,COD,Tier_1,1783.67,28.17,0,0,Delivered,,0,0,0.0,0.0,0.0,0.0
ORD_0000341,CUST_01290,2023-06-28 03:00:00,Fashion,COD,Tier_2,1946.1,33.48,0,0,Delivered,,0,3,0.0,0.0,0.0,0.0
ORD_0009776,CUST_05403,2023-06-28 03:00:00,Electronics,COD,Tier_3,416.26,43.34,0,0,Delivered,,0,2,1.0,0.0,0.5,0.0
ORD_0000404,CUST_04334,2023-06-28 04:00:00,Fashion,Prepaid,Tier_2,465.88,9.65,0,0,Delivered,,0,0,0.0,0.0,0.0,0.0
ORD_0000488,CUST_00886,2023-06-28 04:00:00,Fashion,COD,Tier_2,506.13,17.97,0,0,Delivered,,0,2,0.0,0.0,0.0,0.0
ORD_0007873,CUST_02716,2023-06-28 04:00:00,Fashion,Prepaid,Tier_3,627.36,45.92,0,0,Delivered,,0,1,0.0,0.0,0.0,0.0
ORD_0000573,CUST_04663,2023-06-28 04:00:00,Footwear,COD,Tier_1,554.43,43.47,0,0,Delivered,,0,1,0.0,0.0,0.0,0.0
ORD_0009203,CUST_02626,2023-06-28 05:00:00,Fashion,COD,Tier_2,1790.96,8.04,0,0,Delivered,,0,1,0.0,0.0,0.0,0.0
ORD_0006987,CUST_00884,2023-06-28 06:00:00,Electronics,Prepaid,Tier_3,2517.07,11.18,0,0,Delivered,,0,0,0.0,0.0,0.0,0.0
ORD_0004765,CUST_01544,2023-06-28 06:00:00,Fashion,COD,Tier_2,1501.88,40.9,0,0,Delivered,,0,2,1.0,0.0,0.5,0.0
ORD_0009692,CUST_02302,2023-06-28 06:00:00,Fashion,COD,Tier_3,1732.32,11.82,0,0,Delivered,,0,0,0.0,0.0,0.0,0.0
ORD_0001748,CUST_05813,2023-06-28 06:00:00,Fashion,COD,Tier_2,1478.98,43.7,0,0,Delivered,,0,1,0.0,0.0,0.0,0.0
ORD_0002209,CUST_00286,2023-06-28 06:00:00,Electronics,COD,Tier_3,639.8,45.67,0,1,Returned,Wrong Size,1,1,0.0,0.0,0.0,0.0
ORD_0005357,CUST_04186,2023-06-28 07:00:00,Fashion,COD,Tier_1,1185.54,31.93,0,0,Delivered,,0,0,0.0,0.0,0.0,0.0
ORD_0009190,CUST_04606,2023-06-28 08:00:00,Beauty,Prepaid,Tier_2,2943.11,27.11,0,0,Delivered,,0,2,0.0,0.0,0.0,0.0
ORD_0004632,CUST_03630,2023-06-28 11:00:00,Footwear,Prepaid,Tier_2,401.25,38.98,0,0,Delivered,,0,2,1.0,1.0,0.5,0.5
ORD_0004590,CUST_02344,2023-06-28 12:00:00,Fashion,COD,Tier_2,1332.64,46.29,0,0,Delivered,,0,0,0.0,0.0,0.0,0.0
ORD_0008056,CUST_02650,2023-06-28 12:00:00,Fashion,Prepaid,Tier_1,2752.83,2.47,0,0,Delivered,,0,2,1.0,0.0,0.5,0.0
ORD_0004293,CUST_00740,2023-06-28 13:00:00,Fashion,COD,Tier_2,980.96,1.91,1,0,RTO,,1,3,0.0,1.0,0.0,0.3333333333333333
ORD_0007851,CUST_00725,2023-06-28 14:00:00,Footwear,Prepaid,Tier_3,3887.93,36.1,0,0,Delivered,,0,1,0.0,0.0,0.0,0.0
ORD_0001758,CUST_03770,2023-06-28 15:00:00,Fashion,Prepaid,Tier_2,4775.5,47.15,0,0,Delivered,,0,0,0.0,0.0,0.0,0.0
ORD_0001757,CUST_05064,2023-06-28 16:00:00,Beauty,COD,Tier_3,864.15,33.84,1,0,RTO,,1,1,0.0,0.0,0.0,0.0
ORD_0004482,CUST_00672,2023-06-28 17:00:00,Beauty,COD,Tier_2,429.26,30.58,0,1,Returned,Not as Expected,1,0,0.0,0.0,0.0,0.0
ORD_0009002,CUST_05864,2023-06-28 18:00:00,Fashion,COD,Tier_2,927.77,44.15,0,1,Returned,Defective,1,0,0.0,0.0,0.0,0.0
ORD_0005146,CUST_02279,2023-06-28 20:00:00,Fashion,Prepaid,Tier_2,835.84,20.47,0,0,Delivered,,0,0,0.0,0.0,0.0,0.0
ORD_0001214,CUST_04835,2023-06-28 21:00:00,Fashion,COD,Tier_3,761.91,2.65,0,0,Delivered,,0,2,0.0,0.0,0.0,0.0
ORD_0005184,CUST_05501,2023-06-28 22:00:00,Footwear,Prepaid,Tier_1,6370.71,29.23,0,0,Delivered,,0,0,0.0,0.0,0.0,0.0
ORD_0001578,CUST_02777,2023-06-28 22:00:00,Electronics,Prepaid,Tier_3,2478.64,1.96,0,0,Delivered,,0,0,0.0,0.0,0.0,0.0
ORD_0008447,CUST_00276,2023-06-29 00:00:00,Footwear,COD,Tier_2,1335.66,14.93,1,0,RTO,,1,2,1.0,0.0,0.5,0.0
ORD_0007571,CUST_04703,2023-06-29 01:00:00,Fashion,COD,Tier_2,3608.62,1.44,0,1,Returned,Wrong Size,1,0,0.0,0.0,0.0,0.0
ORD_0000330,CUST_00480,2023-06-29 03:00:00,Home,COD,Tier_1,782.53,29.34,0,0,Delivered,,0,1,1.0,0.0,1.0,0.0
ORD_0008887,CUST_05639,2023-06-29 03:00:00,Footwear,Prepaid,Tier_1,906.86,19.31,0,0,Delivered,,0,1,0.0,0.0,0.0,0.0
ORD_0002849,CUST_00372,2023-06-29 05:00:00,Home,Prepaid,Tier_3,3991.43,13.99,0,0,Delivered,,0,1,0.0,0.0,0.0,0.0
ORD_0006597,CUST_00324,2023-06-29 06:00:00,Fashion,COD,Tier_2,1297.8,28.61,0,1,Returned,Changed Mind,1,0,0.0,0.0,0.0,0.0
ORD_0008678,CUST_03315,2023-06-29 07:00:00,Electronics,COD,Tier_1,888.2,14.74,0,1,Returned,Changed Mind,1,0,0.0,0.0,0.0,0.0
ORD_0002977,CUST_02464,2023-06-29 08:00:00,Home,COD,Tier_2,3803.22,47.2,0,0,Delivered,,0,0,0.0,0.0,0.0,0.0
ORD_0002074,CUST_00013,2023-06-29 09:00:00,Fashion,COD,Tier_3,683.67,4.32,0,0,Delivered,,0,0,0.0,0.0,0.0,0.0
ORD_0005637,CUST_05402,2023-06-29 09:00:00,Home,COD,Tier_1,4694.26,23.37,0,0,Delivered,,0,0,0.0,0.0,0.0,0.0
ORD_0007105,CUST_04962,2023-06-29 09:00:00,Beauty,COD,Tier_1,4834.46,31.26,0,0,Delivered,,0,1,0.0,0.0,0.0,0.0
ORD_0001806,CUST_04625,2023-06-29 10:00:00,Footwear,Prepaid,Tier_3,396.47,34.03,0,0,Delivered,,0,0,0.0,0.0,0.0,0.0
ORD_0002064,CUST_04392,2023-06-29 12:00:00,Beauty,COD,Tier_1,793.38,0.65,0,0,Delivered,,0,1,0.0,0.0,0.0,0.0
ORD_0000332,CUST_04442,2023-06-29 14:00:00,Home,COD,Tier_2,343.91,6.19,0,0,Delivered,,0,4,0.0,0.0,0.0,0.0
ORD_0004942,CUST_05330,2023-06-29 14:00:00,Footwear,Prepaid,Tier_3,594.14,27.45,0,0,Delivered,,0,1,0.0,1.0,0.0,1.0
ORD_0008253,CUST_01377,2023-06-29 15:00:00,Home,COD,Tier_3,625.07,20.34,1,0,RTO,,1,1,1.0,0.0,1.0,0.0
ORD_0007929,CUST_01189,2023-06-29 15:00:00,Electronics,COD,Tier_2,2429.46,11.5,0,0,Delivered,,0,0,0.0,0.0,0.0,0.0
ORD_0003458,CUST_00951,2023-06-29 15:00:00,Home,COD,Tier_2,1460.56,48.75,1,0,RTO,,1,2,0.0,0.0,0.0,0.0
ORD_0009202,CUST_02331,2023-06-29 16:00:00,Beauty,Prepaid,Tier_1,456.99,22.51,0,0,Delivered,,0,1,0.0,0.0,0.0,0.0
ORD_0005705,CUST_04106,2023-06-29 18:00:00,Electronics,COD,Tier_1,417.96,33.95,0,0,Delivered,,0,0,0.0,0.0,0.0,0.0
ORD_0003456,CUST_03408,2023-06-29 18:00:00,Electronics,COD,Tier_1,1483.79,26.96,0,0,Delivered,,0,2,0.0,0.0,0.0,0.0
ORD_0008385,CUST_01459,2023-06-29 19:00:00,Footwear,COD,Tier_3,871.98,18.45,0,1,Returned,Wrong Size,1,1,0.0,0.0,0.0,0.0
ORD_0008841,CUST_05619,2023-06-29 20:00:00,Fashion,COD,Tier_3,8086.03,38.67,1,0,RTO,,1,1,1.0,0.0,1.0,0.0
ORD_0002528,CUST_00137,2023-06-29 20:00:00,Electronics,COD,Tier_3,3883.59,48.08,1,0,RTO,,1,0,0.0,0.0,0.0,0.0
ORD_0006325,CUST_01507,2023-06-29 21:00:00,Fashion,COD,Tier_1,422.55,32.83,0,0,Delivered,,0,2,0.0,1.0,0.0,0.5
ORD_0003483,CUST_05309,2023-06-29 23:00:00,Beauty,Prepaid,Tier_2,354.58,10.67,1,0,RTO,,1,1,0.0,0.0,0.0,0.0
ORD_0006105,CUST_03379,2023-06-29 23:00:00,Fashion,Prepaid,Tier_3,3434.68,9.06,0,0,Delivered,,0,0,0.0,0.0,0.0,0.0
ORD_0004660,CUST_01580,2023-06-30 01:00:00,Footwear,COD,Tier_3,3904.4,19.54,0,0,Delivered,,0,1,0.0,1.0,0.0,1.0
ORD_0002140,CUST_00300,2023-06-30 02:00:00,Fashion,COD,Tier_2,4380.64,36.04,1,0,RTO,,1,0,0.0,0.0,0.0,0.0
ORD_0006541,CUST_05462,2023-06-30 03:00:00,Fashion,COD,Tier_1,319.26,33.72,0,0,Delivered,,0,0,0.0,0.0,0.0,0.0
ORD_0009680,CUST_00735,2023-06-30 08:00:00,Fashion,Prepaid,Tier_2,538.77,33.87,0,0,Delivered,,0,0,0.0,0.0,0.0,0.0
ORD_0004866,CUST_00039,2023-06-30 10:00:00,Footwear,COD,Tier_2,4883.5,13.43,0,0,Delivered,,0,1,0.0,0.0,0.0,0.0
ORD_0006198,CUST_02154,2023-06-30 11:00:00,Beauty,Prepaid,Tier_2,378.16,37.11,0,0,Delivered,,0,0,0.0,0.0,0.0,0.0
ORD_0007493,CUST_01434,2023-06-30 13:00:00,Home,Prepaid,Tier_3,617.83,7.4,0,0,Delivered,,0,0,0.0,0.0,0.0,0.0
ORD_0003139,CUST_00790,2023-06-30 14:00:00,Footwear,Prepaid,Tier_2,1581.13,6.44,0,0,Delivered,,0,1,0.0,0.0,0.0,0.0
ORD_0007683,CUST_01935,2023-06-30 16:00:00,Fashion,COD,Tier_3,995.09,45.41,0,0,Delivered,,0,1,1.0,0.0,1.0,0.0
ORD_0007438,CUST_01113,2023-06-30 16:00:00,Footwear,Prepaid,Tier_2,597.23,27.08,0,0,Delivered,,0,1,0.0,0.0,0.0,0.0
ORD_0004649,CUST_01303,2023-06-30 17:00:00,Fashion,Prepaid,Tier_3,553.39,32.63,0,0,Delivered,,0,2,1.0,0.0,0.5,0.0
ORD_0007041,CUST_05980,2023-06-30 18:00:00,Electronics,COD,Tier_3,440.02,19.85,0,0,Delivered,,0,2,1.0,0.0,0.5,0.0
ORD_0005185,CUST_03738,2023-06-30 18:00:00,Beauty,COD,Tier_2,2684.69,40.08,0,0,Delivered,,0,0,0.0,0.0,0.0,0.0
ORD_0003569,CUST_03466,2023-06-30 19:00:00,Footwear,COD,Tier_3,938.46,30.65,0,0,Delivered,,0,1,0.0,1.0,0.0,1.0
ORD_0000229,CUST_02031,2023-06-30 19:00:00,Home,COD,Tier_3,2012.43,27.15,0,0,Delivered,,0,2,1.0,0.0,0.5,0.0
ORD_0001335,CUST_02345,2023-06-30 20:00:00,Fashion,COD,Tier_1,1310.94,47.31,1,0,RTO,,1,0,0.0,0.0,0.0,0.0
ORD_0009527,CUST_00026,2023-06-30 21:00:00,Fashion,Prepaid,Tier_3,709.83,43.84,0,0,Delivered,,0,0,0.0,0.0,0.0,0.0
ORD_0004647,CUST_00461,2023-06-30 21:00:00,Home,COD,Tier_2,1430.93,1.51,0,0,Delivered,,0,1,0.0,0.0,0.0,0.0
ORD_0002215,CUST_02967,2023-06-30 22:00:00,Fashion,Prepaid,Tier_3,1092.15,34.88,0,0,Delivered,,0,0,0.0,0.0,0.0,0.0
ORD_0000775,CUST_04621,2023-06-30 22:00:00,Footwear,COD,Tier_2,4470.43,14.22,0,0,Delivered,,0,1,0.0,0.0,0.0,0.0
ORD_0009111,CUST_01208,2023-06-30 23:00:00,Fashion,Prepaid,Tier_3,402.46,43.16,0,0,Delivered,,0,2,1.0,1.0,0.5,0.5
ORD_0007804,CUST_03488,2023-07-01 00:00:00,Home,COD,Tier_1,1714.68,7.02,0,0,Delivered,,0,0,0.0,0.0,0.0,0.0
ORD_0004964,CUST_02071,2023-07-01 00:00:00,Footwear,Prepaid,Tier_2,1209.41,17.73,0,0,Delivered,,0,0,0.0,0.0,0.0,0.0
ORD_0007821,CUST_05988,2023-07-01 00:00:00,Footwear,COD,Tier_2,601.24,24.59,0,0,Delivered,,0,1,0.0,0.0,0.0,0.0
ORD_0003872,CUST_05228,2023-07-01 00:00:00,Home,COD,Tier_1,1311.76,9.13,0,0,Delivered,,0,0,0.0,0.0,0.0,0.0
ORD_0007986,CUST_00806,2023-07-01 01:00:00,Fashion,COD,Tier_1,2824.88,39.91,0,0,Delivered,,0,0,0.0,0.0,0.0,0.0
ORD_0007288,CUST_04926,2023-07-01 01:00:00,Footwear,COD,Tier_1,5420.82,42.93,1,0,RTO,,1,1,0.0,0.0,0.0,0.0
ORD_0007587,CUST_03143,2023-07-01 03:00:00,Footwear,Prepaid,Tier_2,818.72,45.05,0,0,Delivered,,0,2,1.0,0.0,0.5,0.0
ORD_0003529,CUST_05495,2023-07-01 03:00:00,Fashion,COD,Tier_3,925.48,25.04,1,0,RTO,,1,0,0.0,0.0,0.0,0.0
ORD_0007227,CUST_05885,2023-07-01 04:00:00,Electronics,COD,Tier_3,1588.49,48.92,1,0,RTO,,1,1,0.0,1.0,0.0,1.0
ORD_0006021,CUST_01596,2023-07-01 05:00:00,Electronics,COD,Tier_1,797.88,27.31,0,0,Delivered,,0,0,0.0,0.0,0.0,0.0
ORD_0004515,CUST_05474,2023-07-01 06:00:00,Beauty,Prepaid,Tier_1,382.58,31.45,0,0,Delivered,,0,1,0.0,0.0,0.0,0.0
ORD_0009910,CUST_03410,2023-07-01 06:00:00,Fashion,COD,Tier_1,1598.22,14.21,0,0,Delivered,,0,1,0.0,0.0,0.0,0.0
ORD_0003023,CUST_03924,2023-07-01 08:00:00,Home,Prepaid,Tier_2,3316.69,34.21,0,0,Delivered,,0,0,0.0,0.0,0.0,0.0
ORD_0009633,CUST_01092,2023-07-01 08:00:00,Fashion,COD,Tier_2,1855.63,0.96,0,1,Returned,Changed Mind,1,0,0.0,0.0,0.0,0.0
ORD_0003853,CUST_05657,2023-07-01 09:00:00,Fashion,Prepaid,Tier_2,487.44,36.95,0,0,Delivered,,0,3,0.0,1.0,0.0,0.3333333333333333
ORD_0009102,CUST_03279,2023-07-01 10:00:00,Footwear,COD,Tier_1,1581.86,30.58,0,0,Delivered,,0,1,1.0,0.0,1.0,0.0
ORD_0001306,CUST_02451,2023-07-01 10:00:00,Footwear,COD,Tier_2,1026.36,46.99,0,0,Delivered,,0,0,0.0,0.0,0.0,0.0
ORD_0007131,CUST_01584,2023-07-01 11:00:00,Electronics,Prepaid,Tier_2,3853.18,23.0,0,0,Delivered,,0,0,0.0,0.0,0.0,0.0
ORD_0000067,CUST_01867,2023-07-01 12:00:00,Home,Prepaid,Tier_1,911.2,15.98,0,0,Delivered,,0,0,0.0,0.0,0.0,0.0
ORD_0005866,CUST_00890,2023-07-01 15:00:00,Beauty,COD,Tier_2,968.36,9.07,0,0,Delivered,,0,0,0.0,0.0,0.0,0.0
ORD_0002373,CUST_05064,2023-07-01 15:00:00,Footwear,COD,Tier_2,343.31,7.48,0,0,Delivered,,0,2,0.0,1.0,0.0,0.5
ORD_0000696,CUST_03191,2023-07-01 15:00:00,Footwear,Prepaid,Tier_3,384.48,3.99,0,0,Delivered,,0,1,0.0,1.0,0.0,1.0
ORD_0007456,CUST_00154,2023-07-01 16:00:00,Footwear,Prepaid,Tier_3,435.95,0.11,0,0,Delivered,,0,2,0.0,0.0,0.0,0.0
ORD_0002933,CUST_01919,2023-07-01 18:00:00,Fashion,COD,Tier_3,341.19,34.02,0,0,Delivered,,0,0,0.0,0.0,0.0,0.0
ORD_0009001,CUST_01778,2023-07-01 18:00:00,Fashion,COD,Tier_2,1970.6,49.34,0,0,Delivered,,0,0,0.0,0.0,0.0,0.0
ORD_0005978,CUST_02773,2023-07-01 22:00:00,Electronics,Prepaid,Tier_2,9761.64,42.88,0,0,Delivered,,0,0,0.0,0.0,0.0,0.0
ORD_0005798,CUST_02706,2023-07-01 22:00:00,Footwear,COD,Tier_3,602.8,0.96,0,0,Delivered,,0,1,0.0,0.0,0.0,0.0
ORD_0004818,CUST_01821,2023-07-01 23:00:00,Fashion,COD,Tier_2,984.77,41.25,0,0,Delivered,,0,1,0.0,0.0,0.0,0.0
ORD_0002661,CUST_00431,2023-07-01 23:00:00,Fashion,COD,Tier_1,528.52,31.81,0,1,Returned,Wrong Size,1,1,1.0,0.0,1.0,0.0
ORD_0003371,CUST_01474,2023-07-02 02:00:00,Footwear,COD,Tier_2,302.5,11.5,1,0,RTO,,1,4,0.0,1.0,0.0,0.25
ORD_0001797,CUST_00618,2023-07-02 02:00:00,Fashion,COD,Tier_1,1374.52,41.88,0,0,Delivered,,0,2,1.0,0.0,0.5,0.0
ORD_0003577,CUST_04546,2023-07-02 03:00:00,Footwear,COD,Tier_1,2149.0,48.13,0,1,Returned,Not as Expected,1,1,0.0,0.0,0.0,0.0
ORD_0002779,CUST_02417,2023-07-02 03:00:00,Fashion,Prepaid,Tier_3,891.2,22.58,0,0,Delivered,,0,0,0.0,0.0,0.0,0.0
ORD_0008244,CUST_00374,2023-07-02 04:00:00,Electronics,Prepaid,Tier_1,1046.15,5.74,0,0,Delivered,,0,0,0.0,0.0,0.0,0.0
ORD_0002410,CUST_02615,2023-07-02 05:00:00,Fashion,COD,Tier_3,1521.85,37.12,1,0,RTO,,1,1,0.0,0.0,0.0,0.0
ORD_0000794,CUST_03075,2023-07-02 05:00:00,Fashion,COD,Tier_2,3242.3,19.35,0,1,Returned,Changed Mind,1,0,0.0,0.0,0.0,0.0
ORD_0004294,CUST_00461,2023-07-02 06:00:00,Fashion,Prepaid,Tier_3,374.93,44.38,0,0,Delivered,,0,2,0.0,0.0,0.0,0.0
ORD_0000010,CUST_00713,2023-07-02 07:00:00,Fashion,COD,Tier_1,529.53,49.43,1,0,RTO,,1,2,0.0,1.0,0.0,0.5
ORD_0002853,CUST_00523,2023-07-02 07:00:00,Beauty,COD,Tier_2,1124.87,37.25,0,0,Delivered,,0,2,1.0,1.0,0.5,0.5
ORD_0005940,CUST_04796,2023-07-02 08:00:00,Footwear,COD,Tier_1,1155.54,34.76,0,1,Returned,Wrong Size,1,1,0.0,0.0,0.0,0.0
ORD_0002178,CUST_02511,2023-07-02 09:00:00,Fashion,Prepaid,Tier_3,2724.66,21.66,1,0,RTO,,1,0,0.0,0.0,0.0,0.0
ORD_0004935,CUST_00180,2023-07-02 11:00:00,Fashion,Prepaid,Tier_3,3549.47,7.51,0,0,Delivered,,0,1,0.0,1.0,0.0,1.0
ORD_0000030,CUST_04828,2023-07-02 12:00:00,Home,Prepaid,Tier_2,2531.87,23.52,0,1,Returned,Wrong Size,1,0,0.0,0.0,0.0,0.0
ORD_0002795,CUST_05441,2023-07-02 12:00:00,Electronics,COD,Tier_1,1400.19,35.03,0,0,Delivered,,0,1,0.0,0.0,0.0,0.0
ORD_0006855,CUST_05519,2023-07-02 12:00:00,Fashion,Prepaid,Tier_3,387.96,25.48,0,0,Delivered,,0,3,0.0,1.0,0.0,0.3333333333333333
ORD_0004805,CUST_01484,2023-07-02 13:00:00,Footwear,COD,Tier_1,1421.44,16.79,0,1,Returned,Wrong Size,1,0,0.0,0.0,0.0,0.0
ORD_0004283,CUST_04618,2023-07-02 13:00:00,Fashion,COD,Tier_1,721.52,18.31,0,0,Delivered,,0,1,0.0,1.0,0.0,1.0
ORD_0008147,CUST_01447,2023-07-02 14:00:00,Footwear,COD,Tier_1,1700.82,31.84,0,0,Delivered,,0,0,0.0,0.0,0.0,0.0
ORD_0003056,CUST_01196,2023-07-02 15:00:00,Electronics,Prepaid,Tier_1,1656.42,28.69,0,0,Delivered,,0,1,0.0,0.0,0.0,0.0
ORD_0005314,CUST_03936,2023-07-02 16:00:00,Fashion,COD,Tier_2,1401.39,31.5,0,0,Delivered,,0,0,0.0,0.0,0.0,0.0
ORD_0002218,CUST_00266,2023-07-02 17:00:00,Beauty,Prepaid,Tier_1,3098.46,22.59,0,0,Delivered,,0,2,0.0,2.0,0.0,1.0
ORD_0002301,CUST_03922,2023-07-02 19:00:00,Fashion,COD,Tier_2,1964.5,2.52,0,1,Returned,Wrong Size,1,0,0.0,0.0,0.0,0.0
ORD_0007208,CUST_01109,2023-07-02 19:00:00,Home,Prepaid,Tier_2,2457.22,21.8,0,0,Delivered,,0,0,0.0,0.0,0.0,0.0
ORD_0002889,CUST_02445,2023-07-02 20:00:00,Footwear,COD,Tier_3,1922.58,2.83,0,0,Delivered,,0,4,0.0,3.0,0.0,0.75
ORD_0004570,CUST_02263,2023-07-02 22:00:00,Fashion,COD,Tier_3,861.3,17.54,0,0,Delivered,,0,0,0.0,0.0,0.0,0.0
ORD_0000448,CUST_00917,2023-07-02 23:00:00,Home,Prepaid,Tier_1,616.75,1.34,0,0,Delivered,,0,2,1.0,0.0,0.5,0.0
ORD_0008940,CUST_01055,2023-07-03 00:00:00,Beauty,COD,Tier_3,311.52,29.81,0,0,Delivered,,0,1,0.0,0.0,0.0,0.0
ORD_0001960,CUST_02985,2023-07-03 00:00:00,Electronics,COD,Tier_2,377.28,31.99,0,0,Delivered,,0,0,0.0,0.0,0.0,0.0
ORD_0007045,CUST_05018,2023-07-03 00:00:00,Home,Prepaid,Tier_3,365.2,49.5,0,1,Returned,Wrong Size,1,1,0.0,0.0,0.0,0.0
ORD_0009851,CUST_04206,2023-07-03 01:00:00,Footwear,COD,Tier_1,810.71,35.19,1,0,RTO,,1,0,0.0,0.0,0.0,0.0
ORD_0001786,CUST_05288,2023-07-03 01:00:00,Fashion,COD,Tier_3,1982.77,24.95,1,0,RTO,,1,3,0.0,0.0,0.0,0.0
ORD_0005559,CUST_03883,2023-07-03 02:00:00,Beauty,COD,Tier_3,1166.88,33.37,0,0,Delivered,,0,1,0.0,0.0,0.0,0.0
ORD_0004078,CUST_00360,2023-07-03 02:00:00,Fashion,COD,Tier_1,976.2,13.3,0,0,Delivered,,0,0,0.0,0.0,0.0,0.0
ORD_0001304,CUST_02831,2023-07-03 03:00:00,Footwear,COD,Tier_2,342.98,18.5,0,0,Delivered,,0,0,0.0,0.0,0.0,0.0
ORD_0009694,CUST_03524,2023-07-03 03:00:00,Electronics,COD,Tier_2,2233.29,4.32,0,1,Returned,Not as Expected,1,2,1.0,0.0,0.5,0.0
ORD_0008871,CUST_00630,2023-07-03 05:00:00,Electronics,COD,Tier_1,649.5,14.48,0,0,Delivered,,0,2,0.0,1.0,0.0,0.5
ORD_0007219,CUST_03725,2023-07-03 05:00:00,Footwear,COD,Tier_2,1544.44,4.29,0,0,Delivered,,0,0,0.0,0.0,0.0,0.0
ORD_0001937,CUST_00633,2023-07-03 06:00:00,Fashion,COD,Tier_2,656.18,0.63,0,0,Delivered,,0,1,0.0,0.0,0.0,0.0
ORD_0003740,CUST_00816,2023-07-03 07:00:00,Fashion,COD,Tier_2,1819.72,8.91,0,0,Delivered,,0,0,0.0,0.0,0.0,0.0
ORD_0002789,CUST_03061,2023-07-03 08:00:00,Footwear,COD,Tier_2,4128.58,17.52,0,0,Delivered,,0,1,0.0,0.0,0.0,0.0
ORD_0002135,CUST_04223,2023-07-03 09:00:00,Footwear,COD,Tier_2,2901.99,14.95,0,1,Returned,Wrong Size,1,2,0.0,1.0,0.0,0.5
ORD_0005908,CUST_00801,2023-07-03 10:00:00,Fashion,COD,Tier_1,329.51,11.67,0,0,Delivered,,0,1,0.0,0.0,0.0,0.0
ORD_0006390,CUST_02537,2023-07-03 10:00:00,Fashion,COD,Tier_3,744.11,42.77,0,0,Delivered,,0,1,0.0,1.0,0.0,1.0
ORD_0002653,CUST_01961,2023-07-03 11:00:00,Fashion,COD,Tier_2,3255.58,39.75,0,0,Delivered,,0,0,0.0,0.0,0.0,0.0
ORD_0008829,CUST_00978,2023-07-03 13:00:00,Home,COD,Tier_3,4839.46,47.9,1,0,RTO,,1,1,0.0,1.0,0.0,1.0
ORD_0004107,CUST_03709,2023-07-03 13:00:00,Electronics,COD,Tier_1,847.99,46.94,0,0,Delivered,,0,0,0.0,0.0,0.0,0.0
ORD_0009011,CUST_04131,2023-07-03 13:00:00,Fashion,Prepaid,Tier_3,335.85,10.05,0,0,Delivered,,0,3,1.0,1.0,0.3333333333333333,0.3333333333333333
ORD_0008184,CUST_00460,2023-07-03 13:00:00,Fashion,Prepaid,Tier_3,1297.07,4.1,0,0,Delivered,,0,1,0.0,0.0,0.0,0.0
ORD_0005890,CUST_00010,2023-07-03 15:00:00,Footwear,Prepaid,Tier_1,2002.31,30.36,0,0,Delivered,,0,1,0.0,0.0,0.0,0.0
ORD_0007360,CUST_04334,2023-07-03 15:00:00,Fashion,Prepaid,Tier_2,1890.64,48.47,0,1,Returned,Wrong Size,1,1,0.0,0.0,0.0,0.0
ORD_0005648,CUST_00040,2023-07-03 16:00:00,Electronics,COD,Tier_1,505.95,2.05,0,0,Delivered,,0,0,0.0,0.0,0.0,0.0
ORD_0008035,CUST_04954,2023-07-03 16:00:00,Electronics,COD,Tier_1,1190.78,17.09,0,0,Delivered,,0,0,0.0,0.0,0.0,0.0
ORD_0000813,CUST_03510,2023-07-03 17:00:00,Footwear,COD,Tier_3,4098.32,41.21,0,0,Delivered,,0,1,1.0,0.0,1.0,0.0
ORD_0004489,CUST_05416,2023-07-03 17:00:00,Fashion,COD,Tier_2,492.8,0.42,1,0,RTO,,1,3,0.0,0.0,0.0,0.0
ORD_0007338,CUST_03501,2023-07-03 17:00:00,Home,COD,Tier_2,806.11,48.57,1,0,RTO,,1,0,0.0,0.0,0.0,0.0
ORD_0008250,CUST_02244,2023-07-03 19:00:00,Electronics,COD,Tier_1,637.87,29.95,0,0,Delivered,,0,0,0.0,0.0,0.0,0.0
ORD_0000746,CUST_03725,2023-07-03 20:00:00,Beauty,COD,Tier_1,1694.89,25.09,0,0,Delivered,,0,1,0.0,0.0,0.0,0.0
ORD_0000080,CUST_01717,2023-07-03 21:00:00,Fashion,Prepaid,Tier_3,1321.14,19.53,0,1,Returned,Changed Mind,1,0,0.0,0.0,0.0,0.0
ORD_0008528,CUST_00549,2023-07-03 23:00:00,Fashion,COD,Tier_3,4955.4,49.02,0,1,Returned,Changed Mind,1,1,0.0,0.0,0.0,0.0
ORD_0005646,CUST_03509,2023-07-04 00:00:00,Beauty,Prepaid,Tier_2,813.28,14.6,0,0,Delivered,,0,0,0.0,0.0,0.0,0.0
ORD_0001845,CUST_04684,2023-07-04 01:00:00,Fashion,COD,Tier_2,781.2,17.18,0,0,Delivered,,0,0,0.0,0.0,0.0,0.0
ORD_0001332,CUST_00402,2023-07-04 03:00:00,Fashion,COD,Tier_1,1493.92,18.01,0,1,Returned,Changed Mind,1,1,0.0,0.0,0.0,0.0
ORD_0009208,CUST_01051,2023-07-04 03:00:00,Electronics,Prepaid,Tier_1,582.46,1.73,0,0,Delivered,,0,1,0.0,1.0,0.0,1.0
ORD_0009621,CUST_01930,2023-07-04 05:00:00,Fashion,COD,Tier_3,3096.48,16.87,1,0,RTO,,1,0,0.0,0.0,0.0,0.0
ORD_0007773,CUST_05428,2023-07-04 05:00:00,Fashion,Prepaid,Tier_2,411.09,4.96,0,0,Delivered,,0,1,0.0,0.0,0.0,0.0
ORD_0002474,CUST_02365,2023-07-04 06:00:00,Fashion,Prepaid,Tier_1,1303.93,3.61,0,1,Returned,Not as Expected,1,3,0.0,1.0,0.0,0.3333333333333333
ORD_0004514,CUST_00703,2023-07-04 06:00:00,Electronics,Prepaid,Tier_1,395.48,11.2,0,1,Returned,Defective,1,2,1.0,1.0,0.5,0.5
ORD_0004277,CUST_04847,2023-07-04 10:00:00,Home,COD,Tier_3,2030.18,8.3,0,0,Delivered,,0,2,1.0,0.0,0.5,0.0
ORD_0005799,CUST_05901,2023-07-04 10:00:00,Electronics,Prepaid,Tier_2,2233.9,31.48,0,0,Delivered,,0,2,1.0,0.0,0.5,0.0
ORD_0003595,CUST_05350,2023-07-04 11:00:00,Fashion,COD,Tier_1,1655.77,6.48,1,0,RTO,,1,1,0.0,0.0,0.0,0.0
ORD_0008318,CUST_03803,2023-07-04 11:00:00,Footwear,COD,Tier_1,467.19,32.65,0,0,Delivered,,0,1,0.0,0.0,0.0,0.0
ORD_0006190,CUST_04760,2023-07-04 11:00:00,Fashion,COD,Tier_3,1626.09,0.73,0,0,Delivered,,0,0,0.0,0.0,0.0,0.0
ORD_0000443,CUST_04520,2023-07-04 12:00:00,Footwear,COD,Tier_2,623.68,34.47,0,0,Delivered,,0,0,0.0,0.0,0.0,0.0
ORD_0009511,CUST_03448,2023-07-04 12:00:00,Fashion,COD,Tier_2,1025.21,3.33,0,0,Delivered,,0,1,0.0,0.0,0.0,0.0
ORD_0001908,CUST_05807,2023-07-04 13:00:00,Electronics,COD,Tier_3,503.77,34.78,0,0,Delivered,,0,0,0.0,0.0,0.0,0.0
ORD_0004534,CUST_03235,2023-07-04 14:00:00,Electronics,COD,Tier_2,369.17,45.4,0,0,Delivered,,0,1,0.0,0.0,0.0,0.0
ORD_0007304,CUST_00301,2023-07-04 14:00:00,Fashion,COD,Tier_2,667.01,47.99,1,0,RTO,,1,1,0.0,1.0,0.0,1.0
ORD_0002431,CUST_01306,2023-07-04 14:00:00,Home,Prepaid,Tier_2,378.66,29.87,0,0,Delivered,,0,0,0.0,0.0,0.0,0.0
ORD_0008874,CUST_05145,2023-07-04 15:00:00,Footwear,COD,Tier_2,443.38,13.96,1,0,RTO,,1,2,0.0,0.0,0.0,0.0
ORD_0007685,CUST_05429,2023-07-04 16:00:00,Fashion,COD,Tier_1,744.46,24.15,0,0,Delivered,,0,1,0.0,0.0,0.0,0.0
ORD_0005368,CUST_04524,2023-07-04 16:00:00,Electronics,COD,Tier_2,973.24,47.61,1,0,RTO,,1,0,0.0,0.0,0.0,0.0
ORD_0002577,CUST_05959,2023-07-04 17:00:00,Fashion,COD,Tier_1,743.04,48.81,0,1,Returned,Not as Expected,1,1,0.0,0.0,0.0,0.0
ORD_0006036,CUST_01290,2023-07-04 17:00:00,Beauty,Prepaid,Tier_1,2477.09,36.71,0,0,Delivered,,0,4,0.0,0.0,0.0,0.0
ORD_0002327,CUST_01254,2023-07-04 18:00:00,Fashion,Prepaid,Tier_2,1629.71,47.28,0,1,Returned,Wrong Size,1,1,0.0,0.0,0.0,0.0
ORD_0000631,CUST_03483,2023-07-04 19:00:00,Home,Prepaid,Tier_2,1339.92,48.06,0,0,Delivered,,0,0,0.0,0.0,0.0,0.0
ORD_0006110,CUST_05742,2023-07-04 20:00:00,Fashion,COD,Tier_1,2015.2,19.63,0,0,Delivered,,0,2,1.0,0.0,0.5,0.0
ORD_0005425,CUST_05798,2023-07-04 21:00:00,Electronics,COD,Tier_2,1049.55,16.78,1,0,RTO,,1,2,1.0,0.0,0.5,0.0
ORD_0002350,CUST_05251,2023-07-04 22:00:00,Footwear,COD,Tier_3,380.95,13.5,0,0,Delivered,,0,2,0.0,0.0,0.0,0.0
ORD_0007612,CUST_00762,2023-07-04 23:00:00,Home,Prepaid,Tier_3,1737.76,1.58,0,0,Delivered,,0,0,0.0,0.0,0.0,0.0
ORD_0007026,CUST_02260,2023-07-05 04:00:00,Beauty,Prepaid,Tier_3,795.49,12.85,0,0,Delivered,,0,0,0.0,0.0,0.0,0.0
ORD_0008929,CUST_01139,2023-07-05 04:00:00,Electronics,Prepaid,Tier_3,510.52,3.87,0,0,Delivered,,0,0,0.0,0.0,0.0,0.0
ORD_0000262,CUST_03875,2023-07-05 04:00:00,Electronics,Prepaid,Tier_2,2515.25,42.15,0,1,Returned,Wrong Size,1,0,0.0,0.0,0.0,0.0
ORD_0000577,CUST_00004,2023-07-05 05:00:00,Beauty,COD,Tier_3,482.91,43.48,0,0,Delivered,,0,0,0.0,0.0,0.0,0.0
ORD_0001204,CUST_05778,2023-07-05 05:00:00,Fashion,Prepaid,Tier_2,315.67,8.1,0,1,Returned,Wrong Size,1,0,0.0,0.0,0.0,0.0
ORD_0003108,CUST_01792,2023-07-05 05:00:00,Footwear,Prepaid,Tier_1,2190.48,21.2,1,0,RTO,,1,1,0.0,0.0,0.0,0.0
ORD_0006068,CUST_03336,2023-07-05 06:00:00,Fashion,COD,Tier_3,1129.01,12.01,0,1,Returned,Wrong Size,1,0,0.0,0.0,0.0,0.0
ORD_0007039,CUST_01125,2023-07-05 08:00:00,Home,COD,Tier_3,536.0,21.5,0,0,Delivered,,0,3,0.0,0.0,0.0,0.0
ORD_0004668,CUST_05773,2023-07-05 08:00:00,Home,Prepaid,Tier_3,538.5,34.31,0,1,Returned,Wrong Size,1,4,2.0,0.0,0.5,0.0
ORD_0004572,CUST_03754,2023-07-05 10:00:00,Electronics,COD,Tier_3,2929.41,39.81,1,0,RTO,,1,0,0.0,0.0,0.0,0.0
ORD_0003645,CUST_01942,2023-07-05 11:00:00,Home,COD,Tier_2,309.87,41.13,0,1,Returned,Wrong Size,1,0,0.0,0.0,0.0,0.0
ORD_0005139,CUST_04062,2023-07-05 11:00:00,Home,COD,Tier_2,449.12,40.77,0,0,Delivered,,0,2,1.0,0.0,0.5,0.0
ORD_0007653,CUST_05852,2023-07-05 12:00:00,Fashion,COD,Tier_1,370.17,39.89,0,0,Delivered,,0,0,0.0,0.0,0.0,0.0
ORD_0002391,CUST_01295,2023-07-05 12:00:00,Footwear,Prepaid,Tier_3,1061.82,40.59,0,0,Delivered,,0,0,0.0,0.0,0.0,0.0
ORD_0002714,CUST_03835,2023-07-05 14:00:00,Electronics,Prepaid,Tier_2,726.65,2.58,1,0,RTO,,1,2,0.0,1.0,0.0,0.5
ORD_0006440,CUST_01963,2023-07-05 14:00:00,Fashion,COD,Tier_3,687.14,20.98,0,0,Delivered,,0,0,0.0,0.0,0.0,0.0
ORD_0002747,CUST_02033,2023-07-05 14:00:00,Footwear,COD,Tier_2,399.27,1.62,0,0,Delivered,,0,1,0.0,0.0,0.0,0.0
ORD_0002023,CUST_00812,2023-07-05 15:00:00,Fashion,COD,Tier_2,2351.77,37.6,1,0,RTO,,1,0,0.0,0.0,0.0,0.0
ORD_0008193,CUST_04286,2023-07-05 16:00:00,Fashion,COD,Tier_2,1460.33,14.91,0,1,Returned,Wrong Size,1,1,0.0,1.0,0.0,1.0
ORD_0008700,CUST_05646,2023-07-05 17:00:00,Footwear,COD,Tier_1,2743.32,40.45,0,0,Delivered,,0,0,0.0,0.0,0.0,0.0
ORD_0001631,CUST_00942,2023-07-05 18:00:00,Footwear,COD,Tier_2,907.49,21.46,0,1,Returned,Wrong Size,1,0,0.0,0.0,0.0,0.0
ORD_0003253,CUST_05842,2023-07-05 18:00:00,Electronics,COD,Tier_2,372.89,31.2,0,0,Delivered,,0,0,0.0,0.0,0.0,0.0
ORD_0008587,CUST_01674,2023-07-05 18:00:00,Electronics,COD,Tier_2,333.44,28.7,0,0,Delivered,,0,1,0.0,0.0,0.0,0.0
ORD_0001008,CUST_03691,2023-07-05 19:00:00,Home,COD,Tier_3,458.63,21.97,0,1,Returned,Changed Mind,1,1,0.0,0.0,0.0,0.0
ORD_0000480,CUST_01470,2023-07-05 20:00:00,Fashion,COD,Tier_2,2027.19,3.09,0,0,Delivered,,0,2,1.0,0.0,0.5,0.0
ORD_0006004,CUST_03283,2023-07-05 23:00:00,Fashion,Prepaid,Tier_2,383.29,33.15,0,0,Delivered,,0,1,0.0,0.0,0.0,0.0
ORD_0005027,CUST_00830,2023-07-05 23:00:00,Footwear,COD,Tier_2,973.67,14.46,0,0,Delivered,,0,0,0.0,0.0,0.0,0.0
ORD_0004693,CUST_00741,2023-07-06 00:00:00,Fashion,Prepaid,Tier_3,750.61,3.34,0,0,Delivered,,0,2,0.0,0.0,0.0,0.0
ORD_0005830,CUST_04618,2023-07-06 02:00:00,Fashion,COD,Tier_1,1496.37,43.04,0,0,Delivered,,0,2,0.0,1.0,0.0,0.5
ORD_0001604,CUST_04601,2023-07-06 03:00:00,Footwear,COD,Tier_1,603.72,10.94,0,0,Delivered,,0,1,0.0,1.0,0.0,1.0
ORD_0008377,CUST_04794,2023-07-06 03:00:00,Footwear,COD,Tier_1,700.01,6.99,1,0,RTO,,1,0,0.0,0.0,0.0,0.0
ORD_0006122,CUST_02572,2023-07-06 04:00:00,Electronics,Prepaid,Tier_1,1462.86,28.18,0,0,Delivered,,0,3,0.0,0.0,0.0,0.0
ORD_0000661,CUST_05224,2023-07-06 05:00:00,Home,COD,Tier_2,2508.1,49.0,0,0,Delivered,,0,1,0.0,1.0,0.0,1.0
ORD_0009904,CUST_03792,2023-07-06 06:00:00,Fashion,Prepaid,Tier_3,2200.61,12.07,1,0,RTO,,1,0,0.0,0.0,0.0,0.0
ORD_0002181,CUST_05880,2023-07-06 07:00:00,Electronics,COD,Tier_2,1082.96,35.42,0,0,Delivered,,0,1,1.0,0.0,1.0,0.0
ORD_0004313,CUST_04806,2023-07-06 07:00:00,Footwear,COD,Tier_2,673.03,34.39,0,0,Delivered,,0,0,0.0,0.0,0.0,0.0
ORD_0003487,CUST_01999,2023-07-06 08:00:00,Fashion,Prepaid,Tier_1,495.77,41.93,0,0,Delivered,,0,1,0.0,0.0,0.0,0.0
ORD_0004431,CUST_04867,2023-07-06 10:00:00,Electronics,Prepaid,Tier_2,1075.08,13.65,0,0,Delivered,,0,1,0.0,0.0,0.0,0.0
ORD_0006507,CUST_03126,2023-07-06 12:00:00,Electronics,COD,Tier_3,2380.87,12.96,0,0,Delivered,,0,2,0.0,1.0,0.0,0.5
ORD_0003448,CUST_05657,2023-07-06 13:00:00,Beauty,Prepaid,Tier_2,823.16,35.75,0,0,Delivered,,0,4,0.0,1.0,0.0,0.25
ORD_0003248,CUST_03114,2023-07-06 13:00:00,Fashion,COD,Tier_3,2224.31,28.19,0,0,Delivered,,0,1,0.0,1.0,0.0,1.0
ORD_0000118,CUST_05267,2023-07-06 14:00:00,Footwear,COD,Tier_3,360.17,21.59,0,0,Delivered,,0,0,0.0,0.0,0.0,0.0
ORD_0001884,CUST_02701,2023-07-06 15:00:00,Fashion,COD,Tier_2,1603.78,23.44,1,0,RTO,,1,1,0.0,0.0,0.0,0.0
ORD_0005674,CUST_04413,2023-07-06 16:00:00,Fashion,COD,Tier_1,1052.62,34.09,0,0,Delivered,,0,2,0.0,1.0,0.0,0.5
ORD_0002705,CUST_02745,2023-07-06 18:00:00,Fashion,COD,Tier_2,8562.86,32.24,0,1,Returned,Changed Mind,1,2,1.0,0.0,0.5,0.0
ORD_0001879,CUST_00429,2023-07-06 19:00:00,Fashion,Prepaid,Tier_3,4336.58,20.92,0,0,Delivered,,0,0,0.0,0.0,0.0,0.0
ORD_0009293,CUST_04849,2023-07-06 20:00:00,Fashion,COD,Tier_3,1896.44,27.36,0,0,Delivered,,0,2,0.0,1.0,0.0,0.5
ORD_0008966,CUST_00975,2023-07-06 22:00:00,Fashion,Prepaid,Tier_3,789.49,41.92,0,0,Delivered,,0,0,0.0,0.0,0.0,0.0
ORD_0003554,CUST_00966,2023-07-06 23:00:00,Fashion,COD,Tier_2,847.31,39.77,0,0,Delivered,,0,1,0.0,0.0,0.0,0.0
ORD_0003624,CUST_02195,2023-07-06 23:00:00,Fashion,Prepaid,Tier_2,4212.02,39.67,0,0,Delivered,,0,1,0.0,0.0,0.0,0.0
ORD_0006643,CUST_01556,2023-07-07 00:00:00,Fashion,COD,Tier_3,1905.55,49.05,0,0,Delivered,,0,1,0.0,0.0,0.0,0.0
ORD_0007429,CUST_01439,2023-07-07 03:00:00,Fashion,Prepaid,Tier_1,669.28,20.33,0,0,Delivered,,0,2,0.0,0.0,0.0,0.0
ORD_0000049,CUST_00356,2023-07-07 03:00:00,Footwear,Prepaid,Tier_2,943.22,44.2,0,0,Delivered,,0,1,0.0,0.0,0.0,0.0
ORD_0000115,CUST_05370,2023-07-07 05:00:00,Fashion,COD,Tier_3,1026.88,30.49,1,0,RTO,,1,1,0.0,1.0,0.0,1.0
ORD_0003379,CUST_03592,2023-07-07 05:00:00,Fashion,Prepaid,Tier_1,1258.73,17.85,1,0,RTO,,1,0,0.0,0.0,0.0,0.0
ORD_0006830,CUST_02851,2023-07-07 07:00:00,Fashion,Prepaid,Tier_2,2774.99,34.03,0,0,Delivered,,0,1,0.0,0.0,0.0,0.0
ORD_0005094,CUST_03958,2023-07-07 07:00:00,Fashion,COD,Tier_1,1152.57,4.13,0,0,Delivered,,0,0,0.0,0.0,0.0,0.0
ORD_0008957,CUST_00349,2023-07-07 08:00:00,Home,COD,Tier_2,1442.21,38.75,0,0,Delivered,,0,1,0.0,0.0,0.0,0.0
ORD_0000892,CUST_02509,2023-07-07 09:00:00,Footwear,COD,Tier_3,1597.95,11.36,0,0,Delivered,,0,0,0.0,0.0,0.0,0.0
ORD_0001761,CUST_00722,2023-07-07 09:00:00,Footwear,Prepaid,Tier_3,1090.01,7.23,0,1,Returned,Wrong Size,1,2,0.0,0.0,0.0,0.0
ORD_0007017,CUST_00151,2023-07-07 10:00:00,Footwear,Prepaid,Tier_2,1756.97,45.99,0,0,Delivered,,0,0,0.0,0.0,0.0,0.0
ORD_0008261,CUST_00334,2023-07-07 11:00:00,Fashion,COD,Tier_2,1249.35,26.15,0,0,Delivered,,0,0,0.0,0.0,0.0,0.0
ORD_0006050,CUST_00739,2023-07-07 11:00:00,Home,Prepaid,Tier_2,2075.45,41.71,0,0,Delivered,,0,1,0.0,0.0,0.0,0.0
ORD_0005417,CUST_05044,2023-07-07 13:00:00,Fashion,COD,Tier_3,3163.78,38.96,0,0,Delivered,,0,3,0.0,1.0,0.0,0.3333333333333333
ORD_0004113,CUST_04790,2023-07-07 14:00:00,Fashion,COD,Tier_2,2381.01,37.92,1,0,RTO,,1,1,0.0,0.0,0.0,0.0
ORD_0008194,CUST_03755,2023-07-07 15:00:00,Fashion,COD,Tier_2,670.76,10.49,0,1,Returned,Changed Mind,1,1,1.0,0.0,1.0,0.0
ORD_0006562,CUST_01270,2023-07-07 15:00:00,Electronics,COD,Tier_1,905.9,43.94,0,0,Delivered,,0,2,1.0,1.0,0.5,0.5
ORD_0003478,CUST_00367,2023-07-07 15:00:00,Fashion,COD,Tier_2,1674.88,46.14,1,0,RTO,,1,0,0.0,0.0,0.0,0.0
ORD_0006372,CUST_02232,2023-07-07 16:00:00,Fashion,COD,Tier_1,1143.35,0.55,0,0,Delivered,,0,1,0.0,0.0,0.0,0.0
ORD_0002833,CUST_03404,2023-07-07 16:00:00,Fashion,Prepaid,Tier_3,3025.75,24.22,0,0,Delivered,,0,1,0.0,1.0,0.0,1.0
ORD_0002345,CUST_02481,2023-07-07 17:00:00,Beauty,Prepaid,Tier_3,388.02,20.1,0,0,Delivered,,0,4,0.0,2.0,0.0,0.5
ORD_0006940,CUST_05684,2023-07-07 19:00:00,Fashion,COD,Tier_3,576.28,40.81,0,0,Delivered,,0,0,0.0,0.0,0.0,0.0
ORD_0004173,CUST_05282,2023-07-07 19:00:00,Fashion,COD,Tier_2,396.02,26.59,0,0,Delivered,,0,1,0.0,0.0,0.0,0.0
ORD_0003523,CUST_02997,2023-07-07 20:00:00,Home,COD,Tier_2,1684.59,40.17,0,0,Delivered,,0,2,1.0,0.0,0.5,0.0
ORD_0001145,CUST_01841,2023-07-07 21:00:00,Footwear,Prepaid,Tier_1,5910.73,15.93,0,0,Delivered,,0,1,0.0,0.0,0.0,0.0
ORD_0003765,CUST_01356,2023-07-07 22:00:00,Fashion,COD,Tier_3,830.14,27.32,0,0,Delivered,,0,0,0.0,0.0,0.0,0.0
ORD_0009579,CUST_05063,2023-07-07 22:00:00,Footwear,Prepaid,Tier_1,3573.98,38.53,1,0,RTO,,1,2,0.0,0.0,0.0,0.0
ORD_0008393,CUST_02938,2023-07-07 23:00:00,Footwear,COD,Tier_2,1267.84,34.39,1,0,RTO,,1,0,0.0,0.0,0.0,0.0
ORD_0001300,CUST_04478,2023-07-08 00:00:00,Footwear,Prepaid,Tier_2,1141.06,0.58,0,1,Returned,Changed Mind,1,1,0.0,0.0,0.0,0.0
ORD_0003030,CUST_01961,2023-07-08 02:00:00,Fashion,COD,Tier_3,488.27,34.24,0,0,Delivered,,0,1,0.0,0.0,0.0,0.0
ORD_0006918,CUST_02865,2023-07-08 02:00:00,Electronics,Prepaid,Tier_3,4517.45,1.15,0,0,Delivered,,0,1,1.0,0.0,1.0,0.0
ORD_0001487,CUST_01770,2023-07-08 03:00:00,Fashion,COD,Tier_2,2304.3,36.92,1,0,RTO,,1,0,0.0,0.0,0.0,0.0
ORD_0008065,CUST_00493,2023-07-08 04:00:00,Fashion,COD,Tier_1,1045.33,18.87,1,0,RTO,,1,0,0.0,0.0,0.0,0.0
ORD_0005172,CUST_04565,2023-07-08 04:00:00,Electronics,COD,Tier_3,528.41,5.69,0,0,Delivered,,0,0,0.0,0.0,0.0,0.0
ORD_0006211,CUST_03050,2023-07-08 04:00:00,Fashion,Prepaid,Tier_2,4719.1,13.7,0,0,Delivered,,0,0,0.0,0.0,0.0,0.0
ORD_0008612,CUST_02809,2023-07-08 04:00:00,Home,Prepaid,Tier_1,2147.97,42.93,0,0,Delivered,,0,1,0.0,0.0,0.0,0.0
ORD_0008602,CUST_02389,2023-07-08 05:00:00,Home,COD,Tier_3,392.24,3.34,0,0,Delivered,,0,1,0.0,0.0,0.0,0.0
ORD_0005144,CUST_01974,2023-07-08 07:00:00,Electronics,COD,Tier_3,2267.89,28.18,1,0,RTO,,1,1,1.0,0.0,1.0,0.0
ORD_0003424,CUST_05285,2023-07-08 07:00:00,Fashion,Prepaid,Tier_2,939.52,12.15,0,0,Delivered,,0,0,0.0,0.0,0.0,0.0
ORD_0002828,CUST_03650,2023-07-08 08:00:00,Beauty,COD,Tier_2,4653.14,20.04,1,0,RTO,,1,2,1.0,0.0,0.5,0.0
ORD_0006861,CUST_04135,2023-07-08 08:00:00,Fashion,COD,Tier_2,499.83,48.66,1,0,RTO,,1,0,0.0,0.0,0.0,0.0
ORD_0003930,CUST_05724,2023-07-08 09:00:00,Fashion,COD,Tier_2,905.65,44.0,0,1,Returned,Wrong Size,1,0,0.0,0.0,0.0,0.0
ORD_0007621,CUST_03813,2023-07-08 10:00:00,Electronics,Prepaid,Tier_3,2353.55,24.46,0,0,Delivered,,0,2,0.0,1.0,0.0,0.5
ORD_0006989,CUST_02397,2023-07-08 11:00:00,Footwear,Prepaid,Tier_1,1842.12,49.44,0,0,Delivered,,0,0,0.0,0.0,0.0,0.0
ORD_0007754,CUST_04588,2023-07-08 12:00:00,Home,COD,Tier_2,654.78,9.72,0,0,Delivered,,0,0,0.0,0.0,0.0,0.0
ORD_0007144,CUST_03599,2023-07-08 13:00:00,Beauty,COD,Tier_3,467.56,29.52,1,0,RTO,,1,0,0.0,0.0,0.0,0.0
ORD_0003016,CUST_01712,2023-07-08 15:00:00,Footwear,Prepaid,Tier_2,4369.86,25.9,0,1,Returned,Changed Mind,1,0,0.0,0.0,0.0,0.0
ORD_0007027,CUST_00508,2023-07-08 15:00:00,Electronics,COD,Tier_2,3592.69,12.45,1,0,RTO,,1,0,0.0,0.0,0.0,0.0
ORD_0004565,CUST_03180,2023-07-08 15:00:00,Fashion,Prepaid,Tier_1,1256.0,25.52,0,1,Returned,Wrong Size,1,0,0.0,0.0,0.0,0.0
ORD_0003865,CUST_00448,2023-07-08 16:00:00,Fashion,COD,Tier_3,5392.54,0.17,0,0,Delivered,,0,2,0.0,2.0,0.0,1.0
ORD_0007319,CUST_02330,2023-07-08 17:00:00,Fashion,Prepaid,Tier_1,1273.24,42.75,1,0,RTO,,1,1,0.0,0.0,0.0,0.0
ORD_0001210,CUST_04058,2023-07-08 17:00:00,Footwear,COD,Tier_2,2147.12,32.01,0,0,Delivered,,0,1,0.0,0.0,0.0,0.0
ORD_0008836,CUST_03937,2023-07-08 18:00:00,Home,COD,Tier_3,572.64,48.59,1,0,RTO,,1,1,0.0,1.0,0.0,1.0
ORD_0003821,CUST_02877,2023-07-08 19:00:00,Fashion,COD,Tier_3,303.71,40.19,0,1,Returned,Wrong Size,1,1,0.0,0.0,0.0,0.0
ORD_0006916,CUST_02498,2023-07-08 20:00:00,Fashion,COD,Tier_1,4140.08,5.46,0,0,Delivered,,0,0,0.0,0.0,0.0,0.0
ORD_0008497,CUST_04350,2023-07-08 22:00:00,Home,COD,Tier_2,3987.43,38.26,0,0,Delivered,,0,1,0.0,0.0,0.0,0.0
ORD_0004115,CUST_01274,2023-07-09 00:00:00,Home,Prepaid,Tier_2,1381.21,22.82,0,0,Delivered,,0,0,0.0,0.0,0.0,0.0
ORD_0006872,CUST_04682,2023-07-09 00:00:00,Footwear,COD,Tier_3,4989.39,3.41,0,0,Delivered,,0,0,0.0,0.0,0.0,0.0
ORD_0006169,CUST_03467,2023-07-09 00:00:00,Fashion,COD,Tier_2,540.87,1.82,0,0,Delivered,,0,0,0.0,0.0,0.0,0.0
ORD_0004046,CUST_04848,2023-07-09 00:00:00,Fashion,COD,Tier_3,1219.61,16.95,0,0,Delivered,,0,0,0.0,0.0,0.0,0.0
ORD_0004979,CUST_02212,2023-07-09 01:00:00,Home,COD,Tier_2,397.92,1.84,1,0,RTO,,1,2,0.0,1.0,0.0,0.5
ORD_0001640,CUST_05265,2023-07-09 02:00:00,Electronics,COD,Tier_3,1226.96,5.81,0,0,Delivered,,0,1,0.0,0.0,0.0,0.0
ORD_0002921,CUST_00399,2023-07-09 02:00:00,Home,COD,Tier_2,5022.01,24.31,1,0,RTO,,1,3,1.0,1.0,0.3333333333333333,0.3333333333333333
ORD_0006841,CUST_00444,2023-07-09 04:00:00,Home,Prepaid,Tier_2,595.18,27.01,0,0,Delivered,,0,0,0.0,0.0,0.0,0.0
ORD_0007525,CUST_02548,2023-07-09 05:00:00,Footwear,Prepaid,Tier_3,397.7,22.41,0,0,Delivered,,0,2,0.0,0.0,0.0,0.0
ORD_0008305,CUST_03431,2023-07-09 07:00:00,Fashion,COD,Tier_2,1566.03,47.59,1,0,RTO,,1,0,0.0,0.0,0.0,0.0
ORD_0009131,CUST_05565,2023-07-09 08:00:00,Fashion,COD,Tier_2,1342.37,4.2,0,1,Returned,Wrong Size,1,0,0.0,0.0,0.0,0.0
ORD_0000845,CUST_00710,2023-07-09 09:00:00,Fashion,COD,Tier_2,2360.52,20.61,0,0,Delivered,,0,0,0.0,0.0,0.0,0.0
ORD_0008749,CUST_03029,2023-07-09 09:00:00,Fashion,COD,Tier_1,1549.56,33.95,0,0,Delivered,,0,0,0.0,0.0,0.0,0.0
ORD_0009301,CUST_01719,2023-07-09 13:00:00,Electronics,Prepaid,Tier_2,5334.24,9.35,0,0,Delivered,,0,1,0.0,0.0,0.0,0.0
ORD_0008023,CUST_05075,2023-07-09 14:00:00,Fashion,Prepaid,Tier_1,7965.72,19.78,0,0,Delivered,,0,0,0.0,0.0,0.0,0.0
ORD_0005389,CUST_01454,2023-07-09 14:00:00,Electronics,Prepaid,Tier_1,2979.36,8.72,0,0,Delivered,,0,1,0.0,1.0,0.0,1.0
ORD_0002688,CUST_04384,2023-07-09 15:00:00,Beauty,COD,Tier_1,1638.65,21.0,0,0,Delivered,,0,0,0.0,0.0,0.0,0.0
ORD_0001361,CUST_00739,2023-07-09 15:00:00,Fashion,COD,Tier_2,405.35,11.96,1,0,RTO,,1,2,0.0,0.0,0.0,0.0
ORD_0003299,CUST_01989,2023-07-09 15:00:00,Fashion,COD,Tier_1,615.96,8.78,0,0,Delivered,,0,0,0.0,0.0,0.0,0.0
ORD_0004608,CUST_05578,2023-07-09 15:00:00,Home,Prepaid,Tier_2,5818.74,40.48,0,0,Delivered,,0,0,0.0,0.0,0.0,0.0
ORD_0009606,CUST_03534,2023-07-09 16:00:00,Footwear,Prepaid,Tier_1,1161.65,40.84,0,0,Delivered,,0,2,0.0,1.0,0.0,0.5
ORD_0001560,CUST_04347,2023-07-09 16:00:00,Fashion,COD,Tier_3,858.04,25.93,1,0,RTO,,1,1,0.0,1.0,0.0,1.0
ORD_0002342,CUST_02249,2023-07-09 18:00:00,Fashion,Prepaid,Tier_2,2468.91,3.43,0,1,Returned,Changed Mind,1,0,0.0,0.0,0.0,0.0
ORD_0002133,CUST_02586,2023-07-09 19:00:00,Electronics,COD,Tier_3,961.22,21.38,0,0,Delivered,,0,1,1.0,0.0,1.0,0.0
ORD_0004072,CUST_04031,2023-07-09 19:00:00,Beauty,COD,Tier_2,2495.84,31.95,0,1,Returned,Not as Expected,1,0,0.0,0.0,0.0,0.0
ORD_0006563,CUST_03043,2023-07-09 20:00:00,Home,COD,Tier_1,417.51,24.07,1,0,RTO,,1,0,0.0,0.0,0.0,0.0
ORD_0009159,CUST_03688,2023-07-09 21:00:00,Beauty,Prepaid,Tier_2,696.75,43.12,0,1,Returned,Defective,1,0,0.0,0.0,0.0,0.0
ORD_0005365,CUST_03413,2023-07-09 22:00:00,Beauty,COD,Tier_2,3218.09,16.09,0,0,Delivered,,0,3,1.0,1.0,0.3333333333333333,0.3333333333333333
ORD_0002332,CUST_05811,2023-07-09 23:00:00,Beauty,Prepaid,Tier_1,676.64,49.78,0,0,Delivered,,0,0,0.0,0.0,0.0,0.0
ORD_0005102,CUST_05366,2023-07-09 23:00:00,Fashion,Prepaid,Tier_2,544.11,31.57,0,0,Delivered,,0,2,0.0,0.0,0.0,0.0
ORD_0002611,CUST_02368,2023-07-10 00:00:00,Home,COD,Tier_3,1464.54,42.05,1,0,RTO,,1,0,0.0,0.0,0.0,0.0
ORD_0009450,CUST_05593,2023-07-10 00:00:00,Fashion,Prepaid,Tier_2,5000.5,14.43,0,0,Delivered,,0,1,0.0,0.0,0.0,0.0
ORD_0003653,CUST_03508,2023-07-10 00:00:00,Electronics,Prepaid,Tier_1,903.21,5.08,0,0,Delivered,,0,2,1.0,0.0,0.5,0.0
ORD_0002441,CUST_04141,2023-07-10 00:00:00,Electronics,COD,Tier_1,3177.86,42.3,0,0,Delivered,,0,1,1.0,0.0,1.0,0.0
ORD_0000009,CUST_04468,2023-07-10 01:00:00,Electronics,COD,Tier_3,1241.36,16.28,0,0,Delivered,,0,0,0.0,0.0,0.0,0.0
ORD_0000865,CUST_04884,2023-07-10 01:00:00,Home,COD,Tier_2,337.33,31.43,0,0,Delivered,,0,1,0.0,1.0,0.0,1.0
ORD_0008167,CUST_01582,2023-07-10 02:00:00,Footwear,COD,Tier_1,2486.82,15.03,0,0,Delivered,,0,1,0.0,1.0,0.0,1.0
ORD_0003781,CUST_00639,2023-07-10 03:00:00,Footwear,COD,Tier_3,2596.94,33.49,1,0,RTO,,1,1,0.0,0.0,0.0,0.0
ORD_0007802,CUST_05697,2023-07-10 04:00:00,Home,COD,Tier_2,439.42,12.98,1,0,RTO,,1,1,0.0,0.0,0.0,0.0
ORD_0009234,CUST_00938,2023-07-10 06:00:00,Home,COD,Tier_1,3299.46,31.18,0,0,Delivered,,0,1,0.0,1.0,0.0,1.0
ORD_0001021,CUST_05632,2023-07-10 06:00:00,Fashion,COD,Tier_3,591.9,40.26,0,1,Returned,Changed Mind,1,1,0.0,0.0,0.0,0.0
ORD_0001311,CUST_03743,2023-07-10 07:00:00,Fashion,COD,Tier_2,2759.83,4.95,0,0,Delivered,,0,2,0.0,0.0,0.0,0.0
ORD_0006456,CUST_00905,2023-07-10 08:00:00,Electronics,COD,Tier_1,3014.13,35.01,1,0,RTO,,1,1,0.0,1.0,0.0,1.0
ORD_0008724,CUST_01820,2023-07-10 09:00:00,Fashion,COD,Tier_1,1238.12,6.74,0,0,Delivered,,0,0,0.0,0.0,0.0,0.0
ORD_0004382,CUST_02751,2023-07-10 12:00:00,Beauty,COD,Tier_3,2380.91,39.3,0,0,Delivered,,0,1,0.0,0.0,0.0,0.0
ORD_0008901,CUST_02788,2023-07-10 13:00:00,Fashion,Prepaid,Tier_2,348.67,46.73,0,0,Delivered,,0,1,0.0,0.0,0.0,0.0
ORD_0000739,CUST_03783,2023-07-10 14:00:00,Electronics,Prepaid,Tier_2,2158.27,22.98,0,0,Delivered,,0,2,0.0,0.0,0.0,0.0
ORD_0005165,CUST_04075,2023-07-10 15:00:00,Footwear,COD,Tier_2,561.38,49.74,1,0,RTO,,1,0,0.0,0.0,0.0,0.0
ORD_0006675,CUST_04308,2023-07-10 17:00:00,Beauty,COD,Tier_2,673.96,41.5,0,0,Delivered,,0,2,0.0,0.0,0.0,0.0
ORD_0006627,CUST_00006,2023-07-10 17:00:00,Electronics,COD,Tier_2,1408.16,28.54,1,0,RTO,,1,1,0.0,0.0,0.0,0.0
ORD_0007834,CUST_05775,2023-07-10 18:00:00,Electronics,Prepaid,Tier_1,2853.65,17.15,0,0,Delivered,,0,1,0.0,1.0,0.0,1.0
ORD_0001549,CUST_00539,2023-07-10 19:00:00,Home,COD,Tier_1,1687.9,24.0,1,0,RTO,,1,0,0.0,0.0,0.0,0.0
ORD_0002437,CUST_04075,2023-07-10 20:00:00,Home,COD,Tier_2,4407.16,1.96,0,1,Returned,Changed Mind,1,1,0.0,1.0,0.0,1.0
ORD_0001577,CUST_03390,2023-07-10 21:00:00,Home,COD,Tier_2,1616.11,44.51,1,0,RTO,,1,0,0.0,0.0,0.0,0.0
ORD_0008967,CUST_02073,2023-07-11 04:00:00,Electronics,Prepaid,Tier_3,831.13,42.15,1,0,RTO,,1,1,0.0,0.0,0.0,0.0
ORD_0004959,CUST_03415,2023-07-11 05:00:00,Electronics,COD,Tier_1,512.28,36.13,1,0,RTO,,1,0,0.0,0.0,0.0,0.0
ORD_0008462,CUST_03332,2023-07-11 06:00:00,Fashion,Prepaid,Tier_3,1717.26,17.58,0,0,Delivered,,0,0,0.0,0.0,0.0,0.0
ORD_0003989,CUST_05523,2023-07-11 06:00:00,Fashion,COD,Tier_2,3101.26,29.4,0,0,Delivered,,0,2,0.0,0.0,0.0,0.0
ORD_0004023,CUST_01470,2023-07-11 07:00:00,Home,COD,Tier_3,1502.88,4.12,0,0,Delivered,,0,3,1.0,0.0,0.3333333333333333,0.0
ORD_0000607,CUST_01632,2023-07-11 08:00:00,Footwear,Prepaid,Tier_1,988.09,0.83,0,1,Returned,Changed Mind,1,1,0.0,0.0,0.0,0.0
ORD_0002457,CUST_00067,2023-07-11 08:00:00,Beauty,COD,Tier_1,1506.24,45.68,0,0,Delivered,,0,3,2.0,0.0,0.6666666666666666,0.0
ORD_0007835,CUST_03020,2023-07-11 08:00:00,Fashion,Prepaid,Tier_3,1100.51,48.11,0,0,Delivered,,0,1,0.0,0.0,0.0,0.0
ORD_0005606,CUST_00446,2023-07-11 09:00:00,Footwear,Prepaid,Tier_3,708.05,32.92,0,0,Delivered,,0,0,0.0,0.0,0.0,0.0
ORD_0009758,CUST_05546,2023-07-11 09:00:00,Electronics,COD,Tier_3,2175.8,24.13,1,0,RTO,,1,1,0.0,1.0,0.0,1.0
ORD_0002515,CUST_03220,2023-07-11 10:00:00,Home,COD,Tier_2,2838.31,21.52,0,0,Delivered,,0,3,0.0,0.0,0.0,0.0
ORD_0009384,CUST_00239,2023-07-11 10:00:00,Fashion,Prepaid,Tier_3,1184.18,24.08,0,0,Delivered,,0,1,0.0,0.0,0.0,0.0
ORD_0005990,CUST_01191,2023-07-11 11:00:00,Fashion,COD,Tier_1,2460.14,39.4,0,0,Delivered,,0,1,0.0,0.0,0.0,0.0
ORD_0000888,CUST_01816,2023-07-11 11:00:00,Electronics,COD,Tier_3,832.7,0.36,0,0,Delivered,,0,1,1.0,0.0,1.0,0.0
ORD_0000603,CUST_01925,2023-07-11 11:00:00,Fashion,COD,Tier_3,2561.54,19.67,0,0,Delivered,,0,0,0.0,0.0,0.0,0.0
ORD_0004854,CUST_01174,2023-07-11 12:00:00,Fashion,COD,Tier_3,634.52,29.01,0,0,Delivered,,0,2,0.0,0.0,0.0,0.0
ORD_0008465,CUST_02937,2023-07-11 13:00:00,Fashion,COD,Tier_1,408.66,5.38,0,1,Returned,Not as Expected,1,1,1.0,0.0,1.0,0.0
ORD_0009759,CUST_00773,2023-07-11 13:00:00,Beauty,Prepaid,Tier_1,2367.75,8.64,0,0,Delivered,,0,2,2.0,0.0,1.0,0.0
ORD_0006915,CUST_00199,2023-07-11 14:00:00,Fashion,COD,Tier_3,1915.77,18.58,0,0,Delivered,,0,0,0.0,0.0,0.0,0.0
ORD_0001610,CUST_02897,2023-07-11 15:00:00,Footwear,COD,Tier_2,2517.35,18.87,1,0,RTO,,1,2,0.0,0.0,0.0,0.0
ORD_0001928,CUST_02531,2023-07-11 16:00:00,Fashion,Prepaid,Tier_1,980.69,19.57,0,0,Delivered,,0,0,0.0,0.0,0.0,0.0
ORD_0006663,CUST_00257,2023-07-11 16:00:00,Fashion,COD,Tier_2,385.32,26.54,1,0,RTO,,1,0,0.0,0.0,0.0,0.0
ORD_0004406,CUST_00831,2023-07-11 17:00:00,Beauty,Prepaid,Tier_1,2151.94,8.38,0,0,Delivered,,0,0,0.0,0.0,0.0,0.0
ORD_0003796,CUST_03914,2023-07-11 17:00:00,Fashion,COD,Tier_2,1331.49,1.24,1,0,RTO,,1,1,0.0,0.0,0.0,0.0
ORD_0005953,CUST_04523,2023-07-11 17:00:00,Fashion,Prepaid,Tier_3,1311.9,3.08,0,0,Delivered,,0,2,1.0,0.0,0.5,0.0
ORD_0006438,CUST_03459,2023-07-11 18:00:00,Fashion,COD,Tier_2,1347.87,48.13,0,1,Returned,Defective,1,1,0.0,0.0,0.0,0.0
ORD_0003778,CUST_00009,2023-07-11 20:00:00,Electronics,Prepaid,Tier_2,1877.79,39.32,0,0,Delivered,,0,0,0.0,0.0,0.0,0.0
ORD_0004929,CUST_00157,2023-07-11 20:00:00,Footwear,Prepaid,Tier_1,435.46,39.81,0,1,Returned,Wrong Size,1,0,0.0,0.0,0.0,0.0
ORD_0003421,CUST_05020,2023-07-11 20:00:00,Fashion,COD,Tier_1,1339.99,19.01,0,0,Delivered,,0,0,0.0,0.0,0.0,0.0
ORD_0007559,CUST_04585,2023-07-12 01:00:00,Home,COD,Tier_3,2168.5,16.62,0,0,Delivered,,0,0,0.0,0.0,0.0,0.0
ORD_0008797,CUST_01524,2023-07-12 02:00:00,Fashion,COD,Tier_3,772.4,28.46,0,1,Returned,Wrong Size,1,1,0.0,1.0,0.0,1.0
ORD_0000911,CUST_05909,2023-07-12 04:00:00,Footwear,COD,Tier_3,1649.66,22.88,0,0,Delivered,,0,0,0.0,0.0,0.0,0.0
ORD_0005620,CUST_03992,2023-07-12 04:00:00,Footwear,COD,Tier_2,941.87,46.52,0,0,Delivered,,0,1,0.0,0.0,0.0,0.0
ORD_0006966,CUST_04316,2023-07-12 05:00:00,Home,Prepaid,Tier_2,512.06,47.33,0,0,Delivered,,0,0,0.0,0.0,0.0,0.0
ORD_0000961,CUST_03283,2023-07-12 05:00:00,Electronics,COD,Tier_2,654.69,16.28,0,0,Delivered,,0,2,0.0,0.0,0.0,0.0
ORD_0007415,CUST_02460,2023-07-12 05:00:00,Fashion,Prepaid,Tier_2,1368.68,11.96,0,1,Returned,Changed Mind,1,3,0.0,0.0,0.0,0.0
ORD_0007535,CUST_05399,2023-07-12 05:00:00,Beauty,Prepaid,Tier_2,1359.44,49.64,0,0,Delivered,,0,1,0.0,0.0,0.0,0.0
ORD_0002874,CUST_05422,2023-07-12 06:00:00,Fashion,COD,Tier_3,2731.54,25.36,0,1,Returned,Changed Mind,1,1,0.0,1.0,0.0,1.0
ORD_0003333,CUST_00056,2023-07-12 07:00:00,Fashion,Prepaid,Tier_2,2004.5,47.61,0,0,Delivered,,0,1,0.0,0.0,0.0,0.0
ORD_0002687,CUST_01903,2023-07-12 07:00:00,Fashion,Prepaid,Tier_1,1772.66,19.71,0,0,Delivered,,0,0,0.0,0.0,0.0,0.0
ORD_0009321,CUST_01480,2023-07-12 08:00:00,Fashion,COD,Tier_1,1182.82,27.02,0,0,Delivered,,0,2,0.0,1.0,0.0,0.5
ORD_0004567,CUST_03256,2023-07-12 09:00:00,Fashion,COD,Tier_3,4273.3,4.86,0,0,Delivered,,0,0,0.0,0.0,0.0,0.0
ORD_0009839,CUST_04918,2023-07-12 09:00:00,Footwear,Prepaid,Tier_1,1011.68,3.63,1,0,RTO,,1,0,0.0,0.0,0.0,0.0
ORD_0008600,CUST_05282,2023-07-12 09:00:00,Footwear,Prepaid,Tier_3,1454.72,21.0,0,0,Delivered,,0,2,0.0,0.0,0.0,0.0
ORD_0000453,CUST_00296,2023-07-12 10:00:00,Footwear,COD,Tier_2,2061.22,39.96,0,0,Delivered,,0,1,0.0,0.0,0.0,0.0
ORD_0001257,CUST_05767,2023-07-12 12:00:00,Home,Prepaid,Tier_3,1055.0,28.21,0,0,Delivered,,0,1,0.0,0.0,0.0,0.0
ORD_0009325,CUST_04229,2023-07-12 12:00:00,Footwear,Prepaid,Tier_1,359.0,27.93,0,1,Returned,Not as Expected,1,2,0.0,1.0,0.0,0.5
ORD_0007642,CUST_03922,2023-07-12 13:00:00,Electronics,Prepaid,Tier_2,770.06,14.62,0,1,Returned,Wrong Size,1,1,1.0,0.0,1.0,0.0
ORD_0004145,CUST_02915,2023-07-12 15:00:00,Electronics,Prepaid,Tier_2,1474.09,13.26,0,0,Delivered,,0,0,0.0,0.0,0.0,0.0
ORD_0003417,CUST_05446,2023-07-12 15:00:00,Electronics,COD,Tier_3,2919.09,0.95,1,0,RTO,,1,0,0.0,0.0,0.0,0.0
ORD_0005878,CUST_05037,2023-07-12 16:00:00,Fashion,COD,Tier_2,4481.76,42.46,0,1,Returned,Wrong Size,1,2,0.0,2.0,0.0,1.0
ORD_0002631,CUST_01200,2023-07-12 16:00:00,Electronics,Prepaid,Tier_1,2953.19,45.25,0,0,Delivered,,0,2,0.0,0.0,0.0,0.0
ORD_0000397,CUST_01293,2023-07-12 16:00:00,Home,COD,Tier_2,1759.1,48.32,1,0,RTO,,1,1,0.0,1.0,0.0,1.0
ORD_0006575,CUST_02913,2023-07-12 16:00:00,Home,Prepaid,Tier_1,3287.79,31.47,0,0,Delivered,,0,0,0.0,0.0,0.0,0.0
ORD_0009955,CUST_03236,2023-07-12 18:00:00,Fashion,COD,Tier_1,1117.73,21.58,0,0,Delivered,,0,0,0.0,0.0,0.0,0.0
ORD_0002053,CUST_00999,2023-07-12 18:00:00,Fashion,Prepaid,Tier_1,594.3,37.94,0,0,Delivered,,0,1,0.0,0.0,0.0,0.0
ORD_0005446,CUST_02405,2023-07-12 19:00:00,Electronics,COD,Tier_3,1069.27,9.07,0,0,Delivered,,0,1,0.0,0.0,0.0,0.0
ORD_0008634,CUST_00388,2023-07-12 23:00:00,Footwear,COD,Tier_1,1147.55,10.48,0,0,Delivered,,0,0,0.0,0.0,0.0,0.0
ORD_0003355,CUST_02388,2023-07-13 01:00:00,Fashion,Prepaid,Tier_2,866.03,38.6,0,1,Returned,Not as Expected,1,0,0.0,0.0,0.0,0.0
ORD_0004487,CUST_03858,2023-07-13 01:00:00,Footwear,Prepaid,Tier_3,969.96,28.82,0,0,Delivered,,0,2,0.0,1.0,0.0,0.5
ORD_0007203,CUST_00928,2023-07-13 01:00:00,Footwear,COD,Tier_2,710.86,25.45,0,0,Delivered,,0,2,0.0,0.0,0.0,0.0
ORD_0007724,CUST_02388,2023-07-13 03:00:00,Beauty,COD,Tier_2,1001.15,15.48,0,0,Delivered,,0,1,1.0,0.0,1.0,0.0
ORD_0009491,CUST_05173,2023-07-13 04:00:00,Home,Prepaid,Tier_3,556.88,28.23,1,0,RTO,,1,0,0.0,0.0,0.0,0.0
ORD_0005380,CUST_03013,2023-07-13 04:00:00,Fashion,COD,Tier_1,1134.45,12.67,0,0,Delivered,,0,1,0.0,0.0,0.0,0.0
ORD_0003392,CUST_01263,2023-07-13 06:00:00,Fashion,Prepaid,Tier_2,362.13,16.59,0,0,Delivered,,0,0,0.0,0.0,0.0,0.0
ORD_0004402,CUST_03103,2023-07-13 06:00:00,Fashion,COD,Tier_1,3262.35,4.91,0,0,Delivered,,0,0,0.0,0.0,0.0,0.0
ORD_0005111,CUST_01835,2023-07-13 08:00:00,Beauty,COD,Tier_3,558.29,30.46,0,0,Delivered,,0,0,0.0,0.0,0.0,0.0
ORD_0006592,CUST_03095,2023-07-13 08:00:00,Fashion,COD,Tier_1,1337.44,3.27,0,0,Delivered,,0,2,1.0,0.0,0.5,0.0
ORD_0008003,CUST_04487,2023-07-13 08:00:00,Fashion,COD,Tier_2,4540.58,6.77,0,1,Returned,Wrong Size,1,1,0.0,0.0,0.0,0.0
ORD_0000796,CUST_05858,2023-07-13 09:00:00,Electronics,COD,Tier_3,1939.53,22.62,1,0,RTO,,1,0,0.0,0.0,0.0,0.0
ORD_0002734,CUST_05233,2023-07-13 09:00:00,Home,Prepaid,Tier_3,3109.55,46.98,0,0,Delivered,,0,1,0.0,0.0,0.0,0.0
ORD_0007206,CUST_05703,2023-07-13 10:00:00,Beauty,Prepaid,Tier_2,1064.37,21.59,0,0,Delivered,,0,2,0.0,0.0,0.0,0.0
ORD_0001244,CUST_04433,2023-07-13 16:00:00,Fashion,COD,Tier_1,668.65,38.17,0,0,Delivered,,0,0,0.0,0.0,0.0,0.0
ORD_0004263,CUST_02184,2023-07-13 17:00:00,Fashion,COD,Tier_3,627.67,8.22,0,0,Delivered,,0,0,0.0,0.0,0.0,0.0
ORD_0007260,CUST_05982,2023-07-13 18:00:00,Home,COD,Tier_1,549.21,41.97,0,0,Delivered,,0,1,0.0,0.0,0.0,0.0
ORD_0002168,CUST_04936,2023-07-13 18:00:00,Footwear,Prepaid,Tier_1,2197.6,23.91,0,0,Delivered,,0,0,0.0,0.0,0.0,0.0
ORD_0004628,CUST_00805,2023-07-13 19:00:00,Fashion,Prepaid,Tier_2,1537.63,45.86,0,0,Delivered,,0,0,0.0,0.0,0.0,0.0
ORD_0004146,CUST_03247,2023-07-13 19:00:00,Fashion,COD,Tier_3,716.13,32.99,0,0,Delivered,,0,0,0.0,0.0,0.0,0.0
ORD_0006833,CUST_00988,2023-07-13 20:00:00,Electronics,COD,Tier_3,1650.37,45.4,0,0,Delivered,,0,2,1.0,0.0,0.5,0.0
ORD_0008605,CUST_00181,2023-07-13 20:00:00,Home,COD,Tier_3,459.87,26.94,0,1,Returned,Not as Expected,1,0,0.0,0.0,0.0,0.0
ORD_0004075,CUST_05830,2023-07-13 20:00:00,Electronics,COD,Tier_2,3496.54,31.85,1,0,RTO,,1,1,0.0,0.0,0.0,0.0
ORD_0002540,CUST_04890,2023-07-13 21:00:00,Fashion,COD,Tier_2,1391.07,18.81,0,0,Delivered,,0,1,0.0,1.0,0.0,1.0
ORD_0004592,CUST_02817,2023-07-13 21:00:00,Beauty,COD,Tier_2,1397.6,24.48,0,0,Delivered,,0,3,1.0,1.0,0.3333333333333333,0.3333333333333333
ORD_0003696,CUST_05144,2023-07-14 00:00:00,Fashion,Prepaid,Tier_1,1065.94,36.53,0,0,Delivered,,0,1,0.0,0.0,0.0,0.0
ORD_0002646,CUST_04605,2023-07-14 01:00:00,Home,Prepaid,Tier_1,1926.36,43.14,0,0,Delivered,,0,0,0.0,0.0,0.0,0.0
ORD_0007230,CUST_00936,2023-07-14 01:00:00,Electronics,Prepaid,Tier_1,2321.42,32.32,0,0,Delivered,,0,2,1.0,1.0,0.5,0.5
ORD_0007552,CUST_02234,2023-07-14 03:00:00,Electronics,Prepaid,Tier_3,1089.29,22.76,0,0,Delivered,,0,1,0.0,0.0,0.0,0.0
ORD_0001129,CUST_03590,2023-07-14 03:00:00,Home,Prepaid,Tier_3,851.81,19.36,1,0,RTO,,1,1,1.0,0.0,1.0,0.0
ORD_0002602,CUST_04998,2023-07-14 04:00:00,Home,COD,Tier_2,428.28,28.74,0,0,Delivered,,0,0,0.0,0.0,0.0,0.0
ORD_0001890,CUST_02065,2023-07-14 05:00:00,Fashion,COD,Tier_1,751.53,42.94,0,1,Returned,Defective,1,0,0.0,0.0,0.0,0.0
ORD_0005047,CUST_00080,2023-07-14 05:00:00,Footwear,Prepaid,Tier_3,620.08,43.78,0,1,Returned,Wrong Size,1,2,0.0,0.0,0.0,0.0
ORD_0004139,CUST_01762,2023-07-14 06:00:00,Fashion,COD,Tier_2,1617.41,8.3,0,0,Delivered,,0,0,0.0,0.0,0.0,0.0
ORD_0004121,CUST_03331,2023-07-14 08:00:00,Beauty,Prepaid,Tier_3,2781.95,36.25,0,0,Delivered,,0,0,0.0,0.0,0.0,0.0
ORD_0002783,CUST_01796,2023-07-14 08:00:00,Fashion,COD,Tier_3,755.64,12.4,0,0,Delivered,,0,0,0.0,0.0,0.0,0.0
ORD_0005340,CUST_00509,2023-07-14 09:00:00,Electronics,COD,Tier_1,1694.31,10.51,0,0,Delivered,,0,1,0.0,0.0,0.0,0.0
ORD_0006683,CUST_04964,2023-07-14 10:00:00,Fashion,COD,Tier_2,2277.6,24.4,0,0,Delivered,,0,0,0.0,0.0,0.0,0.0
ORD_0004299,CUST_04313,2023-07-14 10:00:00,Fashion,COD,Tier_2,1655.51,29.05,0,0,Delivered,,0,1,0.0,0.0,0.0,0.0
ORD_0009698,CUST_02161,2023-07-14 12:00:00,Footwear,COD,Tier_1,2529.68,30.28,0,0,Delivered,,0,0,0.0,0.0,0.0,0.0
ORD_0003180,CUST_04636,2023-07-14 13:00:00,Electronics,COD,Tier_1,1272.24,48.23,0,0,Delivered,,0,1,0.0,1.0,0.0,1.0
ORD_0009516,CUST_03714,2023-07-14 17:00:00,Footwear,COD,Tier_3,345.38,31.54,0,0,Delivered,,0,0,0.0,0.0,0.0,0.0
ORD_0005167,CUST_00146,2023-07-14 19:00:00,Footwear,COD,Tier_2,375.65,29.42,1,0,RTO,,1,0,0.0,0.0,0.0,0.0
ORD_0007342,CUST_03857,2023-07-14 19:00:00,Electronics,COD,Tier_3,1687.91,26.54,1,0,RTO,,1,0,0.0,0.0,0.0,0.0
ORD_0008832,CUST_00547,2023-07-14 21:00:00,Fashion,COD,Tier_3,2251.95,1.65,1,0,RTO,,1,1,0.0,1.0,0.0,1.0
ORD_0009154,CUST_00145,2023-07-14 21:00:00,Electronics,Prepaid,Tier_1,773.74,48.53,0,0,Delivered,,0,0,0.0,0.0,0.0,0.0
ORD_0002371,CUST_04687,2023-07-14 21:00:00,Beauty,Prepaid,Tier_2,1309.04,30.75,0,0,Delivered,,0,0,0.0,0.0,0.0,0.0
ORD_0006818,CUST_04721,2023-07-15 01:00:00,Fashion,COD,Tier_2,998.43,19.63,0,1,Returned,Changed Mind,1,4,1.0,1.0,0.25,0.25
ORD_0000302,CUST_00121,2023-07-15 04:00:00,Home,Prepaid,Tier_1,4801.15,35.15,0,0,Delivered,,0,0,0.0,0.0,0.0,0.0
ORD_0001695,CUST_01766,2023-07-15 07:00:00,Footwear,Prepaid,Tier_1,1425.09,18.31,0,0,Delivered,,0,2,0.0,0.0,0.0,0.0
ORD_0007433,CUST_05509,2023-07-15 10:00:00,Fashion,COD,Tier_2,2418.9,20.7,0,0,Delivered,,0,1,0.0,0.0,0.0,0.0
ORD_0000656,CUST_01304,2023-07-15 11:00:00,Footwear,COD,Tier_2,3587.98,24.12,0,0,Delivered,,0,0,0.0,0.0,0.0,0.0
ORD_0007296,CUST_04568,2023-07-15 12:00:00,Fashion,COD,Tier_2,408.48,23.14,1,0,RTO,,1,1,0.0,0.0,0.0,0.0
ORD_0006609,CUST_04454,2023-07-15 12:00:00,Fashion,Prepaid,Tier_2,776.3,3.75,0,1,Returned,Wrong Size,1,0,0.0,0.0,0.0,0.0
ORD_0009512,CUST_04933,2023-07-15 13:00:00,Electronics,COD,Tier_2,6617.1,18.67,0,0,Delivered,,0,0,0.0,0.0,0.0,0.0
ORD_0009490,CUST_03596,2023-07-15 15:00:00,Fashion,COD,Tier_3,1493.97,4.09,1,0,RTO,,1,1,0.0,1.0,0.0,1.0
ORD_0000512,CUST_04393,2023-07-15 18:00:00,Electronics,COD,Tier_2,1188.78,26.51,0,0,Delivered,,0,1,0.0,0.0,0.0,0.0
ORD_0004157,CUST_04507,2023-07-15 19:00:00,Fashion,Prepaid,Tier_3,804.31,37.68,0,1,Returned,Defective,1,0,0.0,0.0,0.0,0.0
ORD_0002503,CUST_02729,2023-07-15 19:00:00,Electronics,Prepaid,Tier_1,1322.51,31.29,0,0,Delivered,,0,0,0.0,0.0,0.0,0.0
ORD_0007216,CUST_04836,2023-07-15 20:00:00,Footwear,COD,Tier_3,1850.06,17.86,0,1,Returned,Wrong Size,1,0,0.0,0.0,0.0,0.0
ORD_0001828,CUST_03703,2023-07-15 21:00:00,Fashion,Prepaid,Tier_1,908.08,1.08,0,0,Delivered,,0,1,0.0,0.0,0.0,0.0
ORD_0004322,CUST_05425,2023-07-15 22:00:00,Fashion,COD,Tier_3,801.32,30.9,0,1,Returned,Changed Mind,1,2,0.0,0.0,0.0,0.0
ORD_0003109,CUST_04143,2023-07-15 22:00:00,Electronics,COD,Tier_1,2838.49,15.85,0,0,Delivered,,0,0,0.0,0.0,0.0,0.0
ORD_0007865,CUST_02815,2023-07-15 23:00:00,Electronics,COD,Tier_2,4504.79,22.17,0,0,Delivered,,0,1,1.0,0.0,1.0,0.0
ORD_0003163,CUST_00260,2023-07-15 23:00:00,Electronics,COD,Tier_1,304.14,33.16,0,0,Delivered,,0,2,0.0,0.0,0.0,0.0
ORD_0003875,CUST_04328,2023-07-16 00:00:00,Home,COD,Tier_3,1833.66,5.21,0,0,Delivered,,0,0,0.0,0.0,0.0,0.0
ORD_0002530,CUST_02714,2023-07-16 01:00:00,Footwear,COD,Tier_1,7870.68,43.56,1,0,RTO,,1,1,1.0,0.0,1.0,0.0
ORD_0007679,CUST_04647,2023-07-16 01:00:00,Fashion,COD,Tier_2,1656.49,32.23,1,0,RTO,,1,3,0.0,0.0,0.0,0.0
ORD_0003050,CUST_03037,2023-07-16 01:00:00,Fashion,Prepaid,Tier_1,2671.6,2.98,0,0,Delivered,,0,0,0.0,0.0,0.0,0.0
ORD_0004798,CUST_05504,2023-07-16 01:00:00,Fashion,COD,Tier_2,4838.56,4.65,1,0,RTO,,1,0,0.0,0.0,0.0,0.0
ORD_0001206,CUST_03163,2023-07-16 03:00:00,Fashion,COD,Tier_1,1372.84,16.78,1,0,RTO,,1,0,0.0,0.0,0.0,0.0
ORD_0001464,CUST_00497,2023-07-16 03:00:00,Footwear,COD,Tier_2,6662.69,26.58,0,0,Delivered,,0,0,0.0,0.0,0.0,0.0
ORD_0003597,CUST_03352,2023-07-16 04:00:00,Fashion,COD,Tier_2,4531.67,17.12,0,0,Delivered,,0,0,0.0,0.0,0.0,0.0
ORD_0005203,CUST_05398,2023-07-16 06:00:00,Fashion,Prepaid,Tier_2,702.38,42.59,0,0,Delivered,,0,3,0.0,1.0,0.0,0.3333333333333333
ORD_0006734,CUST_03499,2023-07-16 07:00:00,Fashion,COD,Tier_2,566.4,22.71,1,0,RTO,,1,0,0.0,0.0,0.0,0.0
ORD_0007067,CUST_01132,2023-07-16 12:00:00,Home,COD,Tier_3,942.75,28.44,1,0,RTO,,1,1,0.0,0.0,0.0,0.0
ORD_0003974,CUST_05141,2023-07-16 13:00:00,Footwear,Prepaid,Tier_3,1202.34,24.71,0,1,Returned,Changed Mind,1,1,0.0,0.0,0.0,0.0
ORD_0009792,CUST_01060,2023-07-16 13:00:00,Electronics,COD,Tier_1,1805.49,8.92,0,0,Delivered,,0,0,0.0,0.0,0.0,0.0
ORD_0005627,CUST_00820,2023-07-16 13:00:00,Fashion,COD,Tier_3,905.75,33.3,0,0,Delivered,,0,2,0.0,0.0,0.0,0.0
ORD_0005571,CUST_05975,2023-07-16 15:00:00,Fashion,COD,Tier_3,578.67,15.84,1,0,RTO,,1,1,0.0,1.0,0.0,1.0
ORD_0005847,CUST_01170,2023-07-16 15:00:00,Home,COD,Tier_3,448.88,0.84,0,0,Delivered,,0,1,0.0,0.0,0.0,0.0
ORD_0009218,CUST_02828,2023-07-16 16:00:00,Footwear,Prepaid,Tier_1,8068.49,24.21,0,1,Returned,Wrong Size,1,1,0.0,0.0,0.0,0.0
ORD_0008844,CUST_00980,2023-07-16 16:00:00,Fashion,Prepaid,Tier_1,3130.02,27.96,0,0,Delivered,,0,0,0.0,0.0,0.0,0.0
ORD_0003418,CUST_02909,2023-07-16 18:00:00,Beauty,Prepaid,Tier_2,1094.01,36.78,0,0,Delivered,,0,0,0.0,0.0,0.0,0.0
ORD_0009818,CUST_01263,2023-07-16 18:00:00,Fashion,COD,Tier_2,441.47,34.69,1,0,RTO,,1,1,0.0,0.0,0.0,0.0
ORD_0000924,CUST_04298,2023-07-16 18:00:00,Fashion,COD,Tier_2,3512.65,49.48,0,0,Delivered,,0,1,0.0,0.0,0.0,0.0
ORD_0001364,CUST_03404,2023-07-16 18:00:00,Beauty,Prepaid,Tier_2,11689.74,14.15,0,0,Delivered,,0,2,0.0,1.0,0.0,0.5
ORD_0003278,CUST_04563,2023-07-16 18:00:00,Fashion,COD,Tier_2,3629.64,46.91,0,1,Returned,Wrong Size,1,1,0.0,1.0,0.0,1.0
ORD_0002308,CUST_02598,2023-07-16 20:00:00,Fashion,COD,Tier_3,1939.97,44.65,0,0,Delivered,,0,1,1.0,0.0,1.0,0.0
ORD_0009506,CUST_05722,2023-07-16 21:00:00,Fashion,COD,Tier_1,2054.31,43.24,1,0,RTO,,1,1,1.0,0.0,1.0,0.0
ORD_0001077,CUST_03623,2023-07-16 21:00:00,Fashion,COD,Tier_3,347.25,42.61,0,0,Delivered,,0,1,0.0,0.0,0.0,0.0
ORD_0004432,CUST_05027,2023-07-17 00:00:00,Electronics,COD,Tier_1,2297.47,7.0,0,0,Delivered,,0,0,0.0,0.0,0.0,0.0
ORD_0007841,CUST_01164,2023-07-17 00:00:00,Fashion,COD,Tier_2,648.27,27.57,1,0,RTO,,1,0,0.0,0.0,0.0,0.0
ORD_0002070,CUST_05887,2023-07-17 02:00:00,Fashion,COD,Tier_2,2624.77,32.23,0,0,Delivered,,0,1,0.0,0.0,0.0,0.0
ORD_0006990,CUST_05320,2023-07-17 05:00:00,Fashion,Prepaid,Tier_2,933.12,48.93,0,0,Delivered,,0,0,0.0,0.0,0.0,0.0
ORD_0008598,CUST_03442,2023-07-17 06:00:00,Beauty,COD,Tier_2,2900.65,36.8,0,0,Delivered,,0,2,0.0,0.0,0.0,0.0
ORD_0001414,CUST_05306,2023-07-17 06:00:00,Fashion,COD,Tier_3,1649.68,23.29,0,1,Returned,Changed Mind,1,1,0.0,0.0,0.0,0.0
ORD_0008804,CUST_04795,2023-07-17 07:00:00,Footwear,Prepaid,Tier_3,6409.09,36.05,0,0,Delivered,,0,1,1.0,0.0,1.0,0.0
ORD_0007378,CUST_04610,2023-07-17 08:00:00,Fashion,COD,Tier_3,1576.95,17.45,0,0,Delivered,,0,1,1.0,0.0,1.0,0.0
ORD_0006960,CUST_05725,2023-07-17 09:00:00,Fashion,COD,Tier_2,374.68,1.83,0,0,Delivered,,0,0,0.0,0.0,0.0,0.0
ORD_0002177,CUST_02422,2023-07-17 09:00:00,Home,COD,Tier_2,969.65,48.11,0,0,Delivered,,0,3,0.0,1.0,0.0,0.3333333333333333
ORD_0000756,CUST_04419,2023-07-17 09:00:00,Footwear,COD,Tier_1,450.4,44.59,0,1,Returned,Wrong Size,1,2,0.0,1.0,0.0,0.5
ORD_0007345,CUST_05691,2023-07-17 10:00:00,Electronics,Prepaid,Tier_1,852.18,14.98,0,1,Returned,Not as Expected,1,0,0.0,0.0,0.0,0.0
ORD_0009714,CUST_01884,2023-07-17 11:00:00,Footwear,Prepaid,Tier_2,1470.62,13.49,0,1,Returned,Wrong Size,1,1,0.0,0.0,0.0,0.0
ORD_0003263,CUST_02595,2023-07-17 12:00:00,Footwear,Prepaid,Tier_1,2376.61,30.15,0,0,Delivered,,0,1,0.0,0.0,0.0,0.0
ORD_0007253,CUST_01185,2023-07-17 13:00:00,Fashion,COD,Tier_2,624.21,47.11,0,0,Delivered,,0,0,0.0,0.0,0.0,0.0
ORD_0005318,CUST_05818,2023-07-17 13:00:00,Home,COD,Tier_1,1411.66,43.5,0,0,Delivered,,0,0,0.0,0.0,0.0,0.0
ORD_0009133,CUST_01252,2023-07-17 15:00:00,Home,COD,Tier_3,3206.61,23.34,0,0,Delivered,,0,1,0.0,0.0,0.0,0.0
ORD_0006072,CUST_00593,2023-07-17 17:00:00,Fashion,COD,Tier_3,670.71,3.37,1,0,RTO,,1,0,0.0,0.0,0.0,0.0
ORD_0008324,CUST_01587,2023-07-17 19:00:00,Fashion,COD,Tier_2,1656.28,32.26,1,0,RTO,,1,0,0.0,0.0,0.0,0.0
ORD_0009434,CUST_01754,2023-07-17 20:00:00,Fashion,COD,Tier_1,4462.58,33.39,0,0,Delivered,,0,1,1.0,0.0,1.0,0.0
ORD_0003786,CUST_05571,2023-07-17 20:00:00,Footwear,COD,Tier_2,3377.07,43.21,0,1,Returned,Changed Mind,1,0,0.0,0.0,0.0,0.0
ORD_0004292,CUST_00311,2023-07-17 21:00:00,Footwear,COD,Tier_3,373.35,13.9,1,0,RTO,,1,1,0.0,0.0,0.0,0.0
ORD_0007032,CUST_04547,2023-07-17 21:00:00,Footwear,COD,Tier_2,576.25,13.14,0,1,Returned,Changed Mind,1,0,0.0,0.0,0.0,0.0
ORD_0004832,CUST_05197,2023-07-17 22:00:00,Electronics,COD,Tier_3,598.39,45.34,0,0,Delivered,,0,2,0.0,0.0,0.0,0.0
ORD_0008535,CUST_04421,2023-07-17 22:00:00,Fashion,COD,Tier_2,1766.08,21.81,0,1,Returned,Not as Expected,1,1,0.0,0.0,0.0,0.0
ORD_0003152,CUST_03327,2023-07-17 23:00:00,Fashion,COD,Tier_1,2434.53,25.51,0,0,Delivered,,0,1,0.0,0.0,0.0,0.0
ORD_0003507,CUST_01617,2023-07-17 23:00:00,Electronics,Prepaid,Tier_2,2205.85,1.09,0,1,Returned,Wrong Size,1,1,1.0,0.0,1.0,0.0
ORD_0005729,CUST_00332,2023-07-18 01:00:00,Footwear,Prepaid,Tier_3,553.84,34.91,0,1,Returned,Wrong Size,1,0,0.0,0.0,0.0,0.0
ORD_0009007,CUST_00036,2023-07-18 02:00:00,Home,COD,Tier_3,1089.21,0.26,1,0,RTO,,1,1,1.0,0.0,1.0,0.0
ORD_0003344,CUST_01116,2023-07-18 03:00:00,Footwear,COD,Tier_2,595.3,42.25,0,1,Returned,Changed Mind,1,0,0.0,0.0,0.0,0.0
ORD_0003644,CUST_00962,2023-07-18 03:00:00,Fashion,Prepaid,Tier_3,676.67,31.19,0,1,Returned,Changed Mind,1,1,1.0,0.0,1.0,0.0
ORD_0004303,CUST_05031,2023-07-18 03:00:00,Footwear,COD,Tier_1,1108.26,32.81,0,0,Delivered,,0,2,0.0,0.0,0.0,0.0
ORD_0009678,CUST_03835,2023-07-18 04:00:00,Fashion,Prepaid,Tier_2,1083.1,30.5,1,0,RTO,,1,3,0.0,2.0,0.0,0.6666666666666666
ORD_0006510,CUST_05855,2023-07-18 04:00:00,Electronics,COD,Tier_2,575.65,35.57,0,1,Returned,Wrong Size,1,0,0.0,0.0,0.0,0.0
ORD_0000993,CUST_00813,2023-07-18 04:00:00,Home,COD,Tier_1,1809.71,7.81,0,0,Delivered,,0,1,0.0,0.0,0.0,0.0
ORD_0002084,CUST_04289,2023-07-18 04:00:00,Electronics,COD,Tier_1,757.83,38.65,0,0,Delivered,,0,1,1.0,0.0,1.0,0.0
ORD_0005052,CUST_02693,2023-07-18 05:00:00,Fashion,COD,Tier_3,1238.0,17.77,0,0,Delivered,,0,1,0.0,0.0,0.0,0.0
ORD_0001345,CUST_05906,2023-07-18 05:00:00,Home,COD,Tier_3,334.72,46.06,1,0,RTO,,1,1,0.0,0.0,0.0,0.0
ORD_0005082,CUST_04661,2023-07-18 05:00:00,Footwear,Prepaid,Tier_2,2754.15,20.96,0,1,Returned,Wrong Size,1,1,0.0,0.0,0.0,0.0
ORD_0007101,CUST_00215,2023-07-18 07:00:00,Fashion,Prepaid,Tier_2,733.05,30.61,1,0,RTO,,1,0,0.0,0.0,0.0,0.0
ORD_0007850,CUST_04998,2023-07-18 07:00:00,Fashion,Prepaid,Tier_2,2321.88,43.8,0,0,Delivered,,0,1,0.0,0.0,0.0,0.0
ORD_0000011,CUST_04838,2023-07-18 07:00:00,Beauty,COD,Tier_2,423.05,33.48,0,0,Delivered,,0,1,0.0,0.0,0.0,0.0
ORD_0006267,CUST_02820,2023-07-18 08:00:00,Footwear,Prepaid,Tier_3,2500.14,33.95,0,1,Returned,Not as Expected,1,0,0.0,0.0,0.0,0.0
ORD_0004035,CUST_03742,2023-07-18 08:00:00,Beauty,COD,Tier_1,5214.16,11.19,1,0,RTO,,1,1,1.0,0.0,1.0,0.0
ORD_0001734,CUST_05473,2023-07-18 08:00:00,Footwear,COD,Tier_3,1051.26,33.86,0,1,Returned,Defective,1,0,0.0,0.0,0.0,0.0
ORD_0001050,CUST_02231,2023-07-18 13:00:00,Fashion,COD,Tier_2,4241.48,38.47,0,0,Delivered,,0,0,0.0,0.0,0.0,0.0
ORD_0007020,CUST_02883,2023-07-18 13:00:00,Electronics,COD,Tier_1,395.43,1.3,0,0,Delivered,,0,2,0.0,0.0,0.0,0.0
ORD_0004545,CUST_03679,2023-07-18 13:00:00,Footwear,Prepaid,Tier_1,902.64,8.32,0,0,Delivered,,0,1,0.0,0.0,0.0,0.0
ORD_0005599,CUST_05054,2023-07-18 16:00:00,Fashion,Prepaid,Tier_1,977.8,23.95,0,1,Returned,Changed Mind,1,0,0.0,0.0,0.0,0.0
ORD_0002393,CUST_03405,2023-07-18 16:00:00,Home,COD,Tier_1,4165.71,39.59,0,0,Delivered,,0,0,0.0,0.0,0.0,0.0
ORD_0002197,CUST_05499,2023-07-18 16:00:00,Electronics,COD,Tier_2,345.67,6.14,0,0,Delivered,,0,1,1.0,0.0,1.0,0.0
ORD_0007668,CUST_04489,2023-07-18 19:00:00,Fashion,COD,Tier_1,1580.28,35.86,1,0,RTO,,1,2,0.0,1.0,0.0,0.5
ORD_0001172,CUST_02785,2023-07-18 20:00:00,Footwear,COD,Tier_3,5410.7,9.48,0,0,Delivered,,0,0,0.0,0.0,0.0,0.0
ORD_0004132,CUST_01292,2023-07-18 20:00:00,Home,Prepaid,Tier_3,1826.23,47.62,0,0,Delivered,,0,1,0.0,1.0,0.0,1.0
ORD_0007403,CUST_02865,2023-07-18 20:00:00,Footwear,COD,Tier_2,2923.38,6.27,0,0,Delivered,,0,2,1.0,0.0,0.5,0.0
ORD_0003601,CUST_05818,2023-07-18 21:00:00,Footwear,COD,Tier_3,1482.48,48.86,1,0,RTO,,1,1,0.0,0.0,0.0,0.0
ORD_0004054,CUST_00196,2023-07-18 22:00:00,Fashion,COD,Tier_1,1630.03,47.1,0,0,Delivered,,0,0,0.0,0.0,0.0,0.0
ORD_0003284,CUST_00735,2023-07-18 22:00:00,Beauty,Prepaid,Tier_2,3012.47,10.59,0,0,Delivered,,0,1,0.0,0.0,0.0,0.0
ORD_0007862,CUST_02560,2023-07-18 22:00:00,Fashion,COD,Tier_1,1380.51,44.91,0,0,Delivered,,0,3,0.0,0.0,0.0,0.0
ORD_0000288,CUST_03676,2023-07-18 23:00:00,Electronics,COD,Tier_1,580.82,43.52,1,0,RTO,,1,0,0.0,0.0,0.0,0.0
ORD_0008394,CUST_02210,2023-07-18 23:00:00,Fashion,Prepaid,Tier_3,457.44,43.74,1,0,RTO,,1,1,0.0,1.0,0.0,1.0
ORD_0008031,CUST_00998,2023-07-18 23:00:00,Electronics,Prepaid,Tier_1,5188.21,3.77,0,0,Delivered,,0,0,0.0,0.0,0.0,0.0
ORD_0006920,CUST_03623,2023-07-19 00:00:00,Fashion,COD,Tier_2,463.33,2.51,0,0,Delivered,,0,2,0.0,0.0,0.0,0.0
ORD_0000741,CUST_00412,2023-07-19 01:00:00,Fashion,COD,Tier_1,952.18,36.43,0,0,Delivered,,0,1,1.0,0.0,1.0,0.0
ORD_0003784,CUST_01853,2023-07-19 02:00:00,Footwear,Prepaid,Tier_2,7515.41,17.6,0,0,Delivered,,0,1,0.0,0.0,0.0,0.0
ORD_0005946,CUST_02996,2023-07-19 03:00:00,Footwear,COD,Tier_1,3464.07,31.39,0,0,Delivered,,0,0,0.0,0.0,0.0,0.0
ORD_0009088,CUST_01641,2023-07-19 03:00:00,Electronics,COD,Tier_2,452.79,2.42,0,0,Delivered,,0,2,0.0,0.0,0.0,0.0
ORD_0004405,CUST_03075,2023-07-19 03:00:00,Fashion,COD,Tier_1,5068.77,36.38,0,0,Delivered,,0,1,1.0,0.0,1.0,0.0
ORD_0004106,CUST_02606,2023-07-19 04:00:00,Footwear,Prepaid,Tier_1,1351.76,33.47,0,0,Delivered,,0,0,0.0,0.0,0.0,0.0
ORD_0003228,CUST_02791,2023-07-19 06:00:00,Electronics,Prepaid,Tier_2,351.86,28.81,1,0,RTO,,1,0,0.0,0.0,0.0,0.0
ORD_0000301,CUST_04429,2023-07-19 06:00:00,Fashion,Prepaid,Tier_3,887.18,45.02,0,1,Returned,Wrong Size,1,4,1.0,0.0,0.25,0.0
ORD_0008796,CUST_01633,2023-07-19 07:00:00,Footwear,Prepaid,Tier_3,847.49,11.01,0,0,Delivered,,0,0,0.0,0.0,0.0,0.0
ORD_0007745,CUST_03312,2023-07-19 07:00:00,Home,COD,Tier_3,1163.08,8.76,0,0,Delivered,,0,2,0.0,0.0,0.0,0.0
ORD_0007738,CUST_05881,2023-07-19 07:00:00,Footwear,COD,Tier_3,898.05,42.88,0,0,Delivered,,0,1,0.0,1.0,0.0,1.0
ORD_0008122,CUST_01851,2023-07-19 08:00:00,Fashion,COD,Tier_2,619.17,45.51,0,0,Delivered,,0,1,1.0,0.0,1.0,0.0
ORD_0001708,CUST_02527,2023-07-19 09:00:00,Home,COD,Tier_2,619.71,35.13,0,0,Delivered,,0,1,0.0,0.0,0.0,0.0
ORD_0006704,CUST_00577,2023-07-19 09:00:00,Fashion,COD,Tier_2,771.96,7.86,0,0,Delivered,,0,0,0.0,0.0,0.0,0.0
ORD_0001412,CUST_04998,2023-07-19 09:00:00,Home,COD,Tier_3,991.76,2.85,1,0,RTO,,1,2,0.0,0.0,0.0,0.0
ORD_0003756,CUST_02245,2023-07-19 10:00:00,Footwear,COD,Tier_3,2609.03,26.58,0,0,Delivered,,0,1,0.0,1.0,0.0,1.0
ORD_0004541,CUST_05551,2023-07-19 10:00:00,Footwear,COD,Tier_3,497.11,47.58,0,0,Delivered,,0,0,0.0,0.0,0.0,0.0
ORD_0000157,CUST_05585,2023-07-19 10:00:00,Footwear,COD,Tier_2,5391.4,18.15,1,0,RTO,,1,1,0.0,0.0,0.0,0.0
ORD_0006299,CUST_05172,2023-07-19 11:00:00,Fashion,COD,Tier_3,1119.55,4.61,1,0,RTO,,1,0,0.0,0.0,0.0,0.0
ORD_0001225,CUST_05364,2023-07-19 12:00:00,Home,COD,Tier_2,5659.36,41.34,0,0,Delivered,,0,2,0.0,0.0,0.0,0.0
ORD_0000606,CUST_01841,2023-07-19 13:00:00,Fashion,COD,Tier_2,819.56,49.2,0,0,Delivered,,0,2,0.0,0.0,0.0,0.0
ORD_0007736,CUST_02495,2023-07-19 14:00:00,Electronics,Prepaid,Tier_3,1188.85,30.38,1,0,RTO,,1,0,0.0,0.0,0.0,0.0
ORD_0003119,CUST_03997,2023-07-19 15:00:00,Fashion,COD,Tier_1,1133.68,21.64,1,0,RTO,,1,0,0.0,0.0,0.0,0.0
ORD_0008805,CUST_02490,2023-07-19 15:00:00,Home,COD,Tier_2,2582.57,48.39,0,0,Delivered,,0,3,0.0,0.0,0.0,0.0
ORD_0001953,CUST_05676,2023-07-19 16:00:00,Beauty,Prepaid,Tier_1,388.02,43.69,0,0,Delivered,,0,0,0.0,0.0,0.0,0.0
ORD_0009647,CUST_04563,2023-07-19 17:00:00,Fashion,COD,Tier_2,2175.95,22.13,0,1,Returned,Not as Expected,1,2,1.0,1.0,0.5,0.5
ORD_0004644,CUST_03969,2023-07-19 18:00:00,Fashion,Prepaid,Tier_1,767.0,24.77,0,0,Delivered,,0,1,1.0,0.0,1.0,0.0
ORD_0006063,CUST_03310,2023-07-19 19:00:00,Footwear,COD,Tier_1,687.06,17.66,0,1,Returned,Changed Mind,1,0,0.0,0.0,0.0,0.0
ORD_0000798,CUST_00623,2023-07-19 19:00:00,Footwear,COD,Tier_1,2780.32,7.43,0,0,Delivered,,0,0,0.0,0.0,0.0,0.0
ORD_0002711,CUST_04047,2023-07-19 20:00:00,Footwear,COD,Tier_2,4421.38,17.41,0,0,Delivered,,0,0,0.0,0.0,0.0,0.0
ORD_0001601,CUST_04558,2023-07-19 21:00:00,Fashion,Prepaid,Tier_1,4486.04,1.41,0,1,Returned,Wrong Size,1,1,0.0,0.0,0.0,0.0
ORD_0009068,CUST_05506,2023-07-19 21:00:00,Fashion,Prepaid,Tier_1,9795.82,48.05,0,0,Delivered,,0,3,0.0,0.0,0.0,0.0
ORD_0002170,CUST_04469,2023-07-19 22:00:00,Fashion,COD,Tier_2,979.94,2.77,0,0,Delivered,,0,0,0.0,0.0,0.0,0.0
ORD_0002147,CUST_02720,2023-07-19 23:00:00,Electronics,Prepaid,Tier_1,1097.55,30.35,0,0,Delivered,,0,2,1.0,1.0,0.5,0.5
ORD_0006215,CUST_03693,2023-07-19 23:00:00,Fashion,COD,Tier_1,995.39,7.18,0,0,Delivered,,0,1,0.0,0.0,0.0,0.0
ORD_0001391,CUST_00115,2023-07-19 23:00:00,Home,COD,Tier_2,379.73,33.43,0,0,Delivered,,0,0,0.0,0.0,0.0,0.0
ORD_0001694,CUST_02238,2023-07-20 01:00:00,Fashion,COD,Tier_2,313.51,47.76,1,0,RTO,,1,0,0.0,0.0,0.0,0.0
ORD_0009799,CUST_00580,2023-07-20 01:00:00,Footwear,Prepaid,Tier_3,1422.45,5.06,0,1,Returned,Wrong Size,1,0,0.0,0.0,0.0,0.0
ORD_0001585,CUST_03497,2023-07-20 01:00:00,Electronics,COD,Tier_3,1747.58,30.83,0,0,Delivered,,0,0,0.0,0.0,0.0,0.0
ORD_0006049,CUST_00563,2023-07-20 03:00:00,Home,Prepaid,Tier_3,6666.47,31.97,0,0,Delivered,,0,0,0.0,0.0,0.0,0.0
ORD_0005517,CUST_01459,2023-07-20 04:00:00,Fashion,Prepaid,Tier_1,4807.68,40.01,0,0,Delivered,,0,2,1.0,0.0,0.5,0.0
ORD_0009277,CUST_05206,2023-07-20 04:00:00,Beauty,COD,Tier_2,651.86,26.54,1,0,RTO,,1,2,1.0,0.0,0.5,0.0
ORD_0002203,CUST_01311,2023-07-20 04:00:00,Fashion,Prepaid,Tier_2,449.01,37.91,0,0,Delivered,,0,1,1.0,0.0,1.0,0.0
ORD_0009706,CUST_04553,2023-07-20 05:00:00,Footwear,COD,Tier_2,1651.5,29.51,0,0,Delivered,,0,0,0.0,0.0,0.0,0.0
ORD_0001852,CUST_01236,2023-07-20 05:00:00,Fashion,COD,Tier_2,796.48,29.51,1,0,RTO,,1,1,0.0,1.0,0.0,1.0
ORD_0003678,CUST_00486,2023-07-20 05:00:00,Footwear,COD,Tier_1,1583.72,13.04,0,0,Delivered,,0,1,0.0,0.0,0.0,0.0
ORD_0005713,CUST_01957,2023-07-20 06:00:00,Footwear,COD,Tier_3,1677.53,40.81,0,0,Delivered,,0,1,1.0,0.0,1.0,0.0
ORD_0007819,CUST_04735,2023-07-20 06:00:00,Fashion,COD,Tier_3,1036.77,14.73,0,0,Delivered,,0,1,1.0,0.0,1.0,0.0
ORD_0007913,CUST_01431,2023-07-20 08:00:00,Electronics,COD,Tier_1,843.14,49.87,0,0,Delivered,,0,0,0.0,0.0,0.0,0.0
ORD_0009657,CUST_05813,2023-07-20 09:00:00,Fashion,Prepaid,Tier_1,1649.76,33.93,0,0,Delivered,,0,2,0.0,0.0,0.0,0.0
ORD_0002043,CUST_01225,2023-07-20 09:00:00,Home,Prepaid,Tier_1,5054.98,45.46,0,0,Delivered,,0,0,0.0,0.0,0.0,0.0
ORD_0007837,CUST_04754,2023-07-20 10:00:00,Fashion,COD,Tier_1,1204.96,41.38,0,1,Returned,Wrong Size,1,1,0.0,0.0,0.0,0.0
ORD_0002458,CUST_00881,2023-07-20 10:00:00,Fashion,COD,Tier_2,761.21,42.65,0,0,Delivered,,0,0,0.0,0.0,0.0,0.0
ORD_0005333,CUST_01638,2023-07-20 10:00:00,Beauty,COD,Tier_3,1555.22,40.32,0,0,Delivered,,0,1,0.0,0.0,0.0,0.0
ORD_0007499,CUST_03636,2023-07-20 10:00:00,Home,Prepaid,Tier_1,517.02,37.47,0,1,Returned,Changed Mind,1,0,0.0,0.0,0.0,0.0
ORD_0009057,CUST_02381,2023-07-20 11:00:00,Footwear,COD,Tier_2,889.65,5.79,0,0,Delivered,,0,2,0.0,0.0,0.0,0.0
ORD_0005853,CUST_02167,2023-07-20 11:00:00,Fashion,COD,Tier_1,3973.01,24.82,0,0,Delivered,,0,2,1.0,0.0,0.5,0.0
ORD_0004839,CUST_04100,2023-07-20 11:00:00,Fashion,COD,Tier_2,2161.34,9.85,1,0,RTO,,1,2,0.0,0.0,0.0,0.0
ORD_0006874,CUST_04491,2023-07-20 12:00:00,Footwear,Prepaid,Tier_3,1499.1,7.62,0,0,Delivered,,0,1,1.0,0.0,1.0,0.0
ORD_0007160,CUST_04686,2023-07-20 14:00:00,Footwear,COD,Tier_3,1349.27,10.54,0,1,Returned,Defective,1,2,1.0,0.0,0.5,0.0
ORD_0001284,CUST_05597,2023-07-20 14:00:00,Home,Prepaid,Tier_2,4331.36,8.07,0,0,Delivered,,0,4,0.0,1.0,0.0,0.25
ORD_0009152,CUST_04429,2023-07-20 15:00:00,Electronics,COD,Tier_2,2341.54,41.59,0,0,Delivered,,0,5,2.0,0.0,0.4,0.0
ORD_0005526,CUST_03696,2023-07-20 15:00:00,Home,COD,Tier_2,2542.41,20.22,1,0,RTO,,1,0,0.0,0.0,0.0,0.0
ORD_0007744,CUST_04182,2023-07-20 15:00:00,Fashion,Prepaid,Tier_1,3678.37,19.15,0,0,Delivered,,0,2,0.0,1.0,0.0,0.5
ORD_0009083,CUST_01383,2023-07-20 16:00:00,Footwear,COD,Tier_3,578.44,21.65,0,0,Delivered,,0,0,0.0,0.0,0.0,0.0
ORD_0005464,CUST_05592,2023-07-20 17:00:00,Fashion,COD,Tier_2,539.31,32.32,1,0,RTO,,1,0,0.0,0.0,0.0,0.0
ORD_0006191,CUST_00826,2023-07-20 17:00:00,Fashion,COD,Tier_2,3826.09,19.43,1,0,RTO,,1,0,0.0,0.0,0.0,0.0
ORD_0009098,CUST_04768,2023-07-20 18:00:00,Fashion,Prepaid,Tier_1,363.12,15.02,0,0,Delivered,,0,1,0.0,0.0,0.0,0.0
ORD_0005742,CUST_03180,2023-07-20 19:00:00,Electronics,COD,Tier_3,697.32,9.53,0,0,Delivered,,0,1,1.0,0.0,1.0,0.0
ORD_0008015,CUST_02880,2023-07-20 21:00:00,Fashion,Prepaid,Tier_1,316.33,4.77,0,0,Delivered,,0,2,1.0,0.0,0.5,0.0
ORD_0004961,CUST_03116,2023-07-20 22:00:00,Beauty,COD,Tier_3,388.55,19.23,0,0,Delivered,,0,0,0.0,0.0,0.0,0.0
ORD_0003902,CUST_04105,2023-07-20 22:00:00,Fashion,COD,Tier_3,1122.5,34.89,0,0,Delivered,,0,0,0.0,0.0,0.0,0.0
ORD_0001607,CUST_05489,2023-07-20 22:00:00,Fashion,Prepaid,Tier_2,920.14,0.59,0,0,Delivered,,0,0,0.0,0.0,0.0,0.0
ORD_0004778,CUST_05370,2023-07-21 00:00:00,Electronics,COD,Tier_3,542.65,5.9,1,0,RTO,,1,2,0.0,2.0,0.0,1.0
ORD_0001591,CUST_05627,2023-07-21 00:00:00,Footwear,Prepaid,Tier_1,401.22,25.8,0,0,Delivered,,0,0,0.0,0.0,0.0,0.0
ORD_0005337,CUST_05599,2023-07-21 03:00:00,Footwear,Prepaid,Tier_1,379.9,1.11,0,1,Returned,Changed Mind,1,0,0.0,0.0,0.0,0.0
ORD_0009223,CUST_05417,2023-07-21 07:00:00,Footwear,Prepaid,Tier_2,2044.04,10.08,0,0,Delivered,,0,0,0.0,0.0,0.0,0.0
ORD_0001052,CUST_04424,2023-07-21 07:00:00,Home,COD,Tier_2,854.49,27.35,0,0,Delivered,,0,1,0.0,0.0,0.0,0.0
ORD_0006334,CUST_01726,2023-07-21 08:00:00,Home,COD,Tier_3,400.01,49.15,1,0,RTO,,1,0,0.0,0.0,0.0,0.0
ORD_0003777,CUST_00780,2023-07-21 08:00:00,Home,COD,Tier_2,474.04,47.43,0,0,Delivered,,0,0,0.0,0.0,0.0,0.0
ORD_0006561,CUST_04885,2023-07-21 09:00:00,Footwear,COD,Tier_3,2163.2,34.91,1,0,RTO,,1,1,0.0,0.0,0.0,0.0
ORD_0008252,CUST_03401,2023-07-21 10:00:00,Fashion,COD,Tier_3,2473.68,25.5,0,0,Delivered,,0,0,0.0,0.0,0.0,0.0
ORD_0003190,CUST_00382,2023-07-21 10:00:00,Electronics,COD,Tier_2,1524.21,4.3,0,0,Delivered,,0,0,0.0,0.0,0.0,0.0
ORD_0003186,CUST_05672,2023-07-21 10:00:00,Footwear,COD,Tier_2,1008.3,44.49,0,0,Delivered,,0,0,0.0,0.0,0.0,0.0
ORD_0000173,CUST_04159,2023-07-21 11:00:00,Footwear,Prepaid,Tier_3,3146.87,17.7,1,0,RTO,,1,1,0.0,0.0,0.0,0.0
ORD_0005270,CUST_03430,2023-07-21 12:00:00,Fashion,COD,Tier_1,2403.11,1.83,0,0,Delivered,,0,2,0.0,0.0,0.0,0.0
ORD_0003933,CUST_01955,2023-07-21 12:00:00,Fashion,COD,Tier_2,318.09,48.41,1,0,RTO,,1,3,1.0,0.0,0.3333333333333333,0.0
ORD_0000029,CUST_03680,2023-07-21 13:00:00,Electronics,COD,Tier_2,1943.88,18.57,0,1,Returned,Wrong Size,1,2,0.0,1.0,0.0,0.5
ORD_0005008,CUST_01702,2023-07-21 14:00:00,Fashion,Prepaid,Tier_1,345.65,35.67,0,0,Delivered,,0,0,0.0,0.0,0.0,0.0
ORD_0008158,CUST_05643,2023-07-21 16:00:00,Fashion,COD,Tier_2,4316.24,1.03,0,0,Delivered,,0,0,0.0,0.0,0.0,0.0
ORD_0007070,CUST_05777,2023-07-21 18:00:00,Fashion,Prepaid,Tier_2,548.3,29.39,0,0,Delivered,,0,0,0.0,0.0,0.0,0.0
ORD_0007645,CUST_02313,2023-07-21 19:00:00,Fashion,Prepaid,Tier_2,1055.29,48.88,0,0,Delivered,,0,1,0.0,0.0,0.0,0.0
ORD_0000636,CUST_03806,2023-07-21 19:00:00,Electronics,COD,Tier_3,1238.54,18.33,0,1,Returned,Changed Mind,1,0,0.0,0.0,0.0,0.0
ORD_0006165,CUST_04725,2023-07-21 22:00:00,Footwear,Prepaid,Tier_1,585.44,32.53,0,1,Returned,Not as Expected,1,1,0.0,1.0,0.0,1.0
ORD_0004602,CUST_01411,2023-07-21 23:00:00,Electronics,COD,Tier_1,350.56,42.13,0,0,Delivered,,0,0,0.0,0.0,0.0,0.0
ORD_0008204,CUST_05357,2023-07-21 23:00:00,Footwear,COD,Tier_1,2129.46,35.72,0,1,Returned,Not as Expected,1,2,0.0,1.0,0.0,0.5
ORD_0001152,CUST_05871,2023-07-22 00:00:00,Electronics,COD,Tier_1,1170.13,35.45,0,0,Delivered,,0,1,0.0,0.0,0.0,0.0
ORD_0009071,CUST_03589,2023-07-22 00:00:00,Fashion,COD,Tier_2,3630.39,8.22,0,1,Returned,Changed Mind,1,1,0.0,0.0,0.0,0.0
ORD_0006578,CUST_05746,2023-07-22 01:00:00,Fashion,COD,Tier_2,5030.14,42.01,1,0,RTO,,1,2,0.0,1.0,0.0,0.5
ORD_0009479,CUST_03625,2023-07-22 02:00:00,Electronics,COD,Tier_3,1401.45,15.89,1,0,RTO,,1,2,0.0,0.0,0.0,0.0
ORD_0000610,CUST_00379,2023-07-22 03:00:00,Footwear,COD,Tier_2,2141.63,20.94,0,0,Delivered,,0,0,0.0,0.0,0.0,0.0
ORD_0008083,CUST_05030,2023-07-22 04:00:00,Fashion,COD,Tier_2,2574.77,47.76,1,0,RTO,,1,0,0.0,0.0,0.0,0.0
ORD_0008741,CUST_04191,2023-07-22 04:00:00,Fashion,COD,Tier_2,1059.57,0.79,0,0,Delivered,,0,1,0.0,1.0,0.0,1.0
ORD_0002394,CUST_03967,2023-07-22 04:00:00,Electronics,Prepaid,Tier_2,1861.22,27.38,0,0,Delivered,,0,1,0.0,0.0,0.0,0.0
ORD_0008828,CUST_00234,2023-07-22 05:00:00,Fashion,COD,Tier_1,475.05,22.32,0,0,Delivered,,0,0,0.0,0.0,0.0,0.0
ORD_0006718,CUST_05382,2023-07-22 05:00:00,Footwear,Prepaid,Tier_2,600.73,18.08,0,0,Delivered,,0,3,1.0,0.0,0.3333333333333333,0.0
ORD_0001275,CUST_04637,2023-07-22 05:00:00,Electronics,COD,Tier_3,1029.21,48.74,1,0,RTO,,1,2,0.0,0.0,0.0,0.0
ORD_0005418,CUST_05423,2023-07-22 06:00:00,Home,COD,Tier_1,1286.13,12.61,0,0,Delivered,,0,3,1.0,1.0,0.3333333333333333,0.3333333333333333
ORD_0002676,CUST_03912,2023-07-22 06:00:00,Home,Prepaid,Tier_2,899.08,36.92,1,0,RTO,,1,1,0.0,0.0,0.0,0.0
ORD_0001217,CUST_03607,2023-07-22 08:00:00,Fashion,COD,Tier_3,341.68,8.24,0,0,Delivered,,0,0,0.0,0.0,0.0,0.0
ORD_0001724,CUST_04075,2023-07-22 08:00:00,Footwear,Prepaid,Tier_1,504.73,22.16,0,1,Returned,Wrong Size,1,2,1.0,1.0,0.5,0.5
ORD_0009446,CUST_02593,2023-07-22 09:00:00,Fashion,Prepaid,Tier_2,4653.68,49.38,0,1,Returned,Wrong Size,1,0,0.0,0.0,0.0,0.0
ORD_0005334,CUST_02188,2023-07-22 11:00:00,Footwear,Prepaid,Tier_2,3796.01,9.03,0,0,Delivered,,0,1,0.0,0.0,0.0,0.0
ORD_0007033,CUST_02296,2023-07-22 11:00:00,Fashion,COD,Tier_2,1382.63,31.58,0,0,Delivered,,0,1,0.0,0.0,0.0,0.0
ORD_0002019,CUST_03072,2023-07-22 12:00:00,Fashion,COD,Tier_3,704.26,36.4,1,0,RTO,,1,0,0.0,0.0,0.0,0.0
ORD_0009499,CUST_03860,2023-07-22 12:00:00,Fashion,COD,Tier_1,2729.14,15.74,0,0,Delivered,,0,0,0.0,0.0,0.0,0.0
ORD_0003703,CUST_03301,2023-07-22 13:00:00,Beauty,Prepaid,Tier_2,675.51,21.4,0,0,Delivered,,0,0,0.0,0.0,0.0,0.0
ORD_0003453,CUST_03955,2023-07-22 13:00:00,Fashion,Prepaid,Tier_3,792.18,15.21,0,1,Returned,Wrong Size,1,2,0.0,2.0,0.0,1.0
ORD_0007904,CUST_02065,2023-07-22 15:00:00,Beauty,Prepaid,Tier_3,2762.35,45.63,0,0,Delivered,,0,1,1.0,0.0,1.0,0.0
ORD_0001410,CUST_04600,2023-07-22 16:00:00,Beauty,COD,Tier_3,900.57,5.9,0,1,Returned,Not as Expected,1,1,1.0,0.0,1.0,0.0
ORD_0003041,CUST_02947,2023-07-22 16:00:00,Electronics,Prepaid,Tier_3,1698.68,46.88,0,0,Delivered,,0,0,0.0,0.0,0.0,0.0
ORD_0002563,CUST_00901,2023-07-22 18:00:00,Beauty,Prepaid,Tier_1,577.93,32.86,1,0,RTO,,1,1,0.0,1.0,0.0,1.0
ORD_0007169,CUST_03700,2023-07-22 18:00:00,Footwear,COD,Tier_2,2636.65,36.18,0,0,Delivered,,0,1,1.0,0.0,1.0,0.0
ORD_0005053,CUST_02929,2023-07-22 20:00:00,Beauty,COD,Tier_1,2608.98,30.77,0,0,Delivered,,0,1,0.0,0.0,0.0,0.0
ORD_0006598,CUST_03976,2023-07-22 20:00:00,Footwear,COD,Tier_3,667.6,37.76,1,0,RTO,,1,1,0.0,1.0,0.0,1.0
ORD_0004338,CUST_05794,2023-07-22 21:00:00,Fashion,COD,Tier_2,852.5,18.89,1,0,RTO,,1,0,0.0,0.0,0.0,0.0
ORD_0001018,CUST_05759,2023-07-22 21:00:00,Electronics,COD,Tier_2,2318.37,2.84,0,1,Returned,Not as Expected,1,0,0.0,0.0,0.0,0.0
ORD_0007951,CUST_03267,2023-07-22 21:00:00,Footwear,Prepaid,Tier_2,3313.26,8.05,0,1,Returned,Wrong Size,1,0,0.0,0.0,0.0,0.0
ORD_0007397,CUST_01699,2023-07-22 22:00:00,Footwear,COD,Tier_2,1550.78,15.96,1,0,RTO,,1,2,1.0,1.0,0.5,0.5
ORD_0009336,CUST_03554,2023-07-22 22:00:00,Beauty,Prepaid,Tier_1,493.83,4.19,0,0,Delivered,,0,0,0.0,0.0,0.0,0.0
ORD_0008851,CUST_04765,2023-07-23 02:00:00,Fashion,COD,Tier_2,1139.88,14.85,0,0,Delivered,,0,1,0.0,0.0,0.0,0.0
ORD_0006785,CUST_02261,2023-07-23 02:00:00,Fashion,COD,Tier_3,4537.3,5.85,1,0,RTO,,1,2,0.0,0.0,0.0,0.0
ORD_0002404,CUST_03267,2023-07-23 04:00:00,Electronics,COD,Tier_2,1189.97,35.36,0,1,Returned,Wrong Size,1,1,1.0,0.0,1.0,0.0
ORD_0006237,CUST_01102,2023-07-23 07:00:00,Home,COD,Tier_3,2404.66,8.34,0,1,Returned,Wrong Size,1,0,0.0,0.0,0.0,0.0
ORD_0006512,CUST_03153,2023-07-23 07:00:00,Home,COD,Tier_2,1464.34,6.53,0,0,Delivered,,0,4,1.0,0.0,0.25,0.0
ORD_0009702,CUST_01352,2023-07-23 08:00:00,Fashion,Prepaid,Tier_2,1727.62,44.28,0,0,Delivered,,0,1,0.0,1.0,0.0,1.0
ORD_0001770,CUST_03243,2023-07-23 09:00:00,Electronics,COD,Tier_2,540.34,26.19,0,1,Returned,Changed Mind,1,2,0.0,1.0,0.0,0.5
ORD_0001678,CUST_00696,2023-07-23 10:00:00,Beauty,Prepaid,Tier_1,411.32,5.28,0,0,Delivered,,0,2,0.0,0.0,0.0,0.0
ORD_0002329,CUST_01349,2023-07-23 14:00:00,Footwear,Prepaid,Tier_3,1925.04,47.24,0,0,Delivered,,0,1,0.0,0.0,0.0,0.0
ORD_0004441,CUST_01287,2023-07-23 15:00:00,Electronics,COD,Tier_2,2763.04,11.29,0,0,Delivered,,0,0,0.0,0.0,0.0,0.0
ORD_0005140,CUST_01355,2023-07-23 15:00:00,Footwear,Prepaid,Tier_2,3117.42,37.61,0,0,Delivered,,0,0,0.0,0.0,0.0,0.0
ORD_0008275,CUST_05790,2023-07-23 16:00:00,Home,Prepaid,Tier_1,6705.91,20.7,0,0,Delivered,,0,0,0.0,0.0,0.0,0.0
ORD_0000247,CUST_02707,2023-07-23 18:00:00,Electronics,Prepaid,Tier_2,1831.21,20.38,0,1,Returned,Wrong Size,1,0,0.0,0.0,0.0,0.0
ORD_0001264,CUST_00377,2023-07-23 19:00:00,Footwear,Prepaid,Tier_1,1173.87,40.34,0,1,Returned,Defective,1,2,1.0,0.0,0.5,0.0
ORD_0000089,CUST_01402,2023-07-23 21:00:00,Fashion,COD,Tier_2,861.46,45.48,0,1,Returned,Not as Expected,1,0,0.0,0.0,0.0,0.0
ORD_0009785,CUST_00360,2023-07-23 22:00:00,Fashion,Prepaid,Tier_1,1091.9,24.33,0,0,Delivered,,0,1,0.0,0.0,0.0,0.0
ORD_0004197,CUST_00242,2023-07-23 22:00:00,Beauty,Prepaid,Tier_1,367.05,27.76,0,0,Delivered,,0,1,0.0,1.0,0.0,1.0
ORD_0006878,CUST_03265,2023-07-24 01:00:00,Home,Prepaid,Tier_2,3517.67,22.52,0,0,Delivered,,0,0,0.0,0.0,0.0,0.0
ORD_0006180,CUST_05721,2023-07-24 01:00:00,Fashion,COD,Tier_2,825.98,19.68,0,0,Delivered,,0,1,0.0,0.0,0.0,0.0
ORD_0009749,CUST_04781,2023-07-24 02:00:00,Fashion,COD,Tier_3,758.97,34.82,0,0,Delivered,,0,3,0.0,1.0,0.0,0.3333333333333333
ORD_0001789,CUST_00843,2023-07-24 03:00:00,Footwear,COD,Tier_3,1375.58,8.64,1,0,RTO,,1,1,0.0,0.0,0.0,0.0
ORD_0006351,CUST_00691,2023-07-24 04:00:00,Footwear,Prepaid,Tier_2,512.65,2.44,0,0,Delivered,,0,1,0.0,1.0,0.0,1.0
ORD_0009392,CUST_05919,2023-07-24 04:00:00,Home,COD,Tier_3,3693.1,10.92,0,1,Returned,Not as Expected,1,2,0.0,0.0,0.0,0.0
ORD_0006601,CUST_04580,2023-07-24 05:00:00,Fashion,Prepaid,Tier_3,397.63,42.42,0,1,Returned,Changed Mind,1,1,0.0,0.0,0.0,0.0
ORD_0003837,CUST_03146,2023-07-24 05:00:00,Fashion,Prepaid,Tier_1,2682.78,40.04,0,0,Delivered,,0,1,1.0,0.0,1.0,0.0
ORD_0000219,CUST_05841,2023-07-24 09:00:00,Fashion,Prepaid,Tier_1,2951.93,27.05,0,0,Delivered,,0,1,0.0,1.0,0.0,1.0
ORD_0006798,CUST_02171,2023-07-24 10:00:00,Home,Prepaid,Tier_3,434.12,11.94,0,0,Delivered,,0,0,0.0,0.0,0.0,0.0
ORD_0008058,CUST_01327,2023-07-24 11:00:00,Fashion,Prepaid,Tier_2,1900.77,37.98,0,0,Delivered,,0,0,0.0,0.0,0.0,0.0
ORD_0006321,CUST_04268,2023-07-24 11:00:00,Home,COD,Tier_2,358.42,0.66,0,0,Delivered,,0,0,0.0,0.0,0.0,0.0
ORD_0009522,CUST_01506,2023-07-24 13:00:00,Fashion,Prepaid,Tier_3,1697.99,19.48,0,1,Returned,Changed Mind,1,0,0.0,0.0,0.0,0.0
ORD_0004011,CUST_02034,2023-07-24 13:00:00,Fashion,COD,Tier_1,357.85,23.9,0,0,Delivered,,0,2,0.0,1.0,0.0,0.5
ORD_0008055,CUST_05469,2023-07-24 15:00:00,Fashion,Prepaid,Tier_3,3573.78,20.48,1,0,RTO,,1,1,0.0,0.0,0.0,0.0
ORD_0009540,CUST_05319,2023-07-24 17:00:00,Footwear,COD,Tier_2,1127.98,33.04,0,0,Delivered,,0,0,0.0,0.0,0.0,0.0
ORD_0003682,CUST_05747,2023-07-24 18:00:00,Fashion,Prepaid,Tier_2,690.59,16.64,0,1,Returned,Changed Mind,1,2,0.0,0.0,0.0,0.0
ORD_0000814,CUST_05420,2023-07-24 19:00:00,Fashion,Prepaid,Tier_2,623.96,17.81,0,0,Delivered,,0,1,0.0,0.0,0.0,0.0
ORD_0009310,CUST_04424,2023-07-24 19:00:00,Fashion,COD,Tier_1,525.9,3.18,0,0,Delivered,,0,2,0.0,0.0,0.0,0.0
ORD_0009482,CUST_03220,2023-07-25 02:00:00,Fashion,COD,Tier_1,7529.76,12.75,1,0,RTO,,1,4,0.0,0.0,0.0,0.0
ORD_0003600,CUST_03405,2023-07-25 03:00:00,Home,Prepaid,Tier_1,1139.22,8.57,0,0,Delivered,,0,1,0.0,0.0,0.0,0.0
ORD_0008182,CUST_00304,2023-07-25 04:00:00,Beauty,Prepaid,Tier_2,537.27,37.93,0,0,Delivered,,0,2,0.0,1.0,0.0,0.5
ORD_0008319,CUST_05132,2023-07-25 04:00:00,Fashion,Prepaid,Tier_2,951.73,6.3,0,0,Delivered,,0,1,0.0,1.0,0.0,1.0
ORD_0003173,CUST_05758,2023-07-25 04:00:00,Electronics,COD,Tier_2,733.67,14.6,1,0,RTO,,1,2,0.0,1.0,0.0,0.5
ORD_0000536,CUST_05807,2023-07-25 05:00:00,Fashion,Prepaid,Tier_2,709.72,30.14,0,1,Returned,Wrong Size,1,1,0.0,0.0,0.0,0.0
ORD_0000567,CUST_03445,2023-07-25 06:00:00,Beauty,COD,Tier_2,2406.24,11.61,0,0,Delivered,,0,0,0.0,0.0,0.0,0.0
ORD_0008570,CUST_00538,2023-07-25 07:00:00,Beauty,Prepaid,Tier_3,8481.16,10.43,1,0,RTO,,1,0,0.0,0.0,0.0,0.0
ORD_0002883,CUST_04333,2023-07-25 07:00:00,Electronics,COD,Tier_1,412.99,32.77,0,0,Delivered,,0,1,0.0,0.0,0.0,0.0
ORD_0005923,CUST_00059,2023-07-25 11:00:00,Footwear,COD,Tier_2,2430.82,13.45,0,0,Delivered,,0,2,0.0,1.0,0.0,0.5
ORD_0007693,CUST_04884,2023-07-25 11:00:00,Electronics,Prepaid,Tier_1,938.35,49.22,0,0,Delivered,,0,2,0.0,1.0,0.0,0.5
ORD_0007093,CUST_03630,2023-07-25 12:00:00,Electronics,Prepaid,Tier_2,1144.22,17.49,0,0,Delivered,,0,3,1.0,1.0,0.3333333333333333,0.3333333333333333
ORD_0007278,CUST_04043,2023-07-25 15:00:00,Fashion,Prepaid,Tier_2,3067.94,23.55,0,1,Returned,Wrong Size,1,1,0.0,0.0,0.0,0.0
ORD_0000393,CUST_00564,2023-07-25 15:00:00,Footwear,COD,Tier_2,990.74,33.49,0,0,Delivered,,0,0,0.0,0.0,0.0,0.0
ORD_0008269,CUST_03990,2023-07-25 15:00:00,Footwear,COD,Tier_1,1793.35,29.84,0,0,Delivered,,0,0,0.0,0.0,0.0,0.0
ORD_0001476,CUST_00175,2023-07-25 16:00:00,Fashion,COD,Tier_3,1325.66,26.85,1,0,RTO,,1,1,0.0,0.0,0.0,0.0
ORD_0001389,CUST_00740,2023-07-25 17:00:00,Footwear,COD,Tier_2,359.97,4.93,0,0,Delivered,,0,4,0.0,2.0,0.0,0.5
ORD_0001957,CUST_03586,2023-07-25 17:00:00,Home,COD,Tier_2,1784.72,31.2,0,0,Delivered,,0,0,0.0,0.0,0.0,0.0
ORD_0003819,CUST_01345,2023-07-25 18:00:00,Home,Prepaid,Tier_3,1163.9,24.13,0,0,Delivered,,0,2,1.0,0.0,0.5,0.0
ORD_0006941,CUST_00912,2023-07-25 19:00:00,Beauty,COD,Tier_1,1158.64,0.8,1,0,RTO,,1,0,0.0,0.0,0.0,0.0
ORD_0002424,CUST_02034,2023-07-25 21:00:00,Fashion,COD,Tier_2,4532.96,36.86,0,0,Delivered,,0,3,0.0,1.0,0.0,0.3333333333333333
ORD_0000855,CUST_00236,2023-07-26 00:00:00,Home,COD,Tier_3,1445.21,39.7,0,0,Delivered,,0,2,0.0,0.0,0.0,0.0
ORD_0007877,CUST_02370,2023-07-26 01:00:00,Fashion,Prepaid,Tier_1,2293.15,26.48,0,1,Returned,Changed Mind,1,0,0.0,0.0,0.0,0.0
ORD_0008738,CUST_02604,2023-07-26 01:00:00,Beauty,Prepaid,Tier_2,303.18,23.33,0,0,Delivered,,0,2,0.0,0.0,0.0,0.0
ORD_0007171,CUST_00348,2023-07-26 02:00:00,Electronics,Prepaid,Tier_2,2357.09,9.28,0,0,Delivered,,0,0,0.0,0.0,0.0,0.0
ORD_0009341,CUST_04279,2023-07-26 03:00:00,Electronics,COD,Tier_2,371.91,19.38,1,0,RTO,,1,0,0.0,0.0,0.0,0.0
ORD_0007927,CUST_02809,2023-07-26 03:00:00,Footwear,Prepaid,Tier_1,1423.32,6.81,0,0,Delivered,,0,2,0.0,0.0,0.0,0.0
ORD_0001969,CUST_04375,2023-07-26 03:00:00,Fashion,Prepaid,Tier_3,655.89,35.68,0,0,Delivered,,0,2,0.0,0.0,0.0,0.0
ORD_0009072,CUST_04282,2023-07-26 05:00:00,Fashion,COD,Tier_1,1457.55,37.42,0,1,Returned,Changed Mind,1,0,0.0,0.0,0.0,0.0
ORD_0001289,CUST_01903,2023-07-26 07:00:00,Fashion,Prepaid,Tier_2,1096.43,17.94,0,0,Delivered,,0,1,0.0,0.0,0.0,0.0
ORD_0008357,CUST_03644,2023-07-26 10:00:00,Home,COD,Tier_3,3415.96,30.67,0,0,Delivered,,0,0,0.0,0.0,0.0,0.0
ORD_0003021,CUST_01557,2023-07-26 12:00:00,Footwear,COD,Tier_2,3213.28,32.62,0,1,Returned,Wrong Size,1,1,0.0,0.0,0.0,0.0
ORD_0001563,CUST_04142,2023-07-26 14:00:00,Electronics,COD,Tier_2,3247.0,13.61,1,0,RTO,,1,0,0.0,0.0,0.0,0.0
ORD_0006679,CUST_02097,2023-07-26 16:00:00,Footwear,COD,Tier_2,1365.89,31.99,0,0,Delivered,,0,1,0.0,0.0,0.0,0.0
ORD_0005033,CUST_02164,2023-07-26 16:00:00,Footwear,Prepaid,Tier_1,1460.31,32.37,0,0,Delivered,,0,0,0.0,0.0,0.0,0.0
ORD_0007127,CUST_04026,2023-07-26 17:00:00,Beauty,Prepaid,Tier_1,821.74,36.74,0,0,Delivered,,0,1,0.0,1.0,0.0,1.0
ORD_0006776,CUST_01107,2023-07-26 17:00:00,Electronics,COD,Tier_2,2022.14,48.09,0,0,Delivered,,0,1,0.0,0.0,0.0,0.0
ORD_0009727,CUST_02921,2023-07-26 19:00:00,Home,Prepaid,Tier_2,568.1,11.61,0,0,Delivered,,0,0,0.0,0.0,0.0,0.0
ORD_0006628,CUST_05227,2023-07-26 19:00:00,Fashion,COD,Tier_3,1051.27,37.78,0,1,Returned,Wrong Size,1,1,0.0,0.0,0.0,0.0
ORD_0008607,CUST_04257,2023-07-26 20:00:00,Fashion,COD,Tier_2,1220.91,27.31,0,0,Delivered,,0,0,0.0,0.0,0.0,0.0
ORD_0001872,CUST_03055,2023-07-26 20:00:00,Footwear,COD,Tier_3,4595.53,45.76,0,0,Delivered,,0,2,0.0,0.0,0.0,0.0
ORD_0002494,CUST_04936,2023-07-26 20:00:00,Home,Prepaid,Tier_3,1099.95,27.24,0,1,Returned,Wrong Size,1,1,0.0,0.0,0.0,0.0
ORD_0004077,CUST_00763,2023-07-26 20:00:00,Electronics,COD,Tier_2,2883.66,27.08,0,0,Delivered,,0,4,1.0,1.0,0.25,0.25
ORD_0007971,CUST_02587,2023-07-26 21:00:00,Electronics,COD,Tier_2,2278.4,13.62,0,0,Delivered,,0,1,0.0,0.0,0.0,0.0
ORD_0004639,CUST_00732,2023-07-26 22:00:00,Fashion,COD,Tier_1,1612.06,2.01,0,0,Delivered,,0,3,1.0,0.0,0.3333333333333333,0.0
ORD_0001779,CUST_00935,2023-07-26 22:00:00,Fashion,COD,Tier_2,1522.82,19.43,1,0,RTO,,1,1,0.0,0.0,0.0,0.0
ORD_0001029,CUST_00941,2023-07-26 23:00:00,Footwear,Prepaid,Tier_1,734.16,6.07,0,0,Delivered,,0,0,0.0,0.0,0.0,0.0
ORD_0001348,CUST_01121,2023-07-26 23:00:00,Electronics,Prepaid,Tier_1,1330.9,22.91,1,0,RTO,,1,0,0.0,0.0,0.0,0.0
ORD_0001230,CUST_02774,2023-07-26 23:00:00,Footwear,COD,Tier_2,1959.79,38.86,0,0,Delivered,,0,1,0.0,0.0,0.0,0.0
ORD_0002538,CUST_05155,2023-07-27 00:00:00,Home,Prepaid,Tier_1,2960.78,12.66,0,0,Delivered,,0,1,0.0,0.0,0.0,0.0
ORD_0006182,CUST_03769,2023-07-27 00:00:00,Electronics,Prepaid,Tier_2,783.11,12.36,0,1,Returned,Changed Mind,1,0,0.0,0.0,0.0,0.0
ORD_0001347,CUST_05578,2023-07-27 03:00:00,Footwear,COD,Tier_3,1898.86,9.26,0,1,Returned,Changed Mind,1,1,0.0,0.0,0.0,0.0
ORD_0000304,CUST_01937,2023-07-27 03:00:00,Beauty,COD,Tier_2,755.53,30.39,0,0,Delivered,,0,1,0.0,0.0,0.0,0.0
ORD_0009514,CUST_04487,2023-07-27 04:00:00,Beauty,Prepaid,Tier_2,599.27,16.9,0,0,Delivered,,0,2,1.0,0.0,0.5,0.0
ORD_0004828,CUST_03800,2023-07-27 05:00:00,Fashion,Prepaid,Tier_2,1921.31,5.58,0,0,Delivered,,0,1,0.0,1.0,0.0,1.0
ORD_0008503,CUST_05018,2023-07-27 05:00:00,Fashion,COD,Tier_1,2955.88,5.4,0,0,Delivered,,0,2,1.0,0.0,0.5,0.0
ORD_0004043,CUST_01988,2023-07-27 07:00:00,Footwear,COD,Tier_3,542.17,22.59,0,0,Delivered,,0,2,0.0,1.0,0.0,0.5
ORD_0004524,CUST_04281,2023-07-27 09:00:00,Footwear,Prepaid,Tier_3,502.94,44.74,0,0,Delivered,,0,3,0.0,0.0,0.0,0.0
ORD_0006943,CUST_03687,2023-07-27 10:00:00,Fashion,COD,Tier_2,1583.4,29.81,0,0,Delivered,,0,1,0.0,0.0,0.0,0.0
ORD_0004009,CUST_01840,2023-07-27 10:00:00,Footwear,Prepaid,Tier_1,1598.75,13.09,0,0,Delivered,,0,0,0.0,0.0,0.0,0.0
ORD_0007842,CUST_05982,2023-07-27 10:00:00,Footwear,COD,Tier_2,2156.15,18.31,0,0,Delivered,,0,2,0.0,0.0,0.0,0.0
ORD_0008725,CUST_02277,2023-07-27 11:00:00,Footwear,COD,Tier_2,2473.51,15.42,0,1,Returned,Wrong Size,1,1,0.0,1.0,0.0,1.0
ORD_0005615,CUST_02054,2023-07-27 12:00:00,Home,COD,Tier_2,5248.41,39.0,0,0,Delivered,,0,4,2.0,0.0,0.5,0.0
ORD_0009187,CUST_04688,2023-07-27 12:00:00,Beauty,Prepaid,Tier_3,2428.46,8.99,0,0,Delivered,,0,0,0.0,0.0,0.0,0.0
ORD_0003834,CUST_01009,2023-07-27 13:00:00,Fashion,Prepaid,Tier_1,1029.39,2.52,0,1,Returned,Not as Expected,1,1,0.0,0.0,0.0,0.0
ORD_0005947,CUST_05013,2023-07-27 14:00:00,Home,COD,Tier_3,795.46,32.75,0,1,Returned,Wrong Size,1,1,0.0,0.0,0.0,0.0
ORD_0003615,CUST_01378,2023-07-27 14:00:00,Beauty,COD,Tier_3,2280.65,41.61,1,0,RTO,,1,1,0.0,0.0,0.0,0.0
ORD_0000347,CUST_04875,2023-07-27 15:00:00,Electronics,COD,Tier_3,2214.57,45.2,0,0,Delivered,,0,2,1.0,1.0,0.5,0.5
ORD_0009837,CUST_02200,2023-07-27 16:00:00,Footwear,COD,Tier_3,3105.95,3.57,1,0,RTO,,1,1,0.0,0.0,0.0,0.0
ORD_0005324,CUST_00105,2023-07-27 16:00:00,Electronics,COD,Tier_1,334.56,37.06,0,0,Delivered,,0,1,1.0,0.0,1.0,0.0
ORD_0007445,CUST_03789,2023-07-27 17:00:00,Fashion,COD,Tier_2,1050.19,22.17,0,0,Delivered,,0,2,0.0,0.0,0.0,0.0
ORD_0001690,CUST_03979,2023-07-27 18:00:00,Electronics,COD,Tier_1,1807.93,4.29,0,0,Delivered,,0,2,1.0,0.0,0.5,0.0
ORD_0006771,CUST_00284,2023-07-27 20:00:00,Footwear,COD,Tier_1,382.27,32.67,0,0,Delivered,,0,1,0.0,0.0,0.0,0.0
ORD_0003093,CUST_00482,2023-07-27 20:00:00,Footwear,Prepaid,Tier_2,1840.67,8.13,0,0,Delivered,,0,0,0.0,0.0,0.0,0.0
ORD_0007407,CUST_00093,2023-07-27 20:00:00,Fashion,COD,Tier_2,1091.53,35.19,1,0,RTO,,1,1,0.0,0.0,0.0,0.0
ORD_0008472,CUST_05481,2023-07-27 21:00:00,Electronics,COD,Tier_2,614.37,10.54,0,0,Delivered,,0,0,0.0,0.0,0.0,0.0
ORD_0005038,CUST_00324,2023-07-27 22:00:00,Footwear,COD,Tier_2,667.06,38.65,0,0,Delivered,,0,1,1.0,0.0,1.0,0.0
ORD_0001151,CUST_04083,2023-07-27 23:00:00,Home,Prepaid,Tier_2,1004.67,37.84,0,0,Delivered,,0,0,0.0,0.0,0.0,0.0
ORD_0000764,CUST_00255,2023-07-27 23:00:00,Fashion,COD,Tier_3,305.68,48.84,0,0,Delivered,,0,0,0.0,0.0,0.0,0.0
ORD_0000584,CUST_05364,2023-07-28 01:00:00,Home,COD,Tier_3,2063.95,33.31,0,0,Delivered,,0,3,0.0,0.0,0.0,0.0
ORD_0008889,CUST_00786,2023-07-28 01:00:00,Home,COD,Tier_3,3249.96,7.08,1,0,RTO,,1,1,1.0,0.0,1.0,0.0
ORD_0001542,CUST_05836,2023-07-28 01:00:00,Fashion,COD,Tier_1,791.62,34.3,0,0,Delivered,,0,0,0.0,0.0,0.0,0.0
ORD_0009786,CUST_05376,2023-07-28 02:00:00,Fashion,Prepaid,Tier_2,2516.14,22.0,0,0,Delivered,,0,1,1.0,0.0,1.0,0.0
ORD_0009593,CUST_03717,2023-07-28 02:00:00,Fashion,COD,Tier_1,1048.63,37.72,0,0,Delivered,,0,2,0.0,1.0,0.0,0.5
ORD_0001254,CUST_03556,2023-07-28 02:00:00,Beauty,COD,Tier_1,473.6,12.83,0,0,Delivered,,0,0,0.0,0.0,0.0,0.0
ORD_0008682,CUST_02624,2023-07-28 03:00:00,Electronics,COD,Tier_2,1084.96,0.13,1,0,RTO,,1,1,0.0,0.0,0.0,0.0
ORD_0004687,CUST_04517,2023-07-28 04:00:00,Footwear,Prepaid,Tier_3,572.39,5.01,0,0,Delivered,,0,2,0.0,1.0,0.0,0.5
ORD_0009987,CUST_05756,2023-07-28 08:00:00,Beauty,COD,Tier_2,1124.23,28.21,0,0,Delivered,,0,0,0.0,0.0,0.0,0.0
ORD_0001976,CUST_04673,2023-07-28 09:00:00,Fashion,Prepaid,Tier_3,1121.26,28.02,0,0,Delivered,,0,1,0.0,0.0,0.0,0.0
ORD_0003748,CUST_00006,2023-07-28 09:00:00,Home,COD,Tier_2,834.86,43.04,1,0,RTO,,1,2,0.0,1.0,0.0,0.5
ORD_0006648,CUST_01263,2023-07-28 09:00:00,Home,COD,Tier_3,2760.28,23.46,1,0,RTO,,1,2,0.0,1.0,0.0,0.5
ORD_0002569,CUST_01241,2023-07-28 09:00:00,Home,COD,Tier_1,1728.7,33.97,1,0,RTO,,1,1,0.0,1.0,0.0,1.0
ORD_0006389,CUST_04373,2023-07-28 10:00:00,Beauty,COD,Tier_3,612.22,15.01,0,0,Delivered,,0,0,0.0,0.0,0.0,0.0
ORD_0000148,CUST_04882,2023-07-28 10:00:00,Fashion,Prepaid,Tier_2,1454.74,41.64,0,0,Delivered,,0,0,0.0,0.0,0.0,0.0
ORD_0000187,CUST_04907,2023-07-28 11:00:00,Fashion,Prepaid,Tier_1,303.01,43.62,0,0,Delivered,,0,1,0.0,0.0,0.0,0.0
ORD_0008081,CUST_03533,2023-07-28 12:00:00,Fashion,Prepaid,Tier_2,851.72,11.67,0,0,Delivered,,0,1,0.0,0.0,0.0,0.0
ORD_0004622,CUST_02483,2023-07-28 12:00:00,Electronics,Prepaid,Tier_3,2438.73,17.44,0,0,Delivered,,0,1,0.0,1.0,0.0,1.0
ORD_0003148,CUST_02190,2023-07-28 12:00:00,Fashion,Prepaid,Tier_2,8450.73,45.81,0,0,Delivered,,0,0,0.0,0.0,0.0,0.0
ORD_0000649,CUST_03626,2023-07-28 14:00:00,Fashion,COD,Tier_1,3010.4,32.89,0,0,Delivered,,0,0,0.0,0.0,0.0,0.0
ORD_0004824,CUST_03045,2023-07-28 15:00:00,Footwear,COD,Tier_2,1604.01,33.04,0,0,Delivered,,0,0,0.0,0.0,0.0,0.0
ORD_0007797,CUST_00694,2023-07-28 18:00:00,Footwear,Prepaid,Tier_2,2431.6,48.1,0,0,Delivered,,0,1,0.0,1.0,0.0,1.0
ORD_0001113,CUST_03785,2023-07-28 19:00:00,Beauty,COD,Tier_1,2249.13,38.89,0,0,Delivered,,0,0,0.0,0.0,0.0,0.0
ORD_0004997,CUST_02155,2023-07-28 19:00:00,Footwear,COD,Tier_1,3006.27,11.53,0,0,Delivered,,0,1,0.0,0.0,0.0,0.0
ORD_0005091,CUST_05608,2023-07-28 20:00:00,Fashion,Prepaid,Tier_1,4444.4,16.63,0,0,Delivered,,0,1,0.0,1.0,0.0,1.0
ORD_0005707,CUST_00742,2023-07-28 20:00:00,Fashion,Prepaid,Tier_2,347.61,13.53,0,0,Delivered,,0,1,0.0,0.0,0.0,0.0
ORD_0002830,CUST_03715,2023-07-28 20:00:00,Fashion,COD,Tier_1,517.96,25.53,0,0,Delivered,,0,1,0.0,0.0,0.0,0.0
ORD_0005659,CUST_02717,2023-07-28 20:00:00,Fashion,COD,Tier_2,3258.45,11.88,0,0,Delivered,,0,2,0.0,1.0,0.0,0.5
ORD_0007189,CUST_01364,2023-07-28 21:00:00,Electronics,COD,Tier_2,1639.12,36.86,0,1,Returned,Not as Expected,1,0,0.0,0.0,0.0,0.0
ORD_0001013,CUST_00268,2023-07-28 22:00:00,Fashion,COD,Tier_3,922.68,19.36,0,0,Delivered,,0,1,0.0,1.0,0.0,1.0
ORD_0009128,CUST_01468,2023-07-28 23:00:00,Home,COD,Tier_3,408.28,17.44,1,0,RTO,,1,0,0.0,0.0,0.0,0.0
ORD_0009969,CUST_05314,2023-07-29 00:00:00,Fashion,Prepaid,Tier_2,1280.96,42.86,0,1,Returned,Changed Mind,1,0,0.0,0.0,0.0,0.0
ORD_0001668,CUST_03440,2023-07-29 03:00:00,Fashion,Prepaid,Tier_1,1803.97,3.48,1,0,RTO,,1,1,0.0,0.0,0.0,0.0
ORD_0001475,CUST_04892,2023-07-29 03:00:00,Footwear,Prepaid,Tier_1,3104.12,1.19,0,1,Returned,Not as Expected,1,1,0.0,1.0,0.0,1.0
ORD_0008620,CUST_04344,2023-07-29 04:00:00,Footwear,Prepaid,Tier_3,2072.34,17.31,0,0,Delivered,,0,2,1.0,0.0,0.5,0.0
ORD_0005935,CUST_02968,2023-07-29 06:00:00,Electronics,Prepaid,Tier_3,2581.67,10.52,0,1,Returned,Wrong Size,1,1,1.0,0.0,1.0,0.0
ORD_0003833,CUST_01147,2023-07-29 06:00:00,Fashion,COD,Tier_3,601.89,14.31,0,0,Delivered,,0,3,0.0,2.0,0.0,0.6666666666666666
ORD_0003177,CUST_03555,2023-07-29 10:00:00,Fashion,Prepaid,Tier_1,1455.44,34.87,0,0,Delivered,,0,0,0.0,0.0,0.0,0.0
ORD_0000178,CUST_04159,2023-07-29 10:00:00,Electronics,COD,Tier_1,815.23,27.19,0,0,Delivered,,0,2,0.0,1.0,0.0,0.5
ORD_0009037,CUST_02960,2023-07-29 12:00:00,Home,COD,Tier_2,951.92,49.59,0,0,Delivered,,0,1,0.0,0.0,0.0,0.0
ORD_0000864,CUST_02291,2023-07-29 12:00:00,Home,Prepaid,Tier_2,983.56,32.63,0,0,Delivered,,0,0,0.0,0.0,0.0,0.0
ORD_0000561,CUST_03297,2023-07-29 16:00:00,Fashion,COD,Tier_3,309.06,6.36,0,0,Delivered,,0,1,0.0,0.0,0.0,0.0
ORD_0009979,CUST_03797,2023-07-29 16:00:00,Footwear,Prepaid,Tier_2,821.46,49.72,0,1,Returned,Wrong Size,1,0,0.0,0.0,0.0,0.0
ORD_0001269,CUST_03071,2023-07-29 16:00:00,Fashion,COD,Tier_3,501.48,35.25,0,1,Returned,Changed Mind,1,0,0.0,0.0,0.0,0.0
ORD_0000701,CUST_03117,2023-07-29 16:00:00,Home,Prepaid,Tier_2,310.42,0.55,0,0,Delivered,,0,1,0.0,0.0,0.0,0.0
ORD_0002069,CUST_01982,2023-07-29 17:00:00,Fashion,COD,Tier_1,1154.44,4.02,0,0,Delivered,,0,0,0.0,0.0,0.0,0.0
ORD_0001428,CUST_00952,2023-07-29 17:00:00,Beauty,Prepaid,Tier_3,1634.08,48.47,1,0,RTO,,1,0,0.0,0.0,0.0,0.0
ORD_0005894,CUST_04277,2023-07-29 20:00:00,Beauty,COD,Tier_2,444.29,34.05,0,0,Delivered,,0,1,0.0,0.0,0.0,0.0
ORD_0004193,CUST_03549,2023-07-29 20:00:00,Footwear,COD,Tier_1,581.75,31.63,1,0,RTO,,1,0,0.0,0.0,0.0,0.0
ORD_0002159,CUST_04076,2023-07-29 21:00:00,Footwear,COD,Tier_2,759.16,1.52,0,0,Delivered,,0,1,0.0,0.0,0.0,0.0
ORD_0009312,CUST_01640,2023-07-29 21:00:00,Fashion,COD,Tier_2,2286.57,20.77,1,0,RTO,,1,1,0.0,1.0,0.0,1.0
ORD_0005886,CUST_05402,2023-07-30 00:00:00,Footwear,COD,Tier_3,842.66,17.05,0,0,Delivered,,0,1,0.0,0.0,0.0,0.0
ORD_0002455,CUST_02341,2023-07-30 00:00:00,Fashion,Prepaid,Tier_1,2871.48,18.52,0,1,Returned,Changed Mind,1,0,0.0,0.0,0.0,0.0
ORD_0005071,CUST_01367,2023-07-30 01:00:00,Fashion,Prepaid,Tier_1,1887.62,15.0,0,0,Delivered,,0,0,0.0,0.0,0.0,0.0
ORD_0000058,CUST_05150,2023-07-30 04:00:00,Fashion,Prepaid,Tier_2,4434.04,19.61,1,0,RTO,,1,0,0.0,0.0,0.0,0.0
ORD_0009724,CUST_04055,2023-07-30 04:00:00,Home,Prepaid,Tier_1,602.77,17.63,0,0,Delivered,,0,1,0.0,1.0,0.0,1.0
ORD_0006572,CUST_05122,2023-07-30 04:00:00,Fashion,COD,Tier_2,374.74,48.35,0,0,Delivered,,0,3,0.0,0.0,0.0,0.0
ORD_0002724,CUST_05887,2023-07-30 05:00:00,Fashion,Prepaid,Tier_2,1609.16,18.93,0,0,Delivered,,0,2,0.0,0.0,0.0,0.0
ORD_0006710,CUST_00830,2023-07-30 05:00:00,Beauty,COD,Tier_3,500.67,49.39,0,0,Delivered,,0,1,0.0,0.0,0.0,0.0
ORD_0007380,CUST_04258,2023-07-30 07:00:00,Home,COD,Tier_2,2498.57,40.16,1,0,RTO,,1,1,0.0,0.0,0.0,0.0
ORD_0004566,CUST_04558,2023-07-30 07:00:00,Electronics,Prepaid,Tier_3,442.64,8.55,0,0,Delivered,,0,2,1.0,0.0,0.5,0.0
ORD_0005289,CUST_05832,2023-07-30 08:00:00,Footwear,COD,Tier_3,1367.93,38.87,1,0,RTO,,1,1,1.0,0.0,1.0,0.0
ORD_0008909,CUST_04577,2023-07-30 08:00:00,Fashion,COD,Tier_3,1336.25,28.86,1,0,RTO,,1,0,0.0,0.0,0.0,0.0
ORD_0004036,CUST_00066,2023-07-30 10:00:00,Electronics,Prepaid,Tier_3,3529.25,8.42,0,0,Delivered,,0,0,0.0,0.0,0.0,0.0
ORD_0001513,CUST_03449,2023-07-30 10:00:00,Beauty,Prepaid,Tier_2,667.97,15.59,0,0,Delivered,,0,1,0.0,0.0,0.0,0.0
ORD_0003414,CUST_00896,2023-07-30 11:00:00,Electronics,Prepaid,Tier_1,1518.76,36.62,0,0,Delivered,,0,2,0.0,1.0,0.0,0.5
ORD_0005700,CUST_01830,2023-07-30 12:00:00,Fashion,COD,Tier_3,746.66,32.35,1,0,RTO,,1,1,1.0,0.0,1.0,0.0
ORD_0007651,CUST_00844,2023-07-30 15:00:00,Fashion,COD,Tier_2,1227.8,29.4,0,0,Delivered,,0,1,1.0,0.0,1.0,0.0
ORD_0008880,CUST_02643,2023-07-30 15:00:00,Fashion,Prepaid,Tier_2,2174.48,6.4,0,1,Returned,Changed Mind,1,1,0.0,1.0,0.0,1.0
ORD_0001294,CUST_02092,2023-07-30 16:00:00,Fashion,Prepaid,Tier_1,908.11,26.46,0,0,Delivered,,0,0,0.0,0.0,0.0,0.0
ORD_0003171,CUST_05217,2023-07-30 17:00:00,Footwear,COD,Tier_2,1230.46,43.48,0,1,Returned,Changed Mind,1,0,0.0,0.0,0.0,0.0
ORD_0008438,CUST_04848,2023-07-30 19:00:00,Fashion,Prepaid,Tier_2,577.51,26.36,0,0,Delivered,,0,1,0.0,0.0,0.0,0.0
ORD_0008720,CUST_05254,2023-07-30 19:00:00,Fashion,Prepaid,Tier_3,1119.53,18.24,0,0,Delivered,,0,0,0.0,0.0,0.0,0.0
ORD_0001093,CUST_02702,2023-07-30 20:00:00,Home,COD,Tier_1,3299.69,1.31,0,0,Delivered,,0,0,0.0,0.0,0.0,0.0
ORD_0007475,CUST_04876,2023-07-30 20:00:00,Fashion,COD,Tier_1,4209.87,23.21,1,0,RTO,,1,1,1.0,0.0,1.0,0.0
ORD_0009762,CUST_02329,2023-07-30 21:00:00,Electronics,Prepaid,Tier_2,1658.99,23.39,0,0,Delivered,,0,0,0.0,0.0,0.0,0.0
ORD_0001473,CUST_05257,2023-07-30 23:00:00,Electronics,Prepaid,Tier_2,3002.75,24.68,1,0,RTO,,1,1,1.0,0.0,1.0,0.0
ORD_0005641,CUST_01249,2023-07-30 23:00:00,Home,COD,Tier_1,3662.45,19.14,1,0,RTO,,1,2,0.0,0.0,0.0,0.0
ORD_0008413,CUST_01285,2023-07-31 00:00:00,Fashion,Prepaid,Tier_3,379.9,4.35,0,1,Returned,Not as Expected,1,0,0.0,0.0,0.0,0.0
ORD_0006548,CUST_00124,2023-07-31 01:00:00,Footwear,COD,Tier_2,1044.24,32.39,0,0,Delivered,,0,0,0.0,0.0,0.0,0.0
ORD_0006420,CUST_01895,2023-07-31 02:00:00,Fashion,COD,Tier_3,2423.2,31.33,0,0,Delivered,,0,0,0.0,0.0,0.0,0.0
ORD_0004340,CUST_05682,2023-07-31 02:00:00,Home,COD,Tier_3,321.33,43.11,1,0,RTO,,1,1,0.0,0.0,0.0,0.0
ORD_0006298,CUST_03456,2023-07-31 02:00:00,Fashion,COD,Tier_3,945.73,5.78,0,1,Returned,Changed Mind,1,0,0.0,0.0,0.0,0.0
ORD_0000324,CUST_05886,2023-07-31 03:00:00,Fashion,COD,Tier_2,1499.44,35.32,0,1,Returned,Not as Expected,1,0,0.0,0.0,0.0,0.0
ORD_0008685,CUST_04475,2023-07-31 03:00:00,Fashion,COD,Tier_2,833.93,11.71,0,1,Returned,Wrong Size,1,1,1.0,0.0,1.0,0.0
ORD_0006580,CUST_00880,2023-07-31 03:00:00,Home,COD,Tier_3,756.34,16.58,1,0,RTO,,1,0,0.0,0.0,0.0,0.0
ORD_0006740,CUST_04135,2023-07-31 04:00:00,Electronics,COD,Tier_3,747.51,20.46,0,0,Delivered,,0,1,0.0,1.0,0.0,1.0
ORD_0002757,CUST_05922,2023-07-31 05:00:00,Footwear,COD,Tier_3,548.22,32.84,0,0,Delivered,,0,1,0.0,0.0,0.0,0.0
ORD_0007102,CUST_05014,2023-07-31 05:00:00,Fashion,COD,Tier_3,5308.79,24.88,0,0,Delivered,,0,4,1.0,0.0,0.25,0.0
ORD_0007205,CUST_04796,2023-07-31 06:00:00,Electronics,COD,Tier_2,1707.14,44.0,0,0,Delivered,,0,2,1.0,0.0,0.5,0.0
ORD_0001026,CUST_05417,2023-07-31 06:00:00,Electronics,Prepaid,Tier_2,1283.04,3.12,0,0,Delivered,,0,1,0.0,0.0,0.0,0.0
ORD_0009918,CUST_03686,2023-07-31 07:00:00,Footwear,COD,Tier_3,3204.7,2.16,0,0,Delivered,,0,2,1.0,1.0,0.5,0.5
ORD_0000936,CUST_04376,2023-07-31 09:00:00,Fashion,Prepaid,Tier_2,1226.7,44.99,0,0,Delivered,,0,0,0.0,0.0,0.0,0.0
ORD_0007465,CUST_00256,2023-07-31 09:00:00,Electronics,Prepaid,Tier_3,1947.19,25.16,0,0,Delivered,,0,2,0.0,1.0,0.0,0.5
ORD_0003570,CUST_01522,2023-07-31 09:00:00,Fashion,COD,Tier_2,455.93,47.32,0,1,Returned,Wrong Size,1,1,0.0,0.0,0.0,0.0
ORD_0000736,CUST_05266,2023-07-31 10:00:00,Fashion,Prepaid,Tier_1,1281.95,5.97,0,0,Delivered,,0,1,0.0,0.0,0.0,0.0
ORD_0000679,CUST_01236,2023-07-31 13:00:00,Home,COD,Tier_2,7417.35,26.59,0,1,Returned,Defective,1,2,0.0,2.0,0.0,1.0
ORD_0007855,CUST_05438,2023-07-31 13:00:00,Footwear,COD,Tier_2,2101.44,17.3,0,0,Delivered,,0,1,0.0,0.0,0.0,0.0
ORD_0007553,CUST_01224,2023-07-31 13:00:00,Electronics,COD,Tier_1,337.01,37.22,0,0,Delivered,,0,1,0.0,0.0,0.0,0.0
ORD_0001592,CUST_03886,2023-07-31 14:00:00,Fashion,Prepaid,Tier_2,2051.98,23.85,0,0,Delivered,,0,0,0.0,0.0,0.0,0.0
ORD_0008466,CUST_02424,2023-07-31 15:00:00,Fashion,Prepaid,Tier_2,2096.91,9.44,0,0,Delivered,,0,0,0.0,0.0,0.0,0.0
ORD_0008475,CUST_05762,2023-07-31 17:00:00,Electronics,Prepaid,Tier_1,421.72,15.35,0,0,Delivered,,0,2,0.0,1.0,0.0,0.5
ORD_0002892,CUST_05891,2023-07-31 17:00:00,Footwear,Prepaid,Tier_1,1231.98,6.04,0,0,Delivered,,0,0,0.0,0.0,0.0,0.0
ORD_0009122,CUST_00816,2023-07-31 18:00:00,Electronics,COD,Tier_1,2399.86,15.14,0,0,Delivered,,0,1,0.0,0.0,0.0,0.0
ORD_0001526,CUST_05039,2023-07-31 18:00:00,Fashion,COD,Tier_1,1001.51,20.27,0,0,Delivered,,0,0,0.0,0.0,0.0,0.0
ORD_0000236,CUST_01886,2023-07-31 19:00:00,Footwear,COD,Tier_2,3097.52,17.73,0,0,Delivered,,0,1,0.0,0.0,0.0,0.0
ORD_0000771,CUST_01035,2023-07-31 21:00:00,Fashion,COD,Tier_1,5466.47,11.6,0,0,Delivered,,0,2,0.0,0.0,0.0,0.0
ORD_0002009,CUST_02864,2023-07-31 21:00:00,Fashion,COD,Tier_2,366.76,49.02,0,0,Delivered,,0,0,0.0,0.0,0.0,0.0
ORD_0007955,CUST_04363,2023-07-31 22:00:00,Footwear,Prepaid,Tier_2,487.95,41.91,0,0,Delivered,,0,0,0.0,0.0,0.0,0.0
ORD_0003396,CUST_00606,2023-08-01 00:00:00,Beauty,COD,Tier_2,1408.73,47.82,0,0,Delivered,,0,1,1.0,0.0,1.0,0.0
ORD_0003079,CUST_05928,2023-08-01 01:00:00,Electronics,Prepaid,Tier_3,2943.37,38.67,0,0,Delivered,,0,2,1.0,1.0,0.5,0.5
ORD_0003524,CUST_02671,2023-08-01 02:00:00,Fashion,Prepaid,Tier_3,641.09,43.46,0,0,Delivered,,0,1,0.0,0.0,0.0,0.0
ORD_0006996,CUST_00816,2023-08-01 04:00:00,Beauty,COD,Tier_2,353.29,43.75,0,0,Delivered,,0,2,0.0,0.0,0.0,0.0
ORD_0001888,CUST_03167,2023-08-01 06:00:00,Fashion,COD,Tier_2,2990.26,12.58,0,0,Delivered,,0,1,0.0,0.0,0.0,0.0
ORD_0008246,CUST_01421,2023-08-01 06:00:00,Beauty,COD,Tier_3,3013.15,26.95,0,0,Delivered,,0,1,0.0,0.0,0.0,0.0
ORD_0009807,CUST_01967,2023-08-01 06:00:00,Fashion,Prepaid,Tier_2,1767.7,28.17,0,0,Delivered,,0,0,0.0,0.0,0.0,0.0
ORD_0004443,CUST_00830,2023-08-01 07:00:00,Fashion,COD,Tier_1,1524.33,30.37,0,0,Delivered,,0,2,0.0,0.0,0.0,0.0
ORD_0008418,CUST_04529,2023-08-01 11:00:00,Home,COD,Tier_2,1188.21,32.63,0,0,Delivered,,0,0,0.0,0.0,0.0,0.0
ORD_0009640,CUST_03142,2023-08-01 13:00:00,Fashion,COD,Tier_2,560.7,13.65,0,0,Delivered,,0,0,0.0,0.0,0.0,0.0
ORD_0009935,CUST_00956,2023-08-01 14:00:00,Fashion,COD,Tier_1,3106.96,13.97,0,0,Delivered,,0,0,0.0,0.0,0.0,0.0
ORD_0003980,CUST_00455,2023-08-01 14:00:00,Footwear,COD,Tier_3,787.76,24.59,0,1,Returned,Not as Expected,1,1,0.0,1.0,0.0,1.0
ORD_0004505,CUST_02158,2023-08-01 15:00:00,Electronics,COD,Tier_2,1177.01,25.43,0,1,Returned,Changed Mind,1,4,0.0,2.0,0.0,0.5
ORD_0001285,CUST_01973,2023-08-01 15:00:00,Footwear,Prepaid,Tier_2,1701.15,37.94,0,0,Delivered,,0,1,0.0,0.0,0.0,0.0
ORD_0002837,CUST_04578,2023-08-01 16:00:00,Electronics,Prepaid,Tier_3,1574.1,32.08,0,0,Delivered,,0,2,0.0,1.0,0.0,0.5
ORD_0009957,CUST_00718,2023-08-01 16:00:00,Footwear,Prepaid,Tier_2,754.52,37.48,0,1,Returned,Wrong Size,1,2,1.0,0.0,0.5,0.0
ORD_0005345,CUST_00265,2023-08-01 17:00:00,Electronics,COD,Tier_2,3303.41,12.01,0,0,Delivered,,0,1,1.0,0.0,1.0,0.0
ORD_0003408,CUST_02946,2023-08-01 17:00:00,Fashion,COD,Tier_1,1237.41,6.29,0,0,Delivered,,0,0,0.0,0.0,0.0,0.0
ORD_0002926,CUST_01920,2023-08-01 19:00:00,Fashion,COD,Tier_1,3026.81,40.92,0,0,Delivered,,0,0,0.0,0.0,0.0,0.0
ORD_0004408,CUST_04736,2023-08-01 19:00:00,Footwear,Prepaid,Tier_2,5271.64,35.96,0,0,Delivered,,0,2,1.0,1.0,0.5,0.5
ORD_0000281,CUST_05966,2023-08-01 20:00:00,Fashion,COD,Tier_3,2530.7,39.23,0,0,Delivered,,0,1,1.0,0.0,1.0,0.0
ORD_0000647,CUST_04878,2023-08-01 22:00:00,Home,COD,Tier_3,1276.84,17.02,0,0,Delivered,,0,0,0.0,0.0,0.0,0.0
ORD_0005666,CUST_04520,2023-08-01 22:00:00,Footwear,Prepaid,Tier_1,1108.48,12.88,0,0,Delivered,,0,1,0.0,0.0,0.0,0.0
ORD_0003603,CUST_04004,2023-08-01 23:00:00,Electronics,Prepaid,Tier_2,1100.25,36.31,0,1,Returned,Changed Mind,1,0,0.0,0.0,0.0,0.0
ORD_0001994,CUST_00841,2023-08-01 23:00:00,Fashion,COD,Tier_3,800.88,36.76,0,0,Delivered,,0,2,0.0,0.0,0.0,0.0
ORD_0002584,CUST_02663,2023-08-02 00:00:00,Home,COD,Tier_2,2046.33,12.07,0,0,Delivered,,0,1,0.0,1.0,0.0,1.0
ORD_0007794,CUST_05390,2023-08-02 02:00:00,Fashion,COD,Tier_3,311.57,16.06,0,0,Delivered,,0,0,0.0,0.0,0.0,0.0
ORD_0009581,CUST_04919,2023-08-02 03:00:00,Electronics,Prepaid,Tier_3,2260.42,2.9,0,0,Delivered,,0,2,0.0,1.0,0.0,0.5
ORD_0004061,CUST_02745,2023-08-02 03:00:00,Beauty,Prepaid,Tier_2,2475.08,29.8,0,0,Delivered,,0,3,2.0,0.0,0.6666666666666666,0.0
ORD_0005565,CUST_04471,2023-08-02 03:00:00,Electronics,COD,Tier_2,692.23,5.87,0,0,Delivered,,0,0,0.0,0.0,0.0,0.0
ORD_0004414,CUST_00604,2023-08-02 04:00:00,Home,COD,Tier_2,2420.11,38.34,0,0,Delivered,,0,0,0.0,0.0,0.0,0.0
ORD_0006491,CUST_03043,2023-08-02 06:00:00,Electronics,COD,Tier_3,3972.31,13.87,0,0,Delivered,,0,1,0.0,1.0,0.0,1.0
ORD_0003467,CUST_03957,2023-08-02 06:00:00,Fashion,COD,Tier_2,434.5,10.39,0,0,Delivered,,0,1,0.0,0.0,0.0,0.0
ORD_0008642,CUST_05832,2023-08-02 06:00:00,Footwear,COD,Tier_2,1481.97,16.83,0,0,Delivered,,0,2,1.0,1.0,0.5,0.5
ORD_0000241,CUST_05799,2023-08-02 07:00:00,Beauty,COD,Tier_2,1715.42,15.93,0,0,Delivered,,0,0,0.0,0.0,0.0,0.0
ORD_0002543,CUST_05371,2023-08-02 07:00:00,Home,COD,Tier_3,906.78,30.51,0,0,Delivered,,0,0,0.0,0.0,0.0,0.0
ORD_0001726,CUST_01440,2023-08-02 08:00:00,Fashion,COD,Tier_3,3200.18,6.91,1,0,RTO,,1,1,0.0,0.0,0.0,0.0
ORD_0001750,CUST_03422,2023-08-02 11:00:00,Fashion,Prepaid,Tier_1,544.39,4.1,0,1,Returned,Not as Expected,1,0,0.0,0.0,0.0,0.0
ORD_0006092,CUST_04808,2023-08-02 12:00:00,Footwear,COD,Tier_1,1697.31,21.13,0,0,Delivered,,0,2,0.0,1.0,0.0,0.5
ORD_0009729,CUST_04595,2023-08-02 12:00:00,Electronics,COD,Tier_1,4472.56,25.51,0,0,Delivered,,0,2,0.0,2.0,0.0,1.0
ORD_0000990,CUST_05088,2023-08-02 14:00:00,Home,Prepaid,Tier_1,2500.64,17.38,0,0,Delivered,,0,1,0.0,0.0,0.0,0.0
ORD_0002083,CUST_00702,2023-08-02 14:00:00,Footwear,Prepaid,Tier_3,1904.82,31.67,0,0,Delivered,,0,2,0.0,2.0,0.0,1.0
ORD_0002820,CUST_00953,2023-08-02 15:00:00,Electronics,Prepaid,Tier_1,829.22,26.67,0,0,Delivered,,0,1,0.0,0.0,0.0,0.0
ORD_0000848,CUST_01998,2023-08-02 16:00:00,Electronics,COD,Tier_2,1804.63,31.83,0,0,Delivered,,0,1,0.0,0.0,0.0,0.0
ORD_0009689,CUST_00362,2023-08-02 16:00:00,Footwear,Prepaid,Tier_2,695.94,4.3,0,0,Delivered,,0,0,0.0,0.0,0.0,0.0
ORD_0004980,CUST_05102,2023-08-02 16:00:00,Fashion,Prepaid,Tier_2,1835.82,22.05,0,0,Delivered,,0,2,0.0,0.0,0.0,0.0
ORD_0007980,CUST_05002,2023-08-02 18:00:00,Fashion,COD,Tier_3,1086.06,31.14,0,0,Delivered,,0,2,0.0,0.0,0.0,0.0
ORD_0009965,CUST_01542,2023-08-02 18:00:00,Home,COD,Tier_2,2612.3,34.19,1,0,RTO,,1,2,0.0,2.0,0.0,1.0
ORD_0008463,CUST_01786,2023-08-02 19:00:00,Footwear,COD,Tier_1,5053.72,35.8,0,0,Delivered,,0,0,0.0,0.0,0.0,0.0
ORD_0005077,CUST_01306,2023-08-02 19:00:00,Fashion,COD,Tier_2,1391.31,36.9,0,0,Delivered,,0,1,0.0,0.0,0.0,0.0
ORD_0005454,CUST_00940,2023-08-02 20:00:00,Footwear,COD,Tier_1,1665.88,26.85,0,0,Delivered,,0,0,0.0,0.0,0.0,0.0
ORD_0006251,CUST_05657,2023-08-02 20:00:00,Fashion,COD,Tier_1,491.66,40.85,0,0,Delivered,,0,5,0.0,1.0,0.0,0.2
ORD_0005396,CUST_03091,2023-08-02 22:00:00,Fashion,COD,Tier_2,2553.66,4.39,0,0,Delivered,,0,0,0.0,0.0,0.0,0.0
ORD_0004275,CUST_05715,2023-08-03 00:00:00,Fashion,COD,Tier_2,1363.8,47.93,0,0,Delivered,,0,1,1.0,0.0,1.0,0.0
ORD_0005201,CUST_00935,2023-08-03 00:00:00,Fashion,COD,Tier_1,1210.45,30.64,0,1,Returned,Defective,1,2,0.0,1.0,0.0,0.5
ORD_0000557,CUST_02534,2023-08-03 00:00:00,Electronics,COD,Tier_1,1087.09,29.14,0,1,Returned,Changed Mind,1,2,0.0,0.0,0.0,0.0
ORD_0001917,CUST_05758,2023-08-03 01:00:00,Fashion,COD,Tier_2,1778.88,49.74,1,0,RTO,,1,3,0.0,2.0,0.0,0.6666666666666666
ORD_0006404,CUST_00001,2023-08-03 02:00:00,Electronics,COD,Tier_2,728.07,33.65,1,0,RTO,,1,0,0.0,0.0,0.0,0.0
ORD_0009193,CUST_00457,2023-08-03 08:00:00,Footwear,COD,Tier_2,1954.67,13.57,1,0,RTO,,1,0,0.0,0.0,0.0,0.0
ORD_0007625,CUST_01178,2023-08-03 09:00:00,Fashion,Prepaid,Tier_2,1211.85,26.1,0,0,Delivered,,0,1,0.0,0.0,0.0,0.0
ORD_0003762,CUST_03047,2023-08-03 10:00:00,Footwear,COD,Tier_1,1717.37,35.31,0,0,Delivered,,0,2,0.0,1.0,0.0,0.5
ORD_0001891,CUST_05929,2023-08-03 10:00:00,Fashion,COD,Tier_1,1043.54,14.87,0,1,Returned,Not as Expected,1,0,0.0,0.0,0.0,0.0
ORD_0005665,CUST_03990,2023-08-03 10:00:00,Fashion,COD,Tier_3,377.65,27.53,0,0,Delivered,,0,1,0.0,0.0,0.0,0.0
ORD_0003168,CUST_04528,2023-08-03 11:00:00,Fashion,COD,Tier_3,5364.04,26.62,0,0,Delivered,,0,1,0.0,0.0,0.0,0.0
ORD_0006676,CUST_05112,2023-08-03 11:00:00,Fashion,COD,Tier_1,932.69,5.83,0,0,Delivered,,0,0,0.0,0.0,0.0,0.0
ORD_0008866,CUST_00400,2023-08-03 12:00:00,Fashion,COD,Tier_3,5357.39,40.46,1,0,RTO,,1,0,0.0,0.0,0.0,0.0
ORD_0002233,CUST_05322,2023-08-03 12:00:00,Footwear,Prepaid,Tier_3,420.77,30.34,0,0,Delivered,,0,0,0.0,0.0,0.0,0.0
ORD_0006773,CUST_04881,2023-08-03 12:00:00,Electronics,COD,Tier_1,2880.98,34.76,0,0,Delivered,,0,1,0.0,1.0,0.0,1.0
ORD_0004983,CUST_01124,2023-08-03 12:00:00,Beauty,Prepaid,Tier_2,423.84,6.03,0,0,Delivered,,0,1,1.0,0.0,1.0,0.0
ORD_0003339,CUST_03607,2023-08-03 13:00:00,Fashion,COD,Tier_1,1936.63,31.93,0,0,Delivered,,0,1,0.0,0.0,0.0,0.0
ORD_0007664,CUST_03387,2023-08-03 14:00:00,Fashion,Prepaid,Tier_1,579.2,7.59,0,0,Delivered,,0,0,0.0,0.0,0.0,0.0
ORD_0001103,CUST_00722,2023-08-03 17:00:00,Home,COD,Tier_2,1359.8,32.51,0,0,Delivered,,0,3,1.0,0.0,0.3333333333333333,0.0
ORD_0006727,CUST_05232,2023-08-03 18:00:00,Fashion,Prepaid,Tier_1,660.11,37.22,0,0,Delivered,,0,0,0.0,0.0,0.0,0.0
ORD_0006885,CUST_04582,2023-08-03 18:00:00,Fashion,Prepaid,Tier_3,2398.72,50.0,0,0,Delivered,,0,1,0.0,0.0,0.0,0.0
ORD_0005041,CUST_05545,2023-08-03 19:00:00,Footwear,COD,Tier_3,1638.99,46.17,0,1,Returned,Wrong Size,1,0,0.0,0.0,0.0,0.0
ORD_0002449,CUST_02305,2023-08-03 20:00:00,Fashion,COD,Tier_2,711.24,27.94,0,0,Delivered,,0,0,0.0,0.0,0.0,0.0
ORD_0003378,CUST_01718,2023-08-03 20:00:00,Electronics,COD,Tier_3,1078.93,36.76,1,0,RTO,,1,1,0.0,1.0,0.0,1.0
ORD_0006373,CUST_04494,2023-08-03 21:00:00,Footwear,COD,Tier_1,1919.75,3.72,0,0,Delivered,,0,0,0.0,0.0,0.0,0.0
ORD_0000621,CUST_05705,2023-08-03 22:00:00,Fashion,COD,Tier_1,3251.37,22.29,0,0,Delivered,,0,1,0.0,0.0,0.0,0.0
ORD_0006504,CUST_01488,2023-08-03 23:00:00,Electronics,Prepaid,Tier_3,495.48,6.06,0,0,Delivered,,0,0,0.0,0.0,0.0,0.0
ORD_0002104,CUST_01976,2023-08-04 00:00:00,Fashion,COD,Tier_1,1297.42,25.79,0,0,Delivered,,0,1,0.0,1.0,0.0,1.0
ORD_0006424,CUST_01545,2023-08-04 00:00:00,Beauty,COD,Tier_2,491.49,46.96,0,0,Delivered,,0,0,0.0,0.0,0.0,0.0
ORD_0002334,CUST_02835,2023-08-04 02:00:00,Fashion,Prepaid,Tier_3,2443.09,26.05,1,0,RTO,,1,1,0.0,0.0,0.0,0.0
ORD_0001907,CUST_04875,2023-08-04 02:00:00,Fashion,Prepaid,Tier_3,831.08,2.13,0,0,Delivered,,0,3,1.0,1.0,0.3333333333333333,0.3333333333333333
ORD_0006464,CUST_04031,2023-08-04 02:00:00,Fashion,Prepaid,Tier_2,12314.61,29.7,0,0,Delivered,,0,1,1.0,0.0,1.0,0.0
ORD_0003636,CUST_02028,2023-08-04 03:00:00,Fashion,Prepaid,Tier_2,4220.54,7.63,0,0,Delivered,,0,1,0.0,0.0,0.0,0.0
ORD_0001693,CUST_03393,2023-08-04 03:00:00,Fashion,COD,Tier_2,1168.95,26.18,1,0,RTO,,1,0,0.0,0.0,0.0,0.0
ORD_0003375,CUST_05958,2023-08-04 03:00:00,Electronics,Prepaid,Tier_3,768.88,39.33,0,0,Delivered,,0,1,0.0,1.0,0.0,1.0
ORD_0009215,CUST_03118,2023-08-04 04:00:00,Footwear,COD,Tier_3,1262.51,32.95,0,1,Returned,Wrong Size,1,0,0.0,0.0,0.0,0.0
ORD_0003559,CUST_03059,2023-08-04 05:00:00,Footwear,COD,Tier_2,325.48,12.76,1,0,RTO,,1,1,0.0,0.0,0.0,0.0
ORD_0007947,CUST_00951,2023-08-04 06:00:00,Electronics,Prepaid,Tier_3,1659.91,36.25,0,0,Delivered,,0,3,0.0,1.0,0.0,0.3333333333333333
ORD_0008323,CUST_00435,2023-08-04 07:00:00,Footwear,COD,Tier_1,695.41,40.52,0,0,Delivered,,0,1,1.0,0.0,1.0,0.0
ORD_0007010,CUST_02027,2023-08-04 08:00:00,Fashion,Prepaid,Tier_3,1721.47,24.28,0,0,Delivered,,0,0,0.0,0.0,0.0,0.0
ORD_0003440,CUST_04713,2023-08-04 08:00:00,Home,COD,Tier_1,2409.22,5.28,0,0,Delivered,,0,3,0.0,3.0,0.0,1.0
ORD_0007870,CUST_04200,2023-08-04 09:00:00,Electronics,Prepaid,Tier_3,3976.71,44.26,0,0,Delivered,,0,2,1.0,0.0,0.5,0.0
ORD_0003838,CUST_02880,2023-08-04 12:00:00,Electronics,COD,Tier_2,487.82,0.5,0,0,Delivered,,0,3,1.0,0.0,0.3333333333333333,0.0
ORD_0007391,CUST_00013,2023-08-04 13:00:00,Fashion,COD,Tier_1,745.93,49.38,0,0,Delivered,,0,1,0.0,0.0,0.0,0.0
ORD_0008021,CUST_00279,2023-08-04 15:00:00,Fashion,COD,Tier_2,496.39,16.93,0,0,Delivered,,0,0,0.0,0.0,0.0,0.0
ORD_0009629,CUST_03754,2023-08-04 15:00:00,Fashion,COD,Tier_1,2551.76,23.98,0,0,Delivered,,0,1,0.0,1.0,0.0,1.0
ORD_0002546,CUST_01865,2023-08-04 15:00:00,Home,COD,Tier_1,722.89,26.88,1,0,RTO,,1,2,0.0,0.0,0.0,0.0
ORD_0003465,CUST_01695,2023-08-04 19:00:00,Footwear,COD,Tier_3,895.02,38.74,0,1,Returned,Not as Expected,1,1,0.0,0.0,0.0,0.0
ORD_0008233,CUST_02764,2023-08-04 19:00:00,Fashion,COD,Tier_1,1652.44,29.62,0,1,Returned,Not as Expected,1,0,0.0,0.0,0.0,0.0
ORD_0006423,CUST_03061,2023-08-04 20:00:00,Electronics,COD,Tier_3,2719.02,19.75,1,0,RTO,,1,2,0.0,0.0,0.0,0.0
ORD_0001683,CUST_00408,2023-08-04 20:00:00,Fashion,COD,Tier_3,3575.93,15.92,0,0,Delivered,,0,0,0.0,0.0,0.0,0.0
ORD_0008750,CUST_03164,2023-08-04 20:00:00,Fashion,Prepaid,Tier_3,1098.76,9.27,0,0,Delivered,,0,1,1.0,0.0,1.0,0.0
ORD_0004204,CUST_01534,2023-08-04 20:00:00,Fashion,Prepaid,Tier_3,765.58,6.2,0,0,Delivered,,0,2,0.0,0.0,0.0,0.0
ORD_0008945,CUST_02519,2023-08-04 22:00:00,Home,Prepaid,Tier_1,1613.38,5.76,0,0,Delivered,,0,0,0.0,0.0,0.0,0.0
ORD_0006394,CUST_01861,2023-08-04 22:00:00,Fashion,Prepaid,Tier_1,1536.33,14.97,0,0,Delivered,,0,0,0.0,0.0,0.0,0.0
ORD_0005470,CUST_04426,2023-08-04 23:00:00,Electronics,COD,Tier_2,6172.66,42.29,1,0,RTO,,1,0,0.0,0.0,0.0,0.0
ORD_0000688,CUST_03340,2023-08-05 00:00:00,Fashion,Prepaid,Tier_3,6650.02,46.83,0,1,Returned,Wrong Size,1,1,0.0,0.0,0.0,0.0
ORD_0000344,CUST_00657,2023-08-05 02:00:00,Beauty,COD,Tier_3,724.95,21.54,0,0,Delivered,,0,2,0.0,0.0,0.0,0.0
ORD_0009089,CUST_04874,2023-08-05 02:00:00,Beauty,COD,Tier_1,1155.71,19.13,0,1,Returned,Wrong Size,1,0,0.0,0.0,0.0,0.0
ORD_0001552,CUST_05115,2023-08-05 02:00:00,Fashion,COD,Tier_1,1751.92,39.04,0,0,Delivered,,0,0,0.0,0.0,0.0,0.0
ORD_0009354,CUST_05194,2023-08-05 02:00:00,Footwear,COD,Tier_1,315.51,6.95,0,0,Delivered,,0,0,0.0,0.0,0.0,0.0
ORD_0005212,CUST_03063,2023-08-05 02:00:00,Fashion,COD,Tier_3,983.74,23.31,0,0,Delivered,,0,1,0.0,0.0,0.0,0.0
ORD_0002244,CUST_02145,2023-08-05 05:00:00,Electronics,COD,Tier_2,1022.58,15.56,0,0,Delivered,,0,1,0.0,1.0,0.0,1.0
ORD_0005508,CUST_01260,2023-08-05 08:00:00,Fashion,COD,Tier_2,2382.93,24.91,0,0,Delivered,,0,0,0.0,0.0,0.0,0.0
ORD_0001619,CUST_00849,2023-08-05 11:00:00,Beauty,COD,Tier_3,2930.53,10.19,0,0,Delivered,,0,0,0.0,0.0,0.0,0.0
ORD_0007233,CUST_05195,2023-08-05 12:00:00,Home,Prepaid,Tier_1,2311.95,16.56,0,0,Delivered,,0,1,0.0,1.0,0.0,1.0
ORD_0008372,CUST_01639,2023-08-05 13:00:00,Fashion,COD,Tier_2,2569.44,42.3,0,0,Delivered,,0,1,0.0,0.0,0.0,0.0
ORD_0002299,CUST_05874,2023-08-05 15:00:00,Fashion,Prepaid,Tier_2,410.19,16.6,0,0,Delivered,,0,1,0.0,0.0,0.0,0.0
ORD_0002167,CUST_03528,2023-08-05 15:00:00,Beauty,COD,Tier_1,3156.22,16.92,0,0,Delivered,,0,2,0.0,1.0,0.0,0.5
ORD_0001567,CUST_05749,2023-08-05 16:00:00,Fashion,COD,Tier_1,7190.25,17.22,0,0,Delivered,,0,0,0.0,0.0,0.0,0.0
ORD_0009573,CUST_01625,2023-08-05 17:00:00,Footwear,COD,Tier_3,1623.34,43.09,0,1,Returned,Not as Expected,1,1,0.0,0.0,0.0,0.0
ORD_0007829,CUST_03007,2023-08-05 17:00:00,Footwear,COD,Tier_3,4531.65,13.76,0,0,Delivered,,0,1,0.0,0.0,0.0,0.0
ORD_0003276,CUST_03531,2023-08-05 17:00:00,Beauty,COD,Tier_3,1068.05,26.12,1,0,RTO,,1,0,0.0,0.0,0.0,0.0
ORD_0005566,CUST_02417,2023-08-05 19:00:00,Fashion,COD,Tier_3,11519.94,46.08,1,0,RTO,,1,1,0.0,0.0,0.0,0.0
ORD_0009742,CUST_01379,2023-08-05 20:00:00,Electronics,COD,Tier_1,2320.3,4.44,0,0,Delivered,,0,0,0.0,0.0,0.0,0.0
ORD_0003107,CUST_00075,2023-08-05 21:00:00,Fashion,COD,Tier_2,392.35,42.42,0,0,Delivered,,0,0,0.0,0.0,0.0,0.0
ORD_0007053,CUST_03494,2023-08-05 21:00:00,Fashion,COD,Tier_3,305.11,7.02,1,0,RTO,,1,0,0.0,0.0,0.0,0.0
ORD_0005684,CUST_00256,2023-08-05 22:00:00,Electronics,Prepaid,Tier_3,436.15,12.38,0,0,Delivered,,0,3,0.0,1.0,0.0,0.3333333333333333
ORD_0002999,CUST_05936,2023-08-05 22:00:00,Electronics,Prepaid,Tier_1,1834.68,35.01,0,0,Delivered,,0,1,0.0,0.0,0.0,0.0
ORD_0006044,CUST_04802,2023-08-05 23:00:00,Fashion,COD,Tier_3,3282.36,36.19,0,0,Delivered,,0,0,0.0,0.0,0.0,0.0
ORD_0006646,CUST_04076,2023-08-05 23:00:00,Home,COD,Tier_1,712.24,1.18,1,0,RTO,,1,2,0.0,0.0,0.0,0.0
ORD_0007911,CUST_00914,2023-08-06 01:00:00,Fashion,COD,Tier_1,1551.66,21.99,0,0,Delivered,,0,1,0.0,0.0,0.0,0.0
ORD_0000731,CUST_04849,2023-08-06 01:00:00,Home,COD,Tier_3,328.79,23.22,0,1,Returned,Changed Mind,1,3,0.0,1.0,0.0,0.3333333333333333
ORD_0007784,CUST_05490,2023-08-06 02:00:00,Fashion,COD,Tier_2,561.74,44.95,0,0,Delivered,,0,2,0.0,1.0,0.0,0.5
ORD_0000593,CUST_01391,2023-08-06 05:00:00,Footwear,Prepaid,Tier_2,1060.37,35.01,0,0,Delivered,,0,0,0.0,0.0,0.0,0.0
ORD_0005189,CUST_01827,2023-08-06 07:00:00,Fashion,COD,Tier_3,1825.36,4.53,0,0,Delivered,,0,0,0.0,0.0,0.0,0.0
ORD_0005040,CUST_02951,2023-08-06 07:00:00,Footwear,Prepaid,Tier_1,3011.65,47.89,0,0,Delivered,,0,3,1.0,1.0,0.3333333333333333,0.3333333333333333
ORD_0001183,CUST_01218,2023-08-06 07:00:00,Fashion,Prepaid,Tier_1,2792.99,14.14,1,0,RTO,,1,4,0.0,1.0,0.0,0.25
ORD_0005810,CUST_00184,2023-08-06 08:00:00,Fashion,COD,Tier_2,2125.26,17.0,0,0,Delivered,,0,0,0.0,0.0,0.0,0.0
ORD_0004492,CUST_05259,2023-08-06 08:00:00,Electronics,Prepaid,Tier_1,1940.54,2.9,0,0,Delivered,,0,1,0.0,0.0,0.0,0.0
ORD_0002991,CUST_01666,2023-08-06 09:00:00,Fashion,COD,Tier_3,587.84,31.66,1,0,RTO,,1,0,0.0,0.0,0.0,0.0
ORD_0002011,CUST_03399,2023-08-06 10:00:00,Fashion,COD,Tier_3,862.56,5.66,0,1,Returned,Wrong Size,1,0,0.0,0.0,0.0,0.0
ORD_0003413,CUST_00697,2023-08-06 10:00:00,Fashion,Prepaid,Tier_2,1433.58,10.57,0,0,Delivered,,0,1,0.0,0.0,0.0,0.0
ORD_0003240,CUST_02915,2023-08-06 10:00:00,Fashion,Prepaid,Tier_1,1554.61,7.54,0,0,Delivered,,0,1,0.0,0.0,0.0,0.0
ORD_0002157,CUST_04065,2023-08-06 11:00:00,Fashion,COD,Tier_3,1276.17,11.55,0,0,Delivered,,0,3,0.0,1.0,0.0,0.3333333333333333
ORD_0003604,CUST_01371,2023-08-06 12:00:00,Electronics,Prepaid,Tier_1,933.69,19.0,0,0,Delivered,,0,2,1.0,0.0,0.5,0.0
ORD_0003128,CUST_05917,2023-08-06 13:00:00,Fashion,COD,Tier_3,656.08,18.9,1,0,RTO,,1,0,0.0,0.0,0.0,0.0
ORD_0007547,CUST_04361,2023-08-06 13:00:00,Footwear,Prepaid,Tier_2,5318.32,21.03,0,0,Delivered,,0,2,0.0,0.0,0.0,0.0
ORD_0003501,CUST_05247,2023-08-06 14:00:00,Home,Prepaid,Tier_3,4469.18,38.99,0,0,Delivered,,0,0,0.0,0.0,0.0,0.0
ORD_0009404,CUST_05386,2023-08-06 14:00:00,Electronics,COD,Tier_1,614.81,37.77,0,0,Delivered,,0,2,0.0,2.0,0.0,1.0
ORD_0005178,CUST_05223,2023-08-06 15:00:00,Fashion,COD,Tier_1,2652.11,23.86,0,1,Returned,Wrong Size,1,0,0.0,0.0,0.0,0.0
ORD_0005675,CUST_01610,2023-08-06 17:00:00,Footwear,COD,Tier_1,569.61,35.66,0,0,Delivered,,0,1,0.0,0.0,0.0,0.0
ORD_0003643,CUST_03597,2023-08-06 18:00:00,Electronics,Prepaid,Tier_2,3448.54,3.92,0,0,Delivered,,0,1,1.0,0.0,1.0,0.0
ORD_0004876,CUST_05034,2023-08-06 19:00:00,Fashion,COD,Tier_1,1137.19,23.42,0,0,Delivered,,0,3,1.0,0.0,0.3333333333333333,0.0
ORD_0008721,CUST_01599,2023-08-06 19:00:00,Fashion,COD,Tier_3,2912.62,45.53,1,0,RTO,,1,1,0.0,1.0,0.0,1.0
ORD_0005248,CUST_00036,2023-08-06 20:00:00,Footwear,COD,Tier_3,858.47,45.72,0,0,Delivered,,0,2,1.0,1.0,0.5,0.5
ORD_0001301,CUST_01295,2023-08-06 21:00:00,Fashion,Prepaid,Tier_1,1482.97,4.37,0,1,Returned,Wrong Size,1,1,0.0,0.0,0.0,0.0
ORD_0003184,CUST_01883,2023-08-06 21:00:00,Home,COD,Tier_1,2505.98,24.04,0,0,Delivered,,0,2,1.0,0.0,0.5,0.0
ORD_0004799,CUST_02937,2023-08-06 21:00:00,Fashion,COD,Tier_1,3953.52,35.57,0,0,Delivered,,0,2,2.0,0.0,1.0,0.0
ORD_0008368,CUST_01866,2023-08-06 21:00:00,Footwear,COD,Tier_1,990.23,33.84,0,0,Delivered,,0,0,0.0,0.0,0.0,0.0
ORD_0008203,CUST_04006,2023-08-06 22:00:00,Fashion,Prepaid,Tier_2,1512.06,17.27,0,1,Returned,Changed Mind,1,1,0.0,1.0,0.0,1.0
ORD_0006803,CUST_02100,2023-08-06 23:00:00,Footwear,COD,Tier_1,4419.74,18.63,1,0,RTO,,1,1,0.0,0.0,0.0,0.0
ORD_0003975,CUST_00632,2023-08-07 00:00:00,Fashion,COD,Tier_2,2493.72,31.78,0,1,Returned,Wrong Size,1,1,0.0,1.0,0.0,1.0
ORD_0007894,CUST_02391,2023-08-07 00:00:00,Fashion,Prepaid,Tier_2,5191.98,47.79,0,1,Returned,Defective,1,2,0.0,0.0,0.0,0.0
ORD_0004867,CUST_03704,2023-08-07 01:00:00,Fashion,COD,Tier_3,1510.37,30.69,0,0,Delivered,,0,0,0.0,0.0,0.0,0.0
ORD_0001324,CUST_02419,2023-08-07 08:00:00,Footwear,Prepaid,Tier_3,1945.03,17.47,0,0,Delivered,,0,1,0.0,0.0,0.0,0.0
ORD_0002743,CUST_01514,2023-08-07 08:00:00,Home,Prepaid,Tier_2,392.78,41.72,0,0,Delivered,,0,1,0.0,0.0,0.0,0.0
ORD_0005789,CUST_01532,2023-08-07 10:00:00,Fashion,Prepaid,Tier_1,2738.49,13.15,0,0,Delivered,,0,1,0.0,0.0,0.0,0.0
ORD_0005465,CUST_02630,2023-08-07 11:00:00,Beauty,COD,Tier_3,3806.48,17.15,0,0,Delivered,,0,0,0.0,0.0,0.0,0.0
ORD_0002840,CUST_02525,2023-08-07 12:00:00,Fashion,COD,Tier_1,726.07,4.29,0,1,Returned,Wrong Size,1,0,0.0,0.0,0.0,0.0
ORD_0009457,CUST_03013,2023-08-07 13:00:00,Beauty,Prepaid,Tier_3,2728.72,44.09,0,0,Delivered,,0,2,0.0,0.0,0.0,0.0
ORD_0004996,CUST_01637,2023-08-07 13:00:00,Home,COD,Tier_2,545.34,21.9,0,1,Returned,Changed Mind,1,1,0.0,1.0,0.0,1.0
ORD_0003040,CUST_02143,2023-08-07 14:00:00,Fashion,COD,Tier_2,5338.21,10.69,0,0,Delivered,,0,0,0.0,0.0,0.0,0.0
ORD_0005563,CUST_01118,2023-08-07 14:00:00,Electronics,Prepaid,Tier_3,5473.96,29.55,0,0,Delivered,,0,1,0.0,0.0,0.0,0.0
ORD_0006341,CUST_04493,2023-08-07 15:00:00,Beauty,COD,Tier_2,984.52,1.57,0,0,Delivered,,0,1,0.0,0.0,0.0,0.0
ORD_0009040,CUST_04565,2023-08-07 15:00:00,Fashion,COD,Tier_3,2224.89,7.49,1,0,RTO,,1,1,0.0,0.0,0.0,0.0
ORD_0005976,CUST_04165,2023-08-07 15:00:00,Fashion,COD,Tier_1,1668.4,35.12,1,0,RTO,,1,1,0.0,0.0,0.0,0.0
ORD_0008013,CUST_05616,2023-08-07 15:00:00,Fashion,COD,Tier_2,378.89,15.55,1,0,RTO,,1,2,0.0,0.0,0.0,0.0
ORD_0009852,CUST_02800,2023-08-07 16:00:00,Electronics,Prepaid,Tier_3,1532.76,10.37,0,1,Returned,Wrong Size,1,1,0.0,0.0,0.0,0.0
ORD_0003134,CUST_05717,2023-08-07 16:00:00,Electronics,COD,Tier_1,477.42,32.55,1,0,RTO,,1,0,0.0,0.0,0.0,0.0
ORD_0009381,CUST_01306,2023-08-07 17:00:00,Home,COD,Tier_3,3402.09,25.6,1,0,RTO,,1,2,0.0,0.0,0.0,0.0
ORD_0004779,CUST_04075,2023-08-07 18:00:00,Fashion,COD,Tier_3,3343.59,44.75,0,0,Delivered,,0,3,2.0,1.0,0.6666666666666666,0.3333333333333333
ORD_0009225,CUST_02029,2023-08-07 19:00:00,Beauty,Prepaid,Tier_2,910.5,42.46,0,0,Delivered,,0,0,0.0,0.0,0.0,0.0
ORD_0004971,CUST_05164,2023-08-07 20:00:00,Fashion,COD,Tier_3,1178.68,0.55,0,0,Delivered,,0,1,0.0,0.0,0.0,0.0
ORD_0006852,CUST_01809,2023-08-07 20:00:00,Home,Prepaid,Tier_3,4810.16,13.82,0,0,Delivered,,0,0,0.0,0.0,0.0,0.0
ORD_0009105,CUST_05462,2023-08-07 21:00:00,Fashion,COD,Tier_2,2136.13,38.69,0,0,Delivered,,0,1,0.0,0.0,0.0,0.0
ORD_0003388,CUST_02481,2023-08-07 21:00:00,Beauty,COD,Tier_3,843.57,0.14,1,0,RTO,,1,5,0.0,2.0,0.0,0.4
ORD_0008303,CUST_02468,2023-08-07 22:00:00,Fashion,COD,Tier_1,4903.57,33.84,0,0,Delivered,,0,2,0.0,0.0,0.0,0.0
ORD_0000533,CUST_01558,2023-08-07 23:00:00,Fashion,Prepaid,Tier_1,1058.93,5.12,0,0,Delivered,,0,0,0.0,0.0,0.0,0.0
ORD_0004749,CUST_02316,2023-08-07 23:00:00,Footwear,COD,Tier_1,1848.72,4.7,0,0,Delivered,,0,1,0.0,0.0,0.0,0.0
ORD_0003731,CUST_04484,2023-08-08 01:00:00,Fashion,COD,Tier_1,307.41,33.96,0,0,Delivered,,0,0,0.0,0.0,0.0,0.0
ORD_0009383,CUST_01118,2023-08-08 02:00:00,Fashion,COD,Tier_3,705.92,9.73,0,0,Delivered,,0,2,0.0,0.0,0.0,0.0
ORD_0000513,CUST_02713,2023-08-08 03:00:00,Beauty,COD,Tier_3,1020.05,26.13,1,0,RTO,,1,4,1.0,0.0,0.25,0.0
ORD_0008312,CUST_00784,2023-08-08 04:00:00,Fashion,Prepaid,Tier_3,1434.99,37.14,0,0,Delivered,,0,0,0.0,0.0,0.0,0.0
ORD_0008819,CUST_05357,2023-08-08 09:00:00,Fashion,Prepaid,Tier_2,502.72,3.98,0,0,Delivered,,0,3,1.0,1.0,0.3333333333333333,0.3333333333333333
ORD_0003854,CUST_00220,2023-08-08 10:00:00,Footwear,COD,Tier_1,1351.1,42.62,1,0,RTO,,1,1,0.0,0.0,0.0,0.0
ORD_0000678,CUST_01134,2023-08-08 10:00:00,Fashion,Prepaid,Tier_2,2700.37,3.42,0,0,Delivered,,0,1,0.0,1.0,0.0,1.0
ORD_0009062,CUST_05564,2023-08-08 11:00:00,Footwear,COD,Tier_3,1625.6,12.11,1,0,RTO,,1,1,0.0,0.0,0.0,0.0
ORD_0001097,CUST_02362,2023-08-08 12:00:00,Fashion,COD,Tier_1,792.0,17.75,1,0,RTO,,1,0,0.0,0.0,0.0,0.0
ORD_0000231,CUST_00525,2023-08-08 12:00:00,Fashion,COD,Tier_3,969.04,3.15,0,0,Delivered,,0,0,0.0,0.0,0.0,0.0
ORD_0001611,CUST_05451,2023-08-08 12:00:00,Footwear,COD,Tier_1,1279.31,6.47,0,0,Delivered,,0,0,0.0,0.0,0.0,0.0
ORD_0004111,CUST_01661,2023-08-08 13:00:00,Fashion,Prepaid,Tier_3,6013.51,3.59,0,0,Delivered,,0,1,0.0,0.0,0.0,0.0
ORD_0004150,CUST_02449,2023-08-08 15:00:00,Electronics,COD,Tier_3,5484.98,11.36,0,0,Delivered,,0,2,0.0,0.0,0.0,0.0
ORD_0008141,CUST_02786,2023-08-08 17:00:00,Fashion,COD,Tier_1,658.1,9.61,0,0,Delivered,,0,0,0.0,0.0,0.0,0.0
ORD_0009695,CUST_02318,2023-08-08 17:00:00,Footwear,Prepaid,Tier_2,2056.5,2.69,0,0,Delivered,,0,1,0.0,0.0,0.0,0.0
ORD_0000953,CUST_03609,2023-08-08 19:00:00,Fashion,Prepaid,Tier_2,1224.55,21.71,0,0,Delivered,,0,0,0.0,0.0,0.0,0.0
ORD_0006041,CUST_05486,2023-08-08 19:00:00,Beauty,Prepaid,Tier_3,3157.11,24.86,1,0,RTO,,1,0,0.0,0.0,0.0,0.0
ORD_0005685,CUST_04767,2023-08-08 22:00:00,Footwear,Prepaid,Tier_1,2046.09,12.14,0,1,Returned,Wrong Size,1,0,0.0,0.0,0.0,0.0
ORD_0009220,CUST_03375,2023-08-08 23:00:00,Electronics,COD,Tier_2,1085.88,43.31,0,0,Delivered,,0,0,0.0,0.0,0.0,0.0
ORD_0009145,CUST_05424,2023-08-08 23:00:00,Beauty,Prepaid,Tier_2,7553.01,3.89,0,0,Delivered,,0,2,0.0,0.0,0.0,0.0
ORD_0001739,CUST_03574,2023-08-09 00:00:00,Fashion,Prepaid,Tier_2,445.82,11.03,1,0,RTO,,1,0,0.0,0.0,0.0,0.0
ORD_0006151,CUST_00347,2023-08-09 01:00:00,Fashion,COD,Tier_1,2646.24,42.61,0,0,Delivered,,0,1,1.0,0.0,1.0,0.0
ORD_0000413,CUST_00946,2023-08-09 01:00:00,Footwear,COD,Tier_1,3645.56,26.54,0,1,Returned,Not as Expected,1,1,0.0,0.0,0.0,0.0
ORD_0003488,CUST_04228,2023-08-09 04:00:00,Electronics,Prepaid,Tier_3,434.38,34.27,0,0,Delivered,,0,0,0.0,0.0,0.0,0.0
ORD_0008297,CUST_01475,2023-08-09 05:00:00,Electronics,COD,Tier_3,302.06,46.01,0,0,Delivered,,0,1,0.0,0.0,0.0,0.0
ORD_0003949,CUST_05800,2023-08-09 05:00:00,Fashion,COD,Tier_2,782.32,45.54,1,0,RTO,,1,0,0.0,0.0,0.0,0.0
ORD_0002365,CUST_00373,2023-08-09 06:00:00,Beauty,Prepaid,Tier_3,318.32,1.41,1,0,RTO,,1,4,1.0,1.0,0.25,0.25
ORD_0008287,CUST_02220,2023-08-09 08:00:00,Fashion,COD,Tier_3,4356.64,39.76,1,0,RTO,,1,1,0.0,1.0,0.0,1.0
ORD_0005176,CUST_04950,2023-08-09 08:00:00,Footwear,COD,Tier_2,1445.03,24.5,0,1,Returned,Changed Mind,1,0,0.0,0.0,0.0,0.0
ORD_0004318,CUST_02990,2023-08-09 09:00:00,Fashion,COD,Tier_2,1709.78,15.62,0,0,Delivered,,0,0,0.0,0.0,0.0,0.0
ORD_0008628,CUST_01407,2023-08-09 09:00:00,Fashion,Prepaid,Tier_3,953.19,33.01,1,0,RTO,,1,0,0.0,0.0,0.0,0.0
ORD_0007510,CUST_02682,2023-08-09 10:00:00,Home,COD,Tier_1,1292.78,27.94,0,0,Delivered,,0,1,0.0,0.0,0.0,0.0
ORD_0007594,CUST_04884,2023-08-09 11:00:00,Beauty,COD,Tier_3,4113.61,6.48,1,0,RTO,,1,3,0.0,1.0,0.0,0.3333333333333333
ORD_0007924,CUST_01482,2023-08-09 12:00:00,Fashion,COD,Tier_1,1363.67,47.37,1,0,RTO,,1,0,0.0,0.0,0.0,0.0
ORD_0004430,CUST_02769,2023-08-09 13:00:00,Footwear,COD,Tier_2,356.27,8.61,0,1,Returned,Changed Mind,1,1,0.0,0.0,0.0,0.0
ORD_0003877,CUST_02959,2023-08-09 13:00:00,Home,COD,Tier_2,1642.48,49.29,1,0,RTO,,1,1,1.0,0.0,1.0,0.0
ORD_0004772,CUST_05412,2023-08-09 13:00:00,Beauty,COD,Tier_1,684.57,49.67,1,0,RTO,,1,1,0.0,0.0,0.0,0.0
ORD_0009424,CUST_02568,2023-08-09 14:00:00,Footwear,COD,Tier_3,455.29,11.3,0,0,Delivered,,0,1,0.0,0.0,0.0,0.0
ORD_0007364,CUST_05642,2023-08-09 15:00:00,Fashion,COD,Tier_2,353.94,30.44,0,0,Delivered,,0,0,0.0,0.0,0.0,0.0
ORD_0007663,CUST_04838,2023-08-09 16:00:00,Home,Prepaid,Tier_1,6097.19,44.61,0,0,Delivered,,0,2,0.0,0.0,0.0,0.0
ORD_0002312,CUST_03817,2023-08-09 16:00:00,Footwear,Prepaid,Tier_3,687.99,15.97,0,0,Delivered,,0,1,0.0,0.0,0.0,0.0
ORD_0006350,CUST_01273,2023-08-09 16:00:00,Beauty,COD,Tier_1,1364.88,34.9,0,1,Returned,Changed Mind,1,2,0.0,1.0,0.0,0.5
ORD_0002137,CUST_04449,2023-08-09 16:00:00,Electronics,Prepaid,Tier_3,561.09,47.21,0,1,Returned,Changed Mind,1,1,0.0,0.0,0.0,0.0
ORD_0009542,CUST_04867,2023-08-09 16:00:00,Fashion,Prepaid,Tier_1,1605.17,26.83,0,1,Returned,Wrong Size,1,2,0.0,0.0,0.0,0.0
ORD_0009999,CUST_00418,2023-08-09 17:00:00,Footwear,COD,Tier_1,764.66,0.98,0,1,Returned,Not as Expected,1,0,0.0,0.0,0.0,0.0
ORD_0001966,CUST_02335,2023-08-09 18:00:00,Beauty,COD,Tier_3,2108.69,24.53,0,1,Returned,Wrong Size,1,2,1.0,0.0,0.5,0.0
ORD_0004493,CUST_04458,2023-08-09 18:00:00,Fashion,Prepaid,Tier_1,1953.54,18.01,0,1,Returned,Wrong Size,1,0,0.0,0.0,0.0,0.0
ORD_0009483,CUST_02094,2023-08-09 19:00:00,Electronics,COD,Tier_2,5423.79,17.49,0,0,Delivered,,0,0,0.0,0.0,0.0,0.0
ORD_0005046,CUST_00376,2023-08-09 20:00:00,Electronics,COD,Tier_1,501.5,5.72,0,0,Delivered,,0,1,0.0,0.0,0.0,0.0
ORD_0005631,CUST_01586,2023-08-09 20:00:00,Fashion,Prepaid,Tier_1,2475.19,33.75,0,1,Returned,Changed Mind,1,1,1.0,0.0,1.0,0.0
ORD_0009146,CUST_04079,2023-08-09 20:00:00,Fashion,COD,Tier_2,556.35,36.55,0,0,Delivered,,0,0,0.0,0.0,0.0,0.0
ORD_0001101,CUST_00301,2023-08-09 20:00:00,Home,COD,Tier_1,4624.74,41.19,0,0,Delivered,,0,2,0.0,2.0,0.0,1.0
ORD_0008169,CUST_05897,2023-08-09 21:00:00,Fashion,COD,Tier_1,5189.32,5.15,0,1,Returned,Changed Mind,1,2,0.0,1.0,0.0,0.5
ORD_0008594,CUST_04436,2023-08-09 21:00:00,Fashion,Prepaid,Tier_3,2267.75,16.05,0,0,Delivered,,0,0,0.0,0.0,0.0,0.0
ORD_0007365,CUST_04955,2023-08-09 21:00:00,Footwear,COD,Tier_2,1399.4,4.06,0,1,Returned,Defective,1,0,0.0,0.0,0.0,0.0
ORD_0001010,CUST_04865,2023-08-09 22:00:00,Footwear,Prepaid,Tier_2,4596.15,19.93,0,0,Delivered,,0,3,1.0,0.0,0.3333333333333333,0.0
ORD_0007916,CUST_05400,2023-08-09 22:00:00,Fashion,COD,Tier_3,1327.79,37.52,0,1,Returned,Wrong Size,1,0,0.0,0.0,0.0,0.0
ORD_0004637,CUST_04956,2023-08-09 22:00:00,Home,Prepaid,Tier_1,3248.1,21.89,0,0,Delivered,,0,0,0.0,0.0,0.0,0.0
ORD_0002422,CUST_05042,2023-08-09 22:00:00,Beauty,Prepaid,Tier_2,2461.85,25.49,0,0,Delivered,,0,0,0.0,0.0,0.0,0.0
ORD_0000387,CUST_04405,2023-08-09 22:00:00,Fashion,COD,Tier_2,3442.04,5.94,1,0,RTO,,1,1,1.0,0.0,1.0,0.0
ORD_0007117,CUST_03905,2023-08-09 22:00:00,Electronics,Prepaid,Tier_1,1487.38,5.55,0,0,Delivered,,0,0,0.0,0.0,0.0,0.0
ORD_0007154,CUST_04981,2023-08-09 23:00:00,Footwear,COD,Tier_1,328.36,21.21,0,0,Delivered,,0,0,0.0,0.0,0.0,0.0
ORD_0006381,CUST_03741,2023-08-09 23:00:00,Footwear,COD,Tier_2,463.48,32.26,0,0,Delivered,,0,0,0.0,0.0,0.0,0.0
ORD_0005772,CUST_02891,2023-08-10 01:00:00,Fashion,Prepaid,Tier_3,535.92,44.52,0,0,Delivered,,0,1,0.0,1.0,0.0,1.0
ORD_0003221,CUST_04103,2023-08-10 02:00:00,Fashion,COD,Tier_1,2212.55,36.8,0,0,Delivered,,0,0,0.0,0.0,0.0,0.0
ORD_0005977,CUST_03282,2023-08-10 04:00:00,Footwear,COD,Tier_2,2715.97,49.42,0,0,Delivered,,0,3,1.0,1.0,0.3333333333333333,0.3333333333333333
ORD_0002385,CUST_03327,2023-08-10 06:00:00,Beauty,COD,Tier_1,496.33,33.6,0,0,Delivered,,0,2,0.0,0.0,0.0,0.0
ORD_0009675,CUST_04127,2023-08-10 06:00:00,Electronics,COD,Tier_1,1070.2,15.31,0,0,Delivered,,0,0,0.0,0.0,0.0,0.0
ORD_0008664,CUST_05793,2023-08-10 07:00:00,Fashion,Prepaid,Tier_3,1944.19,31.37,0,0,Delivered,,0,0,0.0,0.0,0.0,0.0
ORD_0000098,CUST_05638,2023-08-10 07:00:00,Beauty,Prepaid,Tier_2,1624.23,31.65,0,0,Delivered,,0,1,0.0,0.0,0.0,0.0
ORD_0003059,CUST_04533,2023-08-10 07:00:00,Electronics,COD,Tier_2,540.44,41.73,1,0,RTO,,1,3,0.0,1.0,0.0,0.3333333333333333
ORD_0004372,CUST_01950,2023-08-10 10:00:00,Home,Prepaid,Tier_2,2531.11,29.55,0,0,Delivered,,0,1,0.0,0.0,0.0,0.0
ORD_0004841,CUST_05577,2023-08-10 11:00:00,Fashion,Prepaid,Tier_2,1058.15,7.65,0,0,Delivered,,0,2,0.0,1.0,0.0,0.5
ORD_0002907,CUST_05409,2023-08-10 12:00:00,Fashion,Prepaid,Tier_1,1575.18,11.38,1,0,RTO,,1,2,0.0,0.0,0.0,0.0
ORD_0002674,CUST_05349,2023-08-10 14:00:00,Fashion,COD,Tier_1,665.27,14.25,0,1,Returned,Changed Mind,1,1,0.0,0.0,0.0,0.0
ORD_0006292,CUST_03800,2023-08-10 15:00:00,Beauty,COD,Tier_2,575.66,43.06,1,0,RTO,,1,2,0.0,1.0,0.0,0.5
ORD_0007303,CUST_02860,2023-08-10 15:00:00,Fashion,COD,Tier_1,2264.15,0.28,0,0,Delivered,,0,0,0.0,0.0,0.0,0.0
ORD_0001000,CUST_01287,2023-08-10 15:00:00,Fashion,Prepaid,Tier_3,2361.95,14.81,0,0,Delivered,,0,1,0.0,0.0,0.0,0.0
ORD_0006362,CUST_04316,2023-08-10 15:00:00,Electronics,COD,Tier_2,2033.86,20.45,0,0,Delivered,,0,1,0.0,0.0,0.0,0.0
ORD_0006135,CUST_01694,2023-08-10 16:00:00,Footwear,COD,Tier_2,956.65,49.66,0,1,Returned,Wrong Size,1,3,0.0,0.0,0.0,0.0
ORD_0002780,CUST_03011,2023-08-10 17:00:00,Footwear,Prepaid,Tier_2,554.71,8.59,0,0,Delivered,,0,0,0.0,0.0,0.0,0.0
ORD_0000100,CUST_01800,2023-08-10 17:00:00,Fashion,COD,Tier_1,3513.49,11.13,1,0,RTO,,1,0,0.0,0.0,0.0,0.0
ORD_0009681,CUST_02600,2023-08-10 18:00:00,Fashion,COD,Tier_1,2460.51,40.47,1,0,RTO,,1,1,0.0,1.0,0.0,1.0
ORD_0007276,CUST_00048,2023-08-10 19:00:00,Fashion,COD,Tier_3,3611.09,12.39,0,1,Returned,Not as Expected,1,2,0.0,0.0,0.0,0.0
ORD_0000201,CUST_03982,2023-08-10 20:00:00,Fashion,Prepaid,Tier_3,2247.93,49.64,0,0,Delivered,,0,0,0.0,0.0,0.0,0.0
ORD_0002491,CUST_02996,2023-08-10 23:00:00,Electronics,COD,Tier_3,803.18,18.25,1,0,RTO,,1,1,0.0,0.0,0.0,0.0
ORD_0002621,CUST_05912,2023-08-11 00:00:00,Electronics,COD,Tier_1,2237.98,18.68,0,0,Delivered,,0,1,1.0,0.0,1.0,0.0
ORD_0007173,CUST_04250,2023-08-11 01:00:00,Footwear,Prepaid,Tier_1,3150.45,17.64,0,1,Returned,Changed Mind,1,1,1.0,0.0,1.0,0.0
ORD_0007215,CUST_03717,2023-08-11 02:00:00,Fashion,COD,Tier_2,404.47,18.06,0,0,Delivered,,0,3,0.0,1.0,0.0,0.3333333333333333
ORD_0006699,CUST_00478,2023-08-11 03:00:00,Footwear,Prepaid,Tier_2,611.49,3.92,0,1,Returned,Wrong Size,1,0,0.0,0.0,0.0,0.0
ORD_0008276,CUST_05340,2023-08-11 03:00:00,Fashion,Prepaid,Tier_2,1264.55,22.11,0,0,Delivered,,0,0,0.0,0.0,0.0,0.0
ORD_0000429,CUST_02058,2023-08-11 04:00:00,Footwear,COD,Tier_3,4296.01,17.94,0,0,Delivered,,0,0,0.0,0.0,0.0,0.0
ORD_0009883,CUST_00627,2023-08-11 04:00:00,Home,Prepaid,Tier_3,2210.26,2.58,0,0,Delivered,,0,2,2.0,0.0,1.0,0.0
ORD_0004921,CUST_05627,2023-08-11 04:00:00,Fashion,Prepaid,Tier_2,2690.96,1.67,0,0,Delivered,,0,1,0.0,0.0,0.0,0.0
ORD_0008711,CUST_03291,2023-08-11 05:00:00,Footwear,COD,Tier_2,408.67,41.67,0,0,Delivered,,0,1,0.0,0.0,0.0,0.0
ORD_0007686,CUST_05486,2023-08-11 07:00:00,Fashion,COD,Tier_2,389.68,39.86,0,0,Delivered,,0,1,0.0,1.0,0.0,1.0
ORD_0004934,CUST_01731,2023-08-11 07:00:00,Fashion,COD,Tier_3,1919.93,0.27,1,0,RTO,,1,1,0.0,0.0,0.0,0.0
ORD_0003293,CUST_02391,2023-08-11 07:00:00,Home,Prepaid,Tier_3,1244.77,37.35,0,0,Delivered,,0,3,1.0,0.0,0.3333333333333333,0.0
ORD_0000604,CUST_05512,2023-08-11 08:00:00,Fashion,Prepaid,Tier_2,2010.26,30.28,0,1,Returned,Changed Mind,1,0,0.0,0.0,0.0,0.0
ORD_0009393,CUST_03981,2023-08-11 09:00:00,Footwear,Prepaid,Tier_2,469.7,49.13,0,0,Delivered,,0,0,0.0,0.0,0.0,0.0
ORD_0000799,CUST_04851,2023-08-11 09:00:00,Fashion,COD,Tier_3,2453.45,15.08,0,1,Returned,Defective,1,0,0.0,0.0,0.0,0.0
ORD_0005768,CUST_03083,2023-08-11 09:00:00,Home,Prepaid,Tier_3,2333.29,28.39,0,0,Delivered,,0,1,0.0,1.0,0.0,1.0
ORD_0007517,CUST_05936,2023-08-11 10:00:00,Home,Prepaid,Tier_2,635.86,13.68,1,0,RTO,,1,2,0.0,0.0,0.0,0.0
ORD_0004472,CUST_05121,2023-08-11 14:00:00,Beauty,Prepaid,Tier_2,367.81,43.01,0,0,Delivered,,0,3,0.0,3.0,0.0,1.0
ORD_0009162,CUST_03626,2023-08-11 14:00:00,Footwear,Prepaid,Tier_1,1980.62,45.05,0,0,Delivered,,0,1,0.0,0.0,0.0,0.0
ORD_0001508,CUST_00130,2023-08-11 14:00:00,Footwear,COD,Tier_2,1985.38,24.92,0,0,Delivered,,0,0,0.0,0.0,0.0,0.0
ORD_0008518,CUST_02995,2023-08-11 15:00:00,Home,COD,Tier_3,520.14,29.32,0,0,Delivered,,0,0,0.0,0.0,0.0,0.0
ORD_0008941,CUST_05688,2023-08-11 15:00:00,Footwear,Prepaid,Tier_1,583.7,31.98,0,0,Delivered,,0,1,1.0,0.0,1.0,0.0
ORD_0008423,CUST_04008,2023-08-11 15:00:00,Footwear,Prepaid,Tier_3,402.5,45.14,0,1,Returned,Changed Mind,1,0,0.0,0.0,0.0,0.0
ORD_0005415,CUST_00417,2023-08-11 15:00:00,Electronics,COD,Tier_2,485.92,1.28,1,0,RTO,,1,1,0.0,0.0,0.0,0.0
ORD_0001764,CUST_01994,2023-08-11 15:00:00,Home,COD,Tier_1,869.43,17.08,0,0,Delivered,,0,1,0.0,1.0,0.0,1.0
ORD_0008813,CUST_02152,2023-08-11 17:00:00,Home,Prepaid,Tier_1,591.51,33.06,0,0,Delivered,,0,1,0.0,0.0,0.0,0.0
ORD_0005247,CUST_04087,2023-08-11 17:00:00,Footwear,COD,Tier_1,890.94,25.66,0,0,Delivered,,0,1,0.0,0.0,0.0,0.0
ORD_0009030,CUST_02575,2023-08-11 17:00:00,Home,COD,Tier_2,2101.42,8.18,0,0,Delivered,,0,1,0.0,1.0,0.0,1.0
ORD_0004803,CUST_05388,2023-08-11 18:00:00,Electronics,COD,Tier_3,917.12,21.16,1,0,RTO,,1,0,0.0,0.0,0.0,0.0
ORD_0001857,CUST_05852,2023-08-11 18:00:00,Footwear,Prepaid,Tier_3,1069.66,19.06,0,0,Delivered,,0,1,0.0,0.0,0.0,0.0
ORD_0000910,CUST_00989,2023-08-11 18:00:00,Beauty,COD,Tier_1,675.04,12.24,0,0,Delivered,,0,1,1.0,0.0,1.0,0.0
ORD_0002794,CUST_04404,2023-08-11 18:00:00,Home,COD,Tier_1,936.83,30.97,0,0,Delivered,,0,1,1.0,0.0,1.0,0.0
ORD_0009178,CUST_03994,2023-08-11 19:00:00,Home,COD,Tier_1,2013.84,15.02,0,1,Returned,Not as Expected,1,1,0.0,0.0,0.0,0.0
ORD_0005206,CUST_02797,2023-08-11 20:00:00,Fashion,Prepaid,Tier_2,648.24,42.02,0,1,Returned,Not as Expected,1,1,0.0,0.0,0.0,0.0
ORD_0005494,CUST_01727,2023-08-11 20:00:00,Home,COD,Tier_1,330.65,44.25,0,0,Delivered,,0,1,0.0,0.0,0.0,0.0
ORD_0008223,CUST_00524,2023-08-11 22:00:00,Footwear,COD,Tier_3,1320.76,21.69,0,0,Delivered,,0,0,0.0,0.0,0.0,0.0
ORD_0007974,CUST_00337,2023-08-11 22:00:00,Home,COD,Tier_2,411.21,49.03,0,0,Delivered,,0,1,0.0,1.0,0.0,1.0
ORD_0007186,CUST_02495,2023-08-11 22:00:00,Fashion,COD,Tier_2,3730.13,10.92,0,0,Delivered,,0,1,0.0,1.0,0.0,1.0
ORD_0004783,CUST_03315,2023-08-11 23:00:00,Footwear,COD,Tier_1,981.34,4.51,0,0,Delivered,,0,1,1.0,0.0,1.0,0.0
ORD_0001203,CUST_03875,2023-08-12 00:00:00,Electronics,COD,Tier_3,2734.14,49.11,0,1,Returned,Wrong Size,1,1,1.0,0.0,1.0,0.0
ORD_0003780,CUST_03907,2023-08-12 01:00:00,Electronics,COD,Tier_1,570.3,20.09,0,0,Delivered,,0,0,0.0,0.0,0.0,0.0
ORD_0003566,CUST_01130,2023-08-12 01:00:00,Electronics,COD,Tier_2,5954.67,31.6,0,1,Returned,Changed Mind,1,0,0.0,0.0,0.0,0.0
ORD_0003492,CUST_02712,2023-08-12 02:00:00,Home,Prepaid,Tier_2,556.95,3.27,0,0,Delivered,,0,0,0.0,0.0,0.0,0.0
ORD_0006835,CUST_05348,2023-08-12 02:00:00,Fashion,COD,Tier_1,4973.66,25.81,1,0,RTO,,1,0,0.0,0.0,0.0,0.0
ORD_0001331,CUST_05619,2023-08-12 02:00:00,Fashion,COD,Tier_3,3250.74,20.65,0,1,Returned,Changed Mind,1,2,1.0,1.0,0.5,0.5
ORD_0006277,CUST_05324,2023-08-12 04:00:00,Fashion,COD,Tier_3,389.74,40.52,1,0,RTO,,1,4,1.0,0.0,0.25,0.0
ORD_0008344,CUST_00355,2023-08-12 04:00:00,Fashion,COD,Tier_3,2237.7,45.08,0,0,Delivered,,0,0,0.0,0.0,0.0,0.0
ORD_0000641,CUST_03740,2023-08-12 04:00:00,Beauty,COD,Tier_3,4229.74,48.72,0,0,Delivered,,0,2,0.0,0.0,0.0,0.0
ORD_0002103,CUST_02825,2023-08-12 04:00:00,Beauty,Prepaid,Tier_2,394.02,3.74,0,0,Delivered,,0,0,0.0,0.0,0.0,0.0
ORD_0002282,CUST_01647,2023-08-12 05:00:00,Home,COD,Tier_1,1779.26,28.46,0,0,Delivered,,0,0,0.0,0.0,0.0,0.0
ORD_0009485,CUST_00740,2023-08-12 05:00:00,Fashion,Prepaid,Tier_2,949.28,2.03,0,1,Returned,Wrong Size,1,5,0.0,2.0,0.0,0.4
ORD_0004547,CUST_01370,2023-08-12 06:00:00,Home,COD,Tier_3,2178.13,36.16,0,0,Delivered,,0,0,0.0,0.0,0.0,0.0
ORD_0009802,CUST_03125,2023-08-12 11:00:00,Footwear,COD,Tier_2,941.93,32.73,0,1,Returned,Changed Mind,1,2,1.0,0.0,0.5,0.0
ORD_0005143,CUST_02627,2023-08-12 11:00:00,Footwear,Prepaid,Tier_1,1899.65,29.65,1,0,RTO,,1,1,0.0,0.0,0.0,0.0
ORD_0009765,CUST_01000,2023-08-12 13:00:00,Fashion,Prepaid,Tier_3,983.77,23.31,0,0,Delivered,,0,2,0.0,0.0,0.0,0.0
ORD_0002741,CUST_05483,2023-08-12 15:00:00,Fashion,COD,Tier_3,569.39,11.41,0,0,Delivered,,0,0,0.0,0.0,0.0,0.0
ORD_0008234,CUST_05558,2023-08-12 16:00:00,Footwear,COD,Tier_2,2822.93,16.76,0,0,Delivered,,0,1,0.0,1.0,0.0,1.0
ORD_0005688,CUST_04834,2023-08-12 16:00:00,Fashion,Prepaid,Tier_3,2556.75,37.73,0,0,Delivered,,0,0,0.0,0.0,0.0,0.0
ORD_0005386,CUST_01586,2023-08-12 16:00:00,Fashion,COD,Tier_2,3720.67,21.19,0,1,Returned,Wrong Size,1,2,2.0,0.0,1.0,0.0
ORD_0007633,CUST_02707,2023-08-12 18:00:00,Home,COD,Tier_1,2053.41,13.63,0,0,Delivered,,0,1,1.0,0.0,1.0,0.0
ORD_0000467,CUST_02045,2023-08-12 20:00:00,Fashion,Prepaid,Tier_3,796.17,0.72,0,0,Delivered,,0,2,1.0,1.0,0.5,0.5
ORD_0002398,CUST_04970,2023-08-12 20:00:00,Fashion,COD,Tier_3,1606.87,24.04,0,1,Returned,Not as Expected,1,1,0.0,1.0,0.0,1.0
ORD_0008290,CUST_03376,2023-08-12 20:00:00,Fashion,COD,Tier_2,1900.89,4.63,0,1,Returned,Defective,1,3,1.0,1.0,0.3333333333333333,0.3333333333333333
ORD_0004393,CUST_05902,2023-08-12 22:00:00,Fashion,COD,Tier_2,1105.01,0.35,0,0,Delivered,,0,0,0.0,0.0,0.0,0.0
ORD_0009836,CUST_03903,2023-08-12 22:00:00,Home,COD,Tier_2,1986.26,47.59,0,0,Delivered,,0,0,0.0,0.0,0.0,0.0
ORD_0000600,CUST_05073,2023-08-13 00:00:00,Fashion,COD,Tier_3,394.21,35.27,1,0,RTO,,1,1,0.0,1.0,0.0,1.0
ORD_0000310,CUST_03286,2023-08-13 01:00:00,Footwear,Prepaid,Tier_1,4480.96,33.28,0,0,Delivered,,0,0,0.0,0.0,0.0,0.0
ORD_0001666,CUST_01763,2023-08-13 03:00:00,Fashion,Prepaid,Tier_2,7032.05,8.56,1,0,RTO,,1,1,0.0,0.0,0.0,0.0
ORD_0002769,CUST_02514,2023-08-13 04:00:00,Fashion,Prepaid,Tier_1,1108.24,0.8,0,1,Returned,Wrong Size,1,1,0.0,0.0,0.0,0.0
ORD_0007061,CUST_05346,2023-08-13 06:00:00,Footwear,Prepaid,Tier_1,1039.38,46.37,0,0,Delivered,,0,0,0.0,0.0,0.0,0.0
ORD_0008267,CUST_01293,2023-08-13 06:00:00,Home,Prepaid,Tier_2,1226.19,35.27,0,0,Delivered,,0,2,0.0,2.0,0.0,1.0
ORD_0003067,CUST_02703,2023-08-13 06:00:00,Beauty,COD,Tier_1,760.93,20.65,1,0,RTO,,1,0,0.0,0.0,0.0,0.0
ORD_0006843,CUST_04296,2023-08-13 08:00:00,Footwear,Prepaid,Tier_3,883.48,19.71,1,0,RTO,,1,2,0.0,0.0,0.0,0.0
ORD_0004791,CUST_05952,2023-08-13 08:00:00,Electronics,COD,Tier_2,3243.54,31.2,0,0,Delivered,,0,0,0.0,0.0,0.0,0.0
ORD_0002610,CUST_02439,2023-08-13 09:00:00,Home,Prepaid,Tier_1,374.01,30.29,0,0,Delivered,,0,0,0.0,0.0,0.0,0.0
ORD_0006536,CUST_05231,2023-08-13 09:00:00,Fashion,COD,Tier_1,2546.91,25.73,0,0,Delivered,,0,1,0.0,0.0,0.0,0.0
ORD_0003737,CUST_05592,2023-08-13 09:00:00,Footwear,COD,Tier_2,319.37,44.01,0,0,Delivered,,0,1,0.0,1.0,0.0,1.0
ORD_0003455,CUST_02421,2023-08-13 10:00:00,Fashion,Prepaid,Tier_3,1212.82,3.9,0,0,Delivered,,0,1,0.0,0.0,0.0,0.0
ORD_0007509,CUST_02543,2023-08-13 14:00:00,Footwear,COD,Tier_3,2053.25,29.49,1,0,RTO,,1,3,0.0,0.0,0.0,0.0
ORD_0009245,CUST_04217,2023-08-13 14:00:00,Electronics,Prepaid,Tier_1,924.85,20.39,0,0,Delivered,,0,1,1.0,0.0,1.0,0.0
ORD_0000308,CUST_03944,2023-08-13 14:00:00,Footwear,COD,Tier_3,2819.36,32.89,1,0,RTO,,1,0,0.0,0.0,0.0,0.0
ORD_0008622,CUST_03648,2023-08-13 15:00:00,Fashion,COD,Tier_2,3238.01,7.57,1,0,RTO,,1,1,0.0,0.0,0.0,0.0
ORD_0008585,CUST_04066,2023-08-13 17:00:00,Beauty,COD,Tier_3,790.76,3.38,0,1,Returned,Changed Mind,1,0,0.0,0.0,0.0,0.0
ORD_0000073,CUST_02278,2023-08-13 18:00:00,Fashion,COD,Tier_3,649.57,27.24,1,0,RTO,,1,0,0.0,0.0,0.0,0.0
ORD_0003514,CUST_01760,2023-08-13 18:00:00,Fashion,COD,Tier_1,850.59,13.49,0,1,Returned,Defective,1,0,0.0,0.0,0.0,0.0
ORD_0003564,CUST_03427,2023-08-13 19:00:00,Footwear,Prepaid,Tier_2,1139.51,1.89,0,0,Delivered,,0,0,0.0,0.0,0.0,0.0
ORD_0009854,CUST_05542,2023-08-13 19:00:00,Fashion,COD,Tier_1,1587.33,10.55,0,0,Delivered,,0,0,0.0,0.0,0.0,0.0
ORD_0007016,CUST_01287,2023-08-13 20:00:00,Home,COD,Tier_2,922.38,42.98,0,0,Delivered,,0,2,0.0,0.0,0.0,0.0
ORD_0008166,CUST_00293,2023-08-13 21:00:00,Home,COD,Tier_1,1156.67,20.97,0,0,Delivered,,0,0,0.0,0.0,0.0,0.0
ORD_0000926,CUST_02319,2023-08-13 22:00:00,Fashion,Prepaid,Tier_2,336.78,17.34,0,0,Delivered,,0,2,0.0,0.0,0.0,0.0
ORD_0002176,CUST_05415,2023-08-13 23:00:00,Footwear,COD,Tier_2,2269.45,11.85,0,1,Returned,Defective,1,0,0.0,0.0,0.0,0.0
ORD_0002726,CUST_00116,2023-08-14 00:00:00,Electronics,Prepaid,Tier_2,1316.04,41.69,0,0,Delivered,,0,2,2.0,0.0,1.0,0.0
ORD_0008842,CUST_03900,2023-08-14 00:00:00,Footwear,COD,Tier_3,1876.28,19.0,0,0,Delivered,,0,1,0.0,1.0,0.0,1.0
ORD_0000754,CUST_03853,2023-08-14 01:00:00,Electronics,COD,Tier_3,4975.14,20.62,0,1,Returned,Changed Mind,1,0,0.0,0.0,0.0,0.0
ORD_0006338,CUST_00783,2023-08-14 01:00:00,Footwear,Prepaid,Tier_3,694.58,41.26,0,0,Delivered,,0,0,0.0,0.0,0.0,0.0
ORD_0000734,CUST_00223,2023-08-14 02:00:00,Footwear,COD,Tier_1,307.17,19.83,1,0,RTO,,1,0,0.0,0.0,0.0,0.0
ORD_0006735,CUST_00853,2023-08-14 02:00:00,Beauty,COD,Tier_2,1063.17,8.26,0,1,Returned,Wrong Size,1,0,0.0,0.0,0.0,0.0
ORD_0000683,CUST_01252,2023-08-14 02:00:00,Home,Prepaid,Tier_2,701.14,38.01,0,0,Delivered,,0,2,0.0,0.0,0.0,0.0
ORD_0006167,CUST_00444,2023-08-14 02:00:00,Fashion,COD,Tier_1,986.04,27.64,0,1,Returned,Defective,1,1,0.0,0.0,0.0,0.0
ORD_0001744,CUST_04717,2023-08-14 03:00:00,Home,COD,Tier_3,541.32,20.84,0,0,Delivered,,0,3,0.0,0.0,0.0,0.0
ORD_0008858,CUST_02928,2023-08-14 05:00:00,Fashion,Prepaid,Tier_1,553.38,45.44,0,0,Delivered,,0,2,0.0,0.0,0.0,0.0
ORD_0002132,CUST_00344,2023-08-14 06:00:00,Fashion,COD,Tier_3,1951.9,39.0,0,0,Delivered,,0,0,0.0,0.0,0.0,0.0
ORD_0001590,CUST_01251,2023-08-14 06:00:00,Fashion,Prepaid,Tier_2,939.66,39.26,0,1,Returned,Not as Expected,1,0,0.0,0.0,0.0,0.0
ORD_0004732,CUST_01788,2023-08-14 07:00:00,Fashion,COD,Tier_3,1284.24,5.56,0,0,Delivered,,0,0,0.0,0.0,0.0,0.0
ORD_0006692,CUST_05235,2023-08-14 07:00:00,Fashion,Prepaid,Tier_3,331.19,23.13,0,0,Delivered,,0,3,0.0,2.0,0.0,0.6666666666666666
ORD_0006583,CUST_01907,2023-08-14 08:00:00,Home,COD,Tier_2,533.87,46.35,0,0,Delivered,,0,2,0.0,0.0,0.0,0.0
ORD_0008883,CUST_02467,2023-08-14 09:00:00,Beauty,COD,Tier_1,1044.88,46.15,0,0,Delivered,,0,0,0.0,0.0,0.0,0.0
ORD_0009699,CUST_04236,2023-08-14 09:00:00,Fashion,COD,Tier_2,1716.0,37.94,0,1,Returned,Not as Expected,1,2,0.0,0.0,0.0,0.0
ORD_0004643,CUST_03336,2023-08-14 11:00:00,Home,COD,Tier_1,4815.8,23.1,0,0,Delivered,,0,1,1.0,0.0,1.0,0.0
ORD_0001477,CUST_00415,2023-08-14 11:00:00,Fashion,Prepaid,Tier_3,3139.18,35.24,0,0,Delivered,,0,2,1.0,0.0,0.5,0.0
ORD_0006538,CUST_01628,2023-08-14 15:00:00,Home,COD,Tier_3,617.23,41.33,0,0,Delivered,,0,1,1.0,0.0,1.0,0.0
ORD_0000140,CUST_05141,2023-08-14 15:00:00,Footwear,Prepaid,Tier_2,1319.65,45.81,0,0,Delivered,,0,2,1.0,0.0,0.5,0.0
ORD_0001964,CUST_03639,2023-08-14 16:00:00,Fashion,COD,Tier_1,592.33,5.45,0,0,Delivered,,0,1,0.0,0.0,0.0,0.0
ORD_0000414,CUST_00877,2023-08-14 16:00:00,Electronics,COD,Tier_2,7318.1,30.62,0,0,Delivered,,0,2,0.0,0.0,0.0,0.0
ORD_0008279,CUST_03410,2023-08-14 17:00:00,Footwear,COD,Tier_3,1685.39,24.25,0,0,Delivered,,0,2,0.0,0.0,0.0,0.0
ORD_0000093,CUST_01339,2023-08-14 18:00:00,Footwear,Prepaid,Tier_3,5307.98,30.42,0,0,Delivered,,0,1,0.0,0.0,0.0,0.0
ORD_0000023,CUST_05866,2023-08-14 18:00:00,Electronics,COD,Tier_3,603.42,30.3,1,0,RTO,,1,1,1.0,0.0,1.0,0.0
ORD_0000952,CUST_03922,2023-08-14 19:00:00,Electronics,COD,Tier_3,633.46,30.01,0,0,Delivered,,0,2,2.0,0.0,1.0,0.0
ORD_0004861,CUST_05170,2023-08-14 19:00:00,Home,Prepaid,Tier_1,924.88,9.62,0,0,Delivered,,0,2,0.0,0.0,0.0,0.0
ORD_0003736,CUST_02816,2023-08-14 21:00:00,Beauty,COD,Tier_2,2356.04,19.52,0,0,Delivered,,0,0,0.0,0.0,0.0,0.0
ORD_0009448,CUST_03472,2023-08-15 01:00:00,Footwear,Prepaid,Tier_3,361.71,11.26,0,0,Delivered,,0,0,0.0,0.0,0.0,0.0
ORD_0003972,CUST_05836,2023-08-15 02:00:00,Footwear,COD,Tier_1,583.43,17.5,0,0,Delivered,,0,1,0.0,0.0,0.0,0.0
ORD_0007240,CUST_04192,2023-08-15 02:00:00,Footwear,Prepaid,Tier_2,673.56,30.82,0,1,Returned,Changed Mind,1,1,1.0,0.0,1.0,0.0
ORD_0007019,CUST_05606,2023-08-15 03:00:00,Home,COD,Tier_3,386.22,35.05,0,0,Delivered,,0,1,0.0,0.0,0.0,0.0
ORD_0000037,CUST_02277,2023-08-15 04:00:00,Footwear,Prepaid,Tier_2,1770.47,24.92,0,0,Delivered,,0,2,1.0,1.0,0.5,0.5
ORD_0004452,CUST_04425,2023-08-15 06:00:00,Fashion,Prepaid,Tier_3,542.27,36.86,1,0,RTO,,1,1,0.0,0.0,0.0,0.0
ORD_0002943,CUST_01174,2023-08-15 06:00:00,Beauty,COD,Tier_2,2902.11,40.93,0,0,Delivered,,0,3,0.0,0.0,0.0,0.0
ORD_0008821,CUST_02357,2023-08-15 07:00:00,Fashion,COD,Tier_1,931.68,43.67,0,0,Delivered,,0,3,1.0,0.0,0.3333333333333333,0.0
ORD_0009180,CUST_04661,2023-08-15 07:00:00,Fashion,COD,Tier_2,680.88,16.53,0,0,Delivered,,0,2,1.0,0.0,0.5,0.0
ORD_0002817,CUST_02688,2023-08-15 08:00:00,Fashion,Prepaid,Tier_2,1618.8,32.63,0,0,Delivered,,0,0,0.0,0.0,0.0,0.0
ORD_0001923,CUST_03469,2023-08-15 08:00:00,Fashion,Prepaid,Tier_1,1987.13,5.93,0,1,Returned,Defective,1,0,0.0,0.0,0.0,0.0
ORD_0002430,CUST_01556,2023-08-15 09:00:00,Electronics,COD,Tier_1,436.34,18.22,0,1,Returned,Not as Expected,1,2,0.0,0.0,0.0,0.0
ORD_0002641,CUST_03925,2023-08-15 10:00:00,Home,Prepaid,Tier_1,1427.97,6.53,0,0,Delivered,,0,2,0.0,0.0,0.0,0.0
ORD_0002487,CUST_03227,2023-08-15 11:00:00,Electronics,COD,Tier_1,1541.79,18.71,0,0,Delivered,,0,0,0.0,0.0,0.0,0.0
ORD_0002351,CUST_01382,2023-08-15 12:00:00,Fashion,COD,Tier_2,1285.12,20.51,0,0,Delivered,,0,1,0.0,0.0,0.0,0.0
ORD_0003167,CUST_03090,2023-08-15 15:00:00,Home,COD,Tier_3,4579.44,49.93,1,0,RTO,,1,1,0.0,0.0,0.0,0.0
ORD_0005403,CUST_01319,2023-08-15 16:00:00,Fashion,COD,Tier_3,3090.08,42.9,1,0,RTO,,1,3,2.0,0.0,0.6666666666666666,0.0
ORD_0009962,CUST_00917,2023-08-15 16:00:00,Footwear,Prepaid,Tier_1,1408.61,7.66,0,0,Delivered,,0,3,1.0,0.0,0.3333333333333333,0.0
ORD_0008792,CUST_03786,2023-08-15 17:00:00,Home,COD,Tier_1,1764.49,13.86,1,0,RTO,,1,2,1.0,0.0,0.5,0.0
ORD_0002968,CUST_03345,2023-08-15 18:00:00,Footwear,COD,Tier_1,616.72,0.03,0,1,Returned,Changed Mind,1,1,0.0,0.0,0.0,0.0
ORD_0000133,CUST_01134,2023-08-15 19:00:00,Footwear,Prepaid,Tier_1,942.71,41.13,0,0,Delivered,,0,2,0.0,1.0,0.0,0.5
ORD_0009733,CUST_00922,2023-08-15 21:00:00,Fashion,COD,Tier_2,3912.64,15.0,0,0,Delivered,,0,1,0.0,0.0,0.0,0.0
ORD_0006574,CUST_00490,2023-08-15 21:00:00,Home,COD,Tier_3,560.77,23.31,1,0,RTO,,1,0,0.0,0.0,0.0,0.0
ORD_0009055,CUST_04538,2023-08-15 22:00:00,Footwear,Prepaid,Tier_3,541.71,11.34,1,0,RTO,,1,1,0.0,0.0,0.0,0.0
ORD_0002273,CUST_05832,2023-08-16 01:00:00,Electronics,Prepaid,Tier_2,673.25,40.78,0,0,Delivered,,0,3,1.0,1.0,0.3333333333333333,0.3333333333333333
ORD_0003628,CUST_00341,2023-08-16 02:00:00,Footwear,COD,Tier_1,752.9,5.79,0,0,Delivered,,0,0,0.0,0.0,0.0,0.0
ORD_0000916,CUST_05654,2023-08-16 02:00:00,Beauty,Prepaid,Tier_3,2407.34,28.17,0,0,Delivered,,0,0,0.0,0.0,0.0,0.0
ORD_0001846,CUST_05340,2023-08-16 04:00:00,Electronics,Prepaid,Tier_3,317.77,15.46,0,0,Delivered,,0,1,0.0,0.0,0.0,0.0
ORD_0003360,CUST_01986,2023-08-16 05:00:00,Home,COD,Tier_2,1894.08,48.05,0,0,Delivered,,0,0,0.0,0.0,0.0,0.0
ORD_0001439,CUST_03434,2023-08-16 05:00:00,Fashion,COD,Tier_2,441.1,25.92,0,0,Delivered,,0,0,0.0,0.0,0.0,0.0
ORD_0006030,CUST_05522,2023-08-16 05:00:00,Fashion,Prepaid,Tier_2,1133.41,12.19,0,0,Delivered,,0,2,0.0,0.0,0.0,0.0
ORD_0001763,CUST_00868,2023-08-16 06:00:00,Fashion,COD,Tier_1,10049.76,3.68,0,0,Delivered,,0,0,0.0,0.0,0.0,0.0
ORD_0006851,CUST_05717,2023-08-16 06:00:00,Electronics,COD,Tier_3,3413.16,25.46,0,0,Delivered,,0,1,0.0,1.0,0.0,1.0
ORD_0009498,CUST_04028,2023-08-16 06:00:00,Fashion,COD,Tier_3,1333.59,39.44,0,1,Returned,Changed Mind,1,2,1.0,0.0,0.5,0.0
ORD_0007558,CUST_05104,2023-08-16 06:00:00,Beauty,Prepaid,Tier_2,506.27,29.07,1,0,RTO,,1,1,0.0,0.0,0.0,0.0
ORD_0009189,CUST_03899,2023-08-16 06:00:00,Fashion,Prepaid,Tier_2,6158.92,35.63,0,0,Delivered,,0,1,0.0,1.0,0.0,1.0
ORD_0002117,CUST_05609,2023-08-16 07:00:00,Home,COD,Tier_2,3456.03,1.12,0,0,Delivered,,0,1,0.0,0.0,0.0,0.0
ORD_0002212,CUST_01934,2023-08-16 07:00:00,Fashion,COD,Tier_2,534.49,30.97,0,1,Returned,Wrong Size,1,0,0.0,0.0,0.0,0.0
ORD_0001417,CUST_03804,2023-08-16 09:00:00,Fashion,COD,Tier_2,1474.22,47.33,1,0,RTO,,1,2,0.0,0.0,0.0,0.0
ORD_0002951,CUST_04561,2023-08-16 10:00:00,Footwear,COD,Tier_1,1759.21,16.91,0,0,Delivered,,0,1,0.0,0.0,0.0,0.0
ORD_0005350,CUST_05534,2023-08-16 10:00:00,Beauty,Prepaid,Tier_1,1441.79,47.98,0,0,Delivered,,0,1,0.0,0.0,0.0,0.0
ORD_0000038,CUST_01274,2023-08-16 11:00:00,Fashion,Prepaid,Tier_3,1225.69,21.46,0,0,Delivered,,0,1,0.0,0.0,0.0,0.0
ORD_0000839,CUST_03569,2023-08-16 11:00:00,Home,COD,Tier_3,1594.45,48.09,0,0,Delivered,,0,0,0.0,0.0,0.0,0.0
ORD_0008408,CUST_01403,2023-08-16 11:00:00,Beauty,COD,Tier_2,1152.87,3.77,0,0,Delivered,,0,1,0.0,0.0,0.0,0.0
ORD_0007185,CUST_03261,2023-08-16 12:00:00,Footwear,COD,Tier_1,1729.64,49.96,0,0,Delivered,,0,1,0.0,0.0,0.0,0.0
ORD_0009077,CUST_01175,2023-08-16 12:00:00,Electronics,COD,Tier_2,484.59,5.08,0,0,Delivered,,0,0,0.0,0.0,0.0,0.0
ORD_0003712,CUST_00021,2023-08-16 12:00:00,Footwear,COD,Tier_1,931.17,27.03,0,0,Delivered,,0,1,0.0,1.0,0.0,1.0
ORD_0000676,CUST_04425,2023-08-16 13:00:00,Fashion,COD,Tier_1,726.62,44.12,0,0,Delivered,,0,2,0.0,1.0,0.0,0.5
ORD_0006209,CUST_03434,2023-08-16 13:00:00,Fashion,COD,Tier_3,599.3,48.44,0,1,Returned,Not as Expected,1,1,0.0,0.0,0.0,0.0
ORD_0008366,CUST_00903,2023-08-16 14:00:00,Footwear,COD,Tier_1,871.88,5.03,1,0,RTO,,1,0,0.0,0.0,0.0,0.0
ORD_0009950,CUST_02956,2023-08-16 14:00:00,Fashion,Prepaid,Tier_2,3294.65,41.67,0,0,Delivered,,0,1,0.0,0.0,0.0,0.0
ORD_0008756,CUST_02524,2023-08-16 14:00:00,Footwear,Prepaid,Tier_2,1251.18,13.52,0,0,Delivered,,0,1,0.0,1.0,0.0,1.0
ORD_0008665,CUST_00285,2023-08-16 16:00:00,Fashion,COD,Tier_1,1186.2,33.02,0,0,Delivered,,0,1,0.0,0.0,0.0,0.0
ORD_0007595,CUST_04856,2023-08-16 16:00:00,Fashion,COD,Tier_3,1491.31,22.95,0,0,Delivered,,0,1,0.0,0.0,0.0,0.0
ORD_0002829,CUST_00456,2023-08-16 17:00:00,Home,Prepaid,Tier_2,928.85,6.15,0,0,Delivered,,0,0,0.0,0.0,0.0,0.0
ORD_0006033,CUST_01960,2023-08-16 17:00:00,Footwear,COD,Tier_2,459.25,46.1,1,0,RTO,,1,1,0.0,1.0,0.0,1.0
ORD_0002007,CUST_01819,2023-08-16 18:00:00,Beauty,COD,Tier_2,2260.86,33.39,1,0,RTO,,1,1,0.0,1.0,0.0,1.0
ORD_0002805,CUST_02964,2023-08-16 19:00:00,Fashion,COD,Tier_2,2300.4,10.28,0,0,Delivered,,0,2,0.0,0.0,0.0,0.0
ORD_0001863,CUST_02030,2023-08-16 21:00:00,Fashion,COD,Tier_3,521.09,24.12,0,0,Delivered,,0,1,1.0,0.0,1.0,0.0
ORD_0003072,CUST_04091,2023-08-16 21:00:00,Fashion,COD,Tier_3,1122.92,47.04,1,0,RTO,,1,0,0.0,0.0,0.0,0.0
ORD_0002243,CUST_00965,2023-08-16 22:00:00,Footwear,Prepaid,Tier_3,3070.03,42.95,0,0,Delivered,,0,1,0.0,0.0,0.0,0.0
ORD_0001131,CUST_03971,2023-08-16 23:00:00,Footwear,Prepaid,Tier_1,2007.17,35.31,0,1,Returned,Defective,1,0,0.0,0.0,0.0,0.0
ORD_0002384,CUST_05612,2023-08-16 23:00:00,Footwear,COD,Tier_1,303.8,9.03,0,0,Delivered,,0,1,1.0,0.0,1.0,0.0
ORD_0009350,CUST_03567,2023-08-16 23:00:00,Footwear,COD,Tier_2,1409.36,9.77,1,0,RTO,,1,3,0.0,1.0,0.0,0.3333333333333333
ORD_0008010,CUST_00801,2023-08-17 02:00:00,Fashion,COD,Tier_1,4321.92,22.72,0,1,Returned,Wrong Size,1,2,0.0,0.0,0.0,0.0
ORD_0007301,CUST_00452,2023-08-17 03:00:00,Footwear,COD,Tier_2,1288.98,30.64,0,0,Delivered,,0,0,0.0,0.0,0.0,0.0
ORD_0002717,CUST_00923,2023-08-17 03:00:00,Home,COD,Tier_1,721.2,28.82,0,0,Delivered,,0,0,0.0,0.0,0.0,0.0
ORD_0001015,CUST_02361,2023-08-17 04:00:00,Fashion,COD,Tier_3,1064.66,11.0,1,0,RTO,,1,1,0.0,0.0,0.0,0.0
ORD_0000518,CUST_04757,2023-08-17 06:00:00,Home,COD,Tier_2,2214.45,39.12,0,0,Delivered,,0,1,0.0,0.0,0.0,0.0
ORD_0000072,CUST_03114,2023-08-17 06:00:00,Beauty,COD,Tier_1,1258.74,1.46,0,0,Delivered,,0,2,0.0,1.0,0.0,0.5
ORD_0001081,CUST_03571,2023-08-17 06:00:00,Electronics,Prepaid,Tier_1,1668.8,34.47,0,1,Returned,Changed Mind,1,1,0.0,0.0,0.0,0.0
ORD_0004901,CUST_02821,2023-08-17 07:00:00,Footwear,COD,Tier_2,619.97,41.14,0,0,Delivered,,0,3,0.0,2.0,0.0,0.6666666666666666
ORD_0003054,CUST_04609,2023-08-17 07:00:00,Footwear,Prepaid,Tier_3,566.77,17.11,0,0,Delivered,,0,0,0.0,0.0,0.0,0.0
ORD_0007368,CUST_03499,2023-08-17 09:00:00,Fashion,Prepaid,Tier_3,2536.04,6.29,1,0,RTO,,1,1,0.0,1.0,0.0,1.0
ORD_0006999,CUST_04892,2023-08-17 10:00:00,Fashion,COD,Tier_1,2048.57,28.56,1,0,RTO,,1,2,1.0,1.0,0.5,0.5
ORD_0006955,CUST_03957,2023-08-17 11:00:00,Home,COD,Tier_3,646.65,0.63,0,1,Returned,Wrong Size,1,2,0.0,0.0,0.0,0.0
ORD_0007977,CUST_05222,2023-08-17 12:00:00,Fashion,COD,Tier_3,419.38,35.36,0,1,Returned,Changed Mind,1,0,0.0,0.0,0.0,0.0
ORD_0009900,CUST_04125,2023-08-17 13:00:00,Fashion,Prepaid,Tier_3,1750.12,0.35,0,1,Returned,Changed Mind,1,0,0.0,0.0,0.0,0.0
ORD_0006634,CUST_02983,2023-08-17 14:00:00,Beauty,COD,Tier_1,2020.84,30.59,0,0,Delivered,,0,0,0.0,0.0,0.0,0.0
ORD_0000997,CUST_02168,2023-08-17 18:00:00,Footwear,COD,Tier_2,3869.44,19.43,0,0,Delivered,,0,1,1.0,0.0,1.0,0.0
ORD_0008351,CUST_03974,2023-08-17 20:00:00,Electronics,Prepaid,Tier_1,1465.39,12.59,0,0,Delivered,,0,1,0.0,1.0,0.0,1.0
ORD_0008578,CUST_00631,2023-08-17 21:00:00,Home,COD,Tier_3,2970.26,25.13,1,0,RTO,,1,1,0.0,0.0,0.0,0.0
ORD_0001465,CUST_03262,2023-08-17 21:00:00,Electronics,Prepaid,Tier_1,1831.47,5.84,0,0,Delivered,,0,0,0.0,0.0,0.0,0.0
ORD_0004575,CUST_05105,2023-08-18 00:00:00,Fashion,COD,Tier_3,3029.78,18.34,0,1,Returned,Not as Expected,1,0,0.0,0.0,0.0,0.0
ORD_0001840,CUST_03791,2023-08-18 01:00:00,Fashion,COD,Tier_3,3885.71,23.3,1,0,RTO,,1,1,0.0,0.0,0.0,0.0
ORD_0003725,CUST_01736,2023-08-18 01:00:00,Electronics,Prepaid,Tier_3,515.36,26.99,0,0,Delivered,,0,3,1.0,1.0,0.3333333333333333,0.3333333333333333
ORD_0005364,CUST_03175,2023-08-18 02:00:00,Fashion,COD,Tier_2,914.1,36.75,0,0,Delivered,,0,1,0.0,0.0,0.0,0.0
ORD_0003395,CUST_03089,2023-08-18 03:00:00,Electronics,Prepaid,Tier_1,766.2,33.46,0,0,Delivered,,0,0,0.0,0.0,0.0,0.0
ORD_0001545,CUST_00662,2023-08-18 04:00:00,Beauty,Prepaid,Tier_1,2114.62,1.0,1,0,RTO,,1,1,1.0,0.0,1.0,0.0
ORD_0002807,CUST_04622,2023-08-18 04:00:00,Fashion,Prepaid,Tier_2,1031.24,30.65,1,0,RTO,,1,0,0.0,0.0,0.0,0.0
ORD_0009046,CUST_00948,2023-08-18 05:00:00,Beauty,Prepaid,Tier_2,770.98,19.94,0,0,Delivered,,0,0,0.0,0.0,0.0,0.0
ORD_0006256,CUST_03904,2023-08-18 06:00:00,Fashion,COD,Tier_2,724.13,22.35,0,0,Delivered,,0,0,0.0,0.0,0.0,0.0
ORD_0008127,CUST_00993,2023-08-18 07:00:00,Fashion,Prepaid,Tier_1,1245.05,3.18,0,1,Returned,Changed Mind,1,0,0.0,0.0,0.0,0.0
ORD_0008399,CUST_05671,2023-08-18 07:00:00,Fashion,COD,Tier_2,974.83,21.96,1,0,RTO,,1,0,0.0,0.0,0.0,0.0
ORD_0001902,CUST_05375,2023-08-18 07:00:00,Fashion,COD,Tier_2,808.77,13.19,1,0,RTO,,1,1,0.0,0.0,0.0,0.0
ORD_0006346,CUST_00682,2023-08-18 08:00:00,Footwear,Prepaid,Tier_3,2078.78,31.51,0,0,Delivered,,0,0,0.0,0.0,0.0,0.0
ORD_0009149,CUST_02144,2023-08-18 12:00:00,Electronics,Prepaid,Tier_2,3422.84,46.73,0,1,Returned,Changed Mind,1,1,1.0,0.0,1.0,0.0
ORD_0001810,CUST_02648,2023-08-18 12:00:00,Footwear,COD,Tier_3,906.28,26.86,1,0,RTO,,1,1,0.0,0.0,0.0,0.0
ORD_0006114,CUST_00762,2023-08-18 12:00:00,Footwear,COD,Tier_2,2071.88,31.52,0,0,Delivered,,0,1,0.0,0.0,0.0,0.0
ORD_0009437,CUST_03346,2023-08-18 13:00:00,Fashion,COD,Tier_2,505.75,18.51,0,1,Returned,Changed Mind,1,1,0.0,0.0,0.0,0.0
ORD_0008873,CUST_01588,2023-08-18 14:00:00,Fashion,COD,Tier_3,4216.35,6.02,0,0,Delivered,,0,0,0.0,0.0,0.0,0.0
ORD_0009025,CUST_01756,2023-08-18 15:00:00,Fashion,COD,Tier_2,2808.09,7.33,0,0,Delivered,,0,0,0.0,0.0,0.0,0.0
ORD_0001422,CUST_00956,2023-08-18 16:00:00,Footwear,COD,Tier_2,3837.42,37.47,1,0,RTO,,1,1,0.0,0.0,0.0,0.0
ORD_0008768,CUST_03473,2023-08-18 17:00:00,Fashion,COD,Tier_1,2421.62,49.75,0,0,Delivered,,0,0,0.0,0.0,0.0,0.0
ORD_0006726,CUST_00865,2023-08-18 18:00:00,Fashion,Prepaid,Tier_3,2197.48,9.73,0,0,Delivered,,0,0,0.0,0.0,0.0,0.0
ORD_0000018,CUST_04140,2023-08-18 18:00:00,Electronics,COD,Tier_1,1748.02,8.19,0,0,Delivered,,0,0,0.0,0.0,0.0,0.0
ORD_0009693,CUST_02954,2023-08-18 18:00:00,Footwear,Prepaid,Tier_2,6478.01,30.23,0,1,Returned,Not as Expected,1,0,0.0,0.0,0.0,0.0
ORD_0006532,CUST_04268,2023-08-18 19:00:00,Footwear,COD,Tier_3,2753.53,30.0,1,0,RTO,,1,1,0.0,0.0,0.0,0.0
ORD_0009161,CUST_03083,2023-08-18 20:00:00,Beauty,COD,Tier_3,968.59,12.75,1,0,RTO,,1,2,0.0,1.0,0.0,0.5
ORD_0006121,CUST_03904,2023-08-18 20:00:00,Beauty,COD,Tier_1,4285.77,39.14,0,0,Delivered,,0,1,0.0,0.0,0.0,0.0
ORD_0002486,CUST_00793,2023-08-18 22:00:00,Fashion,COD,Tier_1,736.51,9.46,1,0,RTO,,1,2,0.0,1.0,0.0,0.5
ORD_0009063,CUST_03011,2023-08-18 23:00:00,Electronics,COD,Tier_1,3496.83,16.42,0,0,Delivered,,0,1,0.0,0.0,0.0,0.0
ORD_0005749,CUST_00846,2023-08-18 23:00:00,Beauty,Prepaid,Tier_2,726.62,46.41,0,0,Delivered,,0,1,0.0,0.0,0.0,0.0
ORD_0002109,CUST_02724,2023-08-18 23:00:00,Footwear,Prepaid,Tier_1,7362.27,10.39,0,0,Delivered,,0,0,0.0,0.0,0.0,0.0
ORD_0007890,CUST_01386,2023-08-19 00:00:00,Footwear,COD,Tier_2,1774.86,4.43,1,0,RTO,,1,0,0.0,0.0,0.0,0.0
ORD_0009313,CUST_03395,2023-08-19 00:00:00,Electronics,Prepaid,Tier_1,4262.08,6.42,0,0,Delivered,,0,0,0.0,0.0,0.0,0.0
ORD_0005159,CUST_03671,2023-08-19 00:00:00,Fashion,Prepaid,Tier_1,694.4,10.6,0,0,Delivered,,0,0,0.0,0.0,0.0,0.0
ORD_0002128,CUST_02404,2023-08-19 01:00:00,Footwear,COD,Tier_2,738.81,17.92,1,0,RTO,,1,1,0.0,0.0,0.0,0.0
ORD_0000882,CUST_05832,2023-08-19 02:00:00,Beauty,Prepaid,Tier_3,1245.08,29.35,0,0,Delivered,,0,4,1.0,1.0,0.25,0.25
ORD_0008226,CUST_04073,2023-08-19 02:00:00,Fashion,COD,Tier_3,1240.89,44.91,1,0,RTO,,1,0,0.0,0.0,0.0,0.0
ORD_0002758,CUST_04694,2023-08-19 02:00:00,Footwear,COD,Tier_2,967.69,13.87,1,0,RTO,,1,0,0.0,0.0,0.0,0.0
ORD_0004276,CUST_02940,2023-08-19 02:00:00,Home,Prepaid,Tier_3,3029.11,10.38,0,1,Returned,Wrong Size,1,1,0.0,1.0,0.0,1.0
ORD_0002920,CUST_05762,2023-08-19 03:00:00,Fashion,COD,Tier_3,3051.95,0.44,0,0,Delivered,,0,3,0.0,1.0,0.0,0.3333333333333333
ORD_0002867,CUST_03068,2023-08-19 03:00:00,Beauty,COD,Tier_3,1597.99,18.84,0,0,Delivered,,0,0,0.0,0.0,0.0,0.0
ORD_0005319,CUST_03420,2023-08-19 03:00:00,Fashion,COD,Tier_2,326.16,6.05,1,0,RTO,,1,0,0.0,0.0,0.0,0.0
ORD_0009473,CUST_05740,2023-08-19 04:00:00,Electronics,Prepaid,Tier_2,1058.39,31.94,0,0,Delivered,,0,1,0.0,0.0,0.0,0.0
ORD_0008268,CUST_00129,2023-08-19 05:00:00,Fashion,Prepaid,Tier_3,1159.5,9.67,0,0,Delivered,,0,3,0.0,0.0,0.0,0.0
ORD_0006581,CUST_01031,2023-08-19 05:00:00,Fashion,Prepaid,Tier_1,2217.45,8.16,0,0,Delivered,,0,0,0.0,0.0,0.0,0.0
ORD_0004221,CUST_00719,2023-08-19 06:00:00,Beauty,COD,Tier_2,3109.06,48.93,0,0,Delivered,,0,2,0.0,0.0,0.0,0.0
ORD_0007906,CUST_05045,2023-08-19 06:00:00,Fashion,Prepaid,Tier_1,2486.64,40.0,0,1,Returned,Changed Mind,1,0,0.0,0.0,0.0,0.0
ORD_0004176,CUST_04802,2023-08-19 10:00:00,Fashion,Prepaid,Tier_2,1676.2,20.89,0,0,Delivered,,0,1,0.0,0.0,0.0,0.0
ORD_0008192,CUST_05467,2023-08-19 11:00:00,Fashion,COD,Tier_1,1056.69,33.48,0,0,Delivered,,0,0,0.0,0.0,0.0,0.0
ORD_0008592,CUST_03413,2023-08-19 12:00:00,Footwear,COD,Tier_2,723.67,39.75,0,0,Delivered,,0,4,1.0,1.0,0.25,0.25
ORD_0007992,CUST_05532,2023-08-19 12:00:00,Beauty,Prepaid,Tier_2,621.96,46.85,0,0,Delivered,,0,2,1.0,0.0,0.5,0.0
ORD_0004058,CUST_05210,2023-08-19 12:00:00,Home,COD,Tier_3,5359.34,31.1,0,0,Delivered,,0,0,0.0,0.0,0.0,0.0
ORD_0001290,CUST_03778,2023-08-19 13:00:00,Fashion,COD,Tier_2,963.02,2.44,1,0,RTO,,1,1,1.0,0.0,1.0,0.0
ORD_0000972,CUST_00698,2023-08-19 14:00:00,Fashion,COD,Tier_3,2444.58,18.68,0,0,Delivered,,0,0,0.0,0.0,0.0,0.0
ORD_0001213,CUST_04115,2023-08-19 15:00:00,Home,COD,Tier_2,1735.41,18.85,0,0,Delivered,,0,1,1.0,0.0,1.0,0.0
ORD_0001038,CUST_01360,2023-08-19 16:00:00,Footwear,COD,Tier_3,351.28,19.76,0,1,Returned,Wrong Size,1,2,0.0,0.0,0.0,0.0
ORD_0005239,CUST_04824,2023-08-19 17:00:00,Electronics,COD,Tier_3,4512.92,13.41,0,0,Delivered,,0,1,0.0,0.0,0.0,0.0
ORD_0000254,CUST_01756,2023-08-19 18:00:00,Fashion,COD,Tier_2,1138.28,13.18,1,0,RTO,,1,1,0.0,0.0,0.0,0.0
ORD_0008532,CUST_01134,2023-08-19 19:00:00,Fashion,COD,Tier_3,1147.52,11.43,0,0,Delivered,,0,3,0.0,1.0,0.0,0.3333333333333333
ORD_0004842,CUST_03127,2023-08-19 20:00:00,Footwear,Prepaid,Tier_2,866.64,42.62,0,0,Delivered,,0,1,0.0,0.0,0.0,0.0
ORD_0004192,CUST_04702,2023-08-19 20:00:00,Electronics,COD,Tier_2,1350.43,17.93,0,0,Delivered,,0,1,0.0,1.0,0.0,1.0
ORD_0006917,CUST_01387,2023-08-19 21:00:00,Fashion,COD,Tier_3,1072.18,13.29,0,0,Delivered,,0,0,0.0,0.0,0.0,0.0
ORD_0000101,CUST_05609,2023-08-19 22:00:00,Footwear,Prepaid,Tier_3,3106.1,15.65,1,0,RTO,,1,2,0.0,0.0,0.0,0.0
ORD_0009648,CUST_00482,2023-08-19 22:00:00,Fashion,Prepaid,Tier_2,3386.0,16.09,0,0,Delivered,,0,1,0.0,0.0,0.0,0.0
ORD_0006508,CUST_00104,2023-08-19 23:00:00,Fashion,COD,Tier_1,1485.33,13.67,0,0,Delivered,,0,1,0.0,0.0,0.0,0.0
ORD_0007887,CUST_05156,2023-08-19 23:00:00,Electronics,COD,Tier_2,706.96,22.69,0,0,Delivered,,0,0,0.0,0.0,0.0,0.0
ORD_0006671,CUST_05258,2023-08-20 00:00:00,Electronics,COD,Tier_2,496.31,21.97,1,0,RTO,,1,0,0.0,0.0,0.0,0.0
ORD_0003412,CUST_05228,2023-08-20 01:00:00,Home,COD,Tier_2,2132.1,10.36,0,0,Delivered,,0,1,0.0,0.0,0.0,0.0
ORD_0007243,CUST_03103,2023-08-20 02:00:00,Fashion,COD,Tier_3,3446.7,47.99,0,0,Delivered,,0,1,0.0,0.0,0.0,0.0
ORD_0002513,CUST_02610,2023-08-20 03:00:00,Home,COD,Tier_1,498.12,21.33,0,0,Delivered,,0,0,0.0,0.0,0.0,0.0
ORD_0001322,CUST_02424,2023-08-20 03:00:00,Electronics,Prepaid,Tier_1,3484.96,47.7,0,0,Delivered,,0,1,0.0,0.0,0.0,0.0
ORD_0001137,CUST_05815,2023-08-20 04:00:00,Fashion,COD,Tier_2,399.38,14.5,0,1,Returned,Wrong Size,1,0,0.0,0.0,0.0,0.0
ORD_0006768,CUST_03253,2023-08-20 04:00:00,Footwear,COD,Tier_2,4946.34,26.72,1,0,RTO,,1,3,0.0,1.0,0.0,0.3333333333333333
ORD_0005780,CUST_03604,2023-08-20 05:00:00,Electronics,Prepaid,Tier_1,543.61,17.15,0,0,Delivered,,0,0,0.0,0.0,0.0,0.0
ORD_0003251,CUST_02420,2023-08-20 08:00:00,Fashion,Prepaid,Tier_3,846.24,49.0,1,0,RTO,,1,1,0.0,0.0,0.0,0.0
ORD_0007580,CUST_00416,2023-08-20 09:00:00,Fashion,Prepaid,Tier_1,1102.99,15.36,0,0,Delivered,,0,1,0.0,0.0,0.0,0.0
ORD_0001901,CUST_02542,2023-08-20 09:00:00,Electronics,COD,Tier_2,325.65,31.05,0,0,Delivered,,0,1,0.0,0.0,0.0,0.0
ORD_0008875,CUST_01502,2023-08-20 09:00:00,Fashion,COD,Tier_2,1241.16,33.09,0,0,Delivered,,0,0,0.0,0.0,0.0,0.0
ORD_0000232,CUST_02770,2023-08-20 11:00:00,Footwear,COD,Tier_2,4587.82,17.1,0,1,Returned,Wrong Size,1,0,0.0,0.0,0.0,0.0
ORD_0002326,CUST_04245,2023-08-20 11:00:00,Beauty,COD,Tier_1,1097.07,29.7,1,0,RTO,,1,1,0.0,0.0,0.0,0.0
ORD_0000992,CUST_04995,2023-08-20 11:00:00,Footwear,COD,Tier_3,1503.64,5.24,0,1,Returned,Wrong Size,1,0,0.0,0.0,0.0,0.0
ORD_0007755,CUST_02943,2023-08-20 11:00:00,Footwear,COD,Tier_3,2380.81,23.38,1,0,RTO,,1,0,0.0,0.0,0.0,0.0
ORD_0005408,CUST_03821,2023-08-20 12:00:00,Footwear,Prepaid,Tier_1,988.76,39.86,0,0,Delivered,,0,0,0.0,0.0,0.0,0.0
ORD_0001353,CUST_00323,2023-08-20 13:00:00,Footwear,COD,Tier_3,757.35,19.91,0,0,Delivered,,0,2,0.0,0.0,0.0,0.0
ORD_0002862,CUST_01110,2023-08-20 13:00:00,Fashion,Prepaid,Tier_1,615.49,20.56,1,0,RTO,,1,1,0.0,0.0,0.0,0.0
ORD_0002325,CUST_01018,2023-08-20 15:00:00,Footwear,COD,Tier_2,675.62,34.34,0,0,Delivered,,0,2,1.0,0.0,0.5,0.0
ORD_0006258,CUST_00789,2023-08-20 15:00:00,Beauty,Prepaid,Tier_1,1334.84,10.68,0,0,Delivered,,0,2,1.0,0.0,0.5,0.0
ORD_0001005,CUST_01283,2023-08-20 16:00:00,Fashion,COD,Tier_1,1369.29,48.97,0,0,Delivered,,0,0,0.0,0.0,0.0,0.0
ORD_0002105,CUST_05383,2023-08-20 17:00:00,Footwear,COD,Tier_3,2951.64,45.36,1,0,RTO,,1,0,0.0,0.0,0.0,0.0
ORD_0002377,CUST_05138,2023-08-20 17:00:00,Footwear,COD,Tier_3,2184.55,1.93,1,0,RTO,,1,0,0.0,0.0,0.0,0.0
ORD_0004251,CUST_02302,2023-08-20 18:00:00,Fashion,Prepaid,Tier_2,1058.92,49.16,1,0,RTO,,1,1,0.0,0.0,0.0,0.0
ORD_0007151,CUST_03503,2023-08-20 18:00:00,Fashion,COD,Tier_3,784.16,43.46,1,0,RTO,,1,0,0.0,0.0,0.0,0.0
ORD_0005123,CUST_02037,2023-08-20 19:00:00,Fashion,COD,Tier_2,2469.72,15.89,0,0,Delivered,,0,0,0.0,0.0,0.0,0.0
ORD_0002022,CUST_02611,2023-08-20 19:00:00,Home,COD,Tier_1,1519.1,2.14,0,1,Returned,Not as Expected,1,1,0.0,0.0,0.0,0.0
ORD_0008082,CUST_01790,2023-08-20 21:00:00,Home,Prepaid,Tier_1,564.96,27.27,0,0,Delivered,,0,2,0.0,0.0,0.0,0.0
ORD_0009607,CUST_01693,2023-08-20 21:00:00,Electronics,Prepaid,Tier_3,3880.17,35.15,0,0,Delivered,,0,2,0.0,0.0,0.0,0.0
ORD_0002850,CUST_03471,2023-08-20 21:00:00,Electronics,COD,Tier_3,2346.9,15.18,1,0,RTO,,1,0,0.0,0.0,0.0,0.0
ORD_0009726,CUST_03617,2023-08-20 21:00:00,Fashion,COD,Tier_3,689.84,8.4,0,0,Delivered,,0,0,0.0,0.0,0.0,0.0
ORD_0001972,CUST_03843,2023-08-20 21:00:00,Fashion,COD,Tier_3,1589.23,41.16,1,0,RTO,,1,1,0.0,1.0,0.0,1.0
ORD_0007910,CUST_00117,2023-08-20 22:00:00,Electronics,Prepaid,Tier_3,2593.75,32.3,0,0,Delivered,,0,0,0.0,0.0,0.0,0.0
ORD_0005164,CUST_00973,2023-08-20 23:00:00,Fashion,COD,Tier_2,328.53,21.24,0,0,Delivered,,0,0,0.0,0.0,0.0,0.0
ORD_0001869,CUST_04996,2023-08-20 23:00:00,Electronics,Prepaid,Tier_3,515.46,22.78,0,0,Delivered,,0,0,0.0,0.0,0.0,0.0
ORD_0001074,CUST_03855,2023-08-20 23:00:00,Fashion,COD,Tier_2,473.7,49.68,0,0,Delivered,,0,2,0.0,1.0,0.0,0.5
ORD_0002946,CUST_01811,2023-08-21 00:00:00,Beauty,Prepaid,Tier_2,1658.77,48.43,0,0,Delivered,,0,1,0.0,0.0,0.0,0.0
ORD_0006149,CUST_00055,2023-08-21 01:00:00,Fashion,COD,Tier_2,743.52,2.81,0,0,Delivered,,0,2,0.0,1.0,0.0,0.5
ORD_0003083,CUST_01379,2023-08-21 01:00:00,Fashion,Prepaid,Tier_1,634.84,6.96,0,0,Delivered,,0,1,0.0,0.0,0.0,0.0
ORD_0002480,CUST_02292,2023-08-21 02:00:00,Footwear,COD,Tier_2,1097.46,27.47,0,0,Delivered,,0,2,1.0,0.0,0.5,0.0
ORD_0003361,CUST_02670,2023-08-21 03:00:00,Fashion,COD,Tier_2,969.32,43.06,0,1,Returned,Changed Mind,1,1,0.0,1.0,0.0,1.0
ORD_0006088,CUST_02783,2023-08-21 03:00:00,Beauty,COD,Tier_2,1434.74,3.17,0,0,Delivered,,0,0,0.0,0.0,0.0,0.0
ORD_0006119,CUST_04543,2023-08-21 03:00:00,Fashion,COD,Tier_3,858.92,31.4,1,0,RTO,,1,1,0.0,0.0,0.0,0.0
ORD_0000090,CUST_04376,2023-08-21 03:00:00,Beauty,Prepaid,Tier_2,541.47,17.43,0,0,Delivered,,0,1,0.0,0.0,0.0,0.0
ORD_0001873,CUST_02318,2023-08-21 04:00:00,Beauty,COD,Tier_3,520.72,8.83,0,0,Delivered,,0,2,0.0,0.0,0.0,0.0
ORD_0004260,CUST_02031,2023-08-21 05:00:00,Home,Prepaid,Tier_2,5917.29,10.99,0,0,Delivered,,0,3,1.0,0.0,0.3333333333333333,0.0
ORD_0002405,CUST_01072,2023-08-21 06:00:00,Home,Prepaid,Tier_2,1356.4,22.14,0,1,Returned,Wrong Size,1,1,0.0,1.0,0.0,1.0
ORD_0003237,CUST_03691,2023-08-21 06:00:00,Home,COD,Tier_1,1751.15,12.63,0,0,Delivered,,0,2,1.0,0.0,0.5,0.0
ORD_0002654,CUST_01987,2023-08-21 07:00:00,Footwear,Prepaid,Tier_3,410.74,21.42,0,1,Returned,Changed Mind,1,0,0.0,0.0,0.0,0.0
ORD_0009595,CUST_04049,2023-08-21 10:00:00,Fashion,COD,Tier_3,1097.94,22.57,1,0,RTO,,1,1,0.0,0.0,0.0,0.0
ORD_0004315,CUST_01161,2023-08-21 10:00:00,Footwear,Prepaid,Tier_3,2307.65,9.51,0,0,Delivered,,0,1,1.0,0.0,1.0,0.0
ORD_0007540,CUST_05234,2023-08-21 10:00:00,Electronics,COD,Tier_2,493.31,47.17,1,0,RTO,,1,1,0.0,0.0,0.0,0.0
ORD_0001703,CUST_05559,2023-08-21 12:00:00,Fashion,COD,Tier_1,477.34,6.01,0,0,Delivered,,0,2,0.0,1.0,0.0,0.5
ORD_0005735,CUST_03027,2023-08-21 14:00:00,Fashion,COD,Tier_1,510.86,12.27,1,0,RTO,,1,1,0.0,1.0,0.0,1.0
ORD_0002216,CUST_03137,2023-08-21 17:00:00,Beauty,COD,Tier_1,1177.79,4.17,0,0,Delivered,,0,0,0.0,0.0,0.0,0.0
ORD_0009177,CUST_03188,2023-08-21 18:00:00,Beauty,Prepaid,Tier_1,856.34,5.43,0,1,Returned,Defective,1,2,2.0,0.0,1.0,0.0
ORD_0007680,CUST_02804,2023-08-21 19:00:00,Beauty,Prepaid,Tier_2,322.3,4.23,0,0,Delivered,,0,0,0.0,0.0,0.0,0.0
ORD_0007085,CUST_02602,2023-08-21 19:00:00,Electronics,COD,Tier_3,1732.88,27.08,1,0,RTO,,1,0,0.0,0.0,0.0,0.0
ORD_0005362,CUST_00385,2023-08-21 20:00:00,Footwear,COD,Tier_2,4159.19,35.94,0,1,Returned,Wrong Size,1,1,0.0,0.0,0.0,0.0
ORD_0007480,CUST_05816,2023-08-21 20:00:00,Fashion,Prepaid,Tier_1,2558.6,40.99,0,0,Delivered,,0,1,0.0,1.0,0.0,1.0
ORD_0002008,CUST_03696,2023-08-21 21:00:00,Fashion,COD,Tier_1,634.71,13.9,0,0,Delivered,,0,1,0.0,1.0,0.0,1.0
ORD_0001354,CUST_02531,2023-08-21 21:00:00,Home,Prepaid,Tier_2,1363.16,13.36,0,0,Delivered,,0,1,0.0,0.0,0.0,0.0
ORD_0003160,CUST_00661,2023-08-21 21:00:00,Fashion,COD,Tier_2,3684.47,16.25,0,0,Delivered,,0,1,0.0,1.0,0.0,1.0
ORD_0000460,CUST_00343,2023-08-22 00:00:00,Home,COD,Tier_1,1033.55,48.66,0,0,Delivered,,0,2,1.0,0.0,0.5,0.0
ORD_0002847,CUST_04738,2023-08-22 02:00:00,Fashion,Prepaid,Tier_1,765.75,2.4,0,1,Returned,Wrong Size,1,0,0.0,0.0,0.0,0.0
ORD_0002915,CUST_04866,2023-08-22 02:00:00,Fashion,Prepaid,Tier_1,887.3,0.63,0,0,Delivered,,0,3,1.0,0.0,0.3333333333333333,0.0
ORD_0000276,CUST_05354,2023-08-22 03:00:00,Home,Prepaid,Tier_1,2687.91,45.97,1,0,RTO,,1,1,0.0,1.0,0.0,1.0
ORD_0001710,CUST_01807,2023-08-22 03:00:00,Fashion,Prepaid,Tier_2,1685.8,37.51,0,0,Delivered,,0,3,2.0,1.0,0.6666666666666666,0.3333333333333333
ORD_0004701,CUST_01814,2023-08-22 03:00:00,Home,COD,Tier_2,2233.9,19.63,0,0,Delivered,,0,1,0.0,0.0,0.0,0.0
ORD_0005841,CUST_03862,2023-08-22 03:00:00,Electronics,COD,Tier_1,933.15,27.72,0,0,Delivered,,0,0,0.0,0.0,0.0,0.0
ORD_0008904,CUST_01785,2023-08-22 03:00:00,Fashion,COD,Tier_3,4641.55,4.7,0,1,Returned,Wrong Size,1,2,0.0,0.0,0.0,0.0
ORD_0006207,CUST_03473,2023-08-22 04:00:00,Home,COD,Tier_1,990.81,10.42,0,0,Delivered,,0,1,0.0,0.0,0.0,0.0
ORD_0006602,CUST_02415,2023-08-22 05:00:00,Fashion,Prepaid,Tier_2,1575.36,36.57,0,1,Returned,Wrong Size,1,0,0.0,0.0,0.0,0.0
ORD_0002764,CUST_01936,2023-08-22 06:00:00,Beauty,COD,Tier_2,542.51,13.92,0,0,Delivered,,0,0,0.0,0.0,0.0,0.0
ORD_0003967,CUST_03518,2023-08-22 06:00:00,Fashion,COD,Tier_2,854.63,27.19,0,0,Delivered,,0,2,0.0,1.0,0.0,0.5
ORD_0004074,CUST_01167,2023-08-22 08:00:00,Fashion,COD,Tier_1,1947.08,21.59,0,0,Delivered,,0,2,0.0,0.0,0.0,0.0
ORD_0000471,CUST_04587,2023-08-22 09:00:00,Fashion,Prepaid,Tier_1,1892.99,30.35,0,0,Delivered,,0,1,0.0,0.0,0.0,0.0
ORD_0009426,CUST_04787,2023-08-22 09:00:00,Fashion,COD,Tier_3,832.21,35.3,0,1,Returned,Wrong Size,1,0,0.0,0.0,0.0,0.0
ORD_0004266,CUST_01798,2023-08-22 09:00:00,Footwear,COD,Tier_1,709.83,19.64,0,1,Returned,Wrong Size,1,1,0.0,0.0,0.0,0.0
ORD_0004337,CUST_01428,2023-08-22 10:00:00,Home,COD,Tier_1,1074.98,5.26,1,0,RTO,,1,1,1.0,0.0,1.0,0.0
ORD_0001576,CUST_01872,2023-08-22 11:00:00,Beauty,COD,Tier_3,632.71,11.07,0,0,Delivered,,0,2,1.0,0.0,0.5,0.0
ORD_0003651,CUST_05000,2023-08-22 12:00:00,Footwear,Prepaid,Tier_1,438.17,2.92,0,0,Delivered,,0,1,0.0,0.0,0.0,0.0
ORD_0000033,CUST_01308,2023-08-22 12:00:00,Fashion,COD,Tier_1,1057.67,5.56,1,0,RTO,,1,0,0.0,0.0,0.0,0.0
ORD_0008084,CUST_05271,2023-08-22 14:00:00,Fashion,Prepaid,Tier_3,3383.94,0.04,0,0,Delivered,,0,3,0.0,2.0,0.0,0.6666666666666666
ORD_0006527,CUST_01300,2023-08-22 15:00:00,Home,COD,Tier_1,1221.61,24.44,0,0,Delivered,,0,0,0.0,0.0,0.0,0.0
ORD_0000537,CUST_03573,2023-08-22 16:00:00,Fashion,COD,Tier_3,1005.91,35.49,0,1,Returned,Not as Expected,1,3,2.0,1.0,0.6666666666666666,0.3333333333333333
ORD_0004551,CUST_00350,2023-08-22 17:00:00,Beauty,Prepaid,Tier_3,1177.92,15.82,0,0,Delivered,,0,0,0.0,0.0,0.0,0.0
ORD_0009334,CUST_04365,2023-08-22 18:00:00,Footwear,COD,Tier_2,1036.69,22.91,0,1,Returned,Wrong Size,1,1,0.0,0.0,0.0,0.0
ORD_0005398,CUST_03511,2023-08-22 19:00:00,Footwear,COD,Tier_2,2112.6,30.41,0,0,Delivered,,0,0,0.0,0.0,0.0,0.0
ORD_0005867,CUST_00136,2023-08-22 21:00:00,Fashion,COD,Tier_2,2156.26,49.99,0,0,Delivered,,0,0,0.0,0.0,0.0,0.0
ORD_0006537,CUST_02448,2023-08-22 21:00:00,Fashion,Prepaid,Tier_2,7961.82,27.07,0,0,Delivered,,0,1,0.0,0.0,0.0,0.0
ORD_0002254,CUST_01005,2023-08-22 21:00:00,Footwear,Prepaid,Tier_2,1437.21,21.44,0,1,Returned,Changed Mind,1,0,0.0,0.0,0.0,0.0
ORD_0003538,CUST_04809,2023-08-22 23:00:00,Footwear,COD,Tier_2,1130.79,28.61,1,0,RTO,,1,1,0.0,0.0,0.0,0.0
ORD_0008856,CUST_05680,2023-08-23 05:00:00,Electronics,COD,Tier_2,1263.28,13.97,0,0,Delivered,,0,0,0.0,0.0,0.0,0.0
ORD_0008808,CUST_03797,2023-08-23 05:00:00,Electronics,COD,Tier_1,300.63,2.89,1,0,RTO,,1,1,1.0,0.0,1.0,0.0
ORD_0006140,CUST_02917,2023-08-23 06:00:00,Electronics,COD,Tier_1,594.25,35.92,1,0,RTO,,1,1,0.0,0.0,0.0,0.0
ORD_0002296,CUST_00539,2023-08-23 06:00:00,Home,COD,Tier_3,1951.49,9.25,0,0,Delivered,,0,1,0.0,1.0,0.0,1.0
ORD_0003970,CUST_00524,2023-08-23 06:00:00,Fashion,COD,Tier_1,877.02,3.45,0,1,Returned,Changed Mind,1,1,0.0,0.0,0.0,0.0
ORD_0007126,CUST_03175,2023-08-23 07:00:00,Electronics,Prepaid,Tier_1,3125.37,27.94,0,0,Delivered,,0,2,0.0,0.0,0.0,0.0
ORD_0007246,CUST_00360,2023-08-23 08:00:00,Fashion,COD,Tier_1,574.22,39.74,0,1,Returned,Wrong Size,1,2,0.0,0.0,0.0,0.0
ORD_0006283,CUST_02664,2023-08-23 09:00:00,Beauty,Prepaid,Tier_3,911.38,36.5,0,0,Delivered,,0,1,0.0,1.0,0.0,1.0
ORD_0002666,CUST_03870,2023-08-23 10:00:00,Beauty,Prepaid,Tier_1,2373.44,29.0,0,0,Delivered,,0,0,0.0,0.0,0.0,0.0
ORD_0001373,CUST_01348,2023-08-23 10:00:00,Fashion,COD,Tier_1,1376.68,16.38,0,0,Delivered,,0,0,0.0,0.0,0.0,0.0
ORD_0007770,CUST_03566,2023-08-23 10:00:00,Fashion,COD,Tier_3,2657.99,14.58,0,0,Delivered,,0,1,0.0,0.0,0.0,0.0
ORD_0006319,CUST_02976,2023-08-23 10:00:00,Electronics,COD,Tier_2,1261.89,3.01,0,1,Returned,Not as Expected,1,0,0.0,0.0,0.0,0.0
ORD_0004017,CUST_04683,2023-08-23 11:00:00,Fashion,Prepaid,Tier_2,1968.45,16.08,0,0,Delivered,,0,1,0.0,0.0,0.0,0.0
ORD_0001443,CUST_03399,2023-08-23 12:00:00,Home,Prepaid,Tier_3,1510.1,17.17,0,0,Delivered,,0,1,1.0,0.0,1.0,0.0
ORD_0007207,CUST_04477,2023-08-23 12:00:00,Footwear,Prepaid,Tier_2,353.1,35.22,0,0,Delivered,,0,0,0.0,0.0,0.0,0.0
ORD_0009880,CUST_04658,2023-08-23 13:00:00,Fashion,Prepaid,Tier_3,491.09,6.99,0,0,Delivered,,0,0,0.0,0.0,0.0,0.0
ORD_0008332,CUST_05490,2023-08-23 13:00:00,Electronics,Prepaid,Tier_2,758.99,41.38,0,0,Delivered,,0,3,0.0,1.0,0.0,0.3333333333333333
ORD_0000858,CUST_01490,2023-08-23 15:00:00,Fashion,COD,Tier_1,524.55,9.14,0,0,Delivered,,0,1,0.0,1.0,0.0,1.0
ORD_0008036,CUST_01065,2023-08-23 16:00:00,Home,Prepaid,Tier_2,878.06,34.34,0,0,Delivered,,0,1,0.0,0.0,0.0,0.0
ORD_0001882,CUST_02742,2023-08-23 16:00:00,Beauty,Prepaid,Tier_1,403.47,17.54,0,0,Delivered,,0,1,1.0,0.0,1.0,0.0
ORD_0004189,CUST_03777,2023-08-23 17:00:00,Home,COD,Tier_2,2278.46,6.92,1,0,RTO,,1,2,0.0,0.0,0.0,0.0
ORD_0004133,CUST_05621,2023-08-23 17:00:00,Fashion,COD,Tier_2,3189.95,37.87,0,0,Delivered,,0,3,1.0,0.0,0.3333333333333333,0.0
ORD_0001751,CUST_02372,2023-08-23 17:00:00,Home,COD,Tier_3,4458.8,29.64,0,0,Delivered,,0,1,0.0,0.0,0.0,0.0
ORD_0005153,CUST_03304,2023-08-23 18:00:00,Fashion,COD,Tier_2,592.06,7.3,0,1,Returned,Changed Mind,1,1,1.0,0.0,1.0,0.0
ORD_0003586,CUST_00440,2023-08-23 19:00:00,Fashion,COD,Tier_2,612.87,6.96,0,1,Returned,Changed Mind,1,2,1.0,0.0,0.5,0.0
ORD_0005468,CUST_03162,2023-08-23 21:00:00,Home,Prepaid,Tier_1,2396.57,7.73,0,0,Delivered,,0,2,0.0,0.0,0.0,0.0
ORD_0007701,CUST_03325,2023-08-23 22:00:00,Fashion,Prepaid,Tier_2,1432.82,37.19,0,1,Returned,Changed Mind,1,2,0.0,1.0,0.0,0.5
ORD_0003341,CUST_03528,2023-08-23 22:00:00,Fashion,COD,Tier_1,2794.7,9.38,1,0,RTO,,1,3,0.0,1.0,0.0,0.3333333333333333
ORD_0009717,CUST_03853,2023-08-23 22:00:00,Beauty,COD,Tier_2,3235.05,14.68,1,0,RTO,,1,1,1.0,0.0,1.0,0.0
ORD_0002671,CUST_04509,2023-08-24 00:00:00,Fashion,COD,Tier_1,324.34,35.8,0,0,Delivered,,0,3,1.0,0.0,0.3333333333333333,0.0
ORD_0001046,CUST_05642,2023-08-24 00:00:00,Footwear,Prepaid,Tier_1,1433.6,10.73,0,0,Delivered,,0,1,0.0,0.0,0.0,0.0
ORD_0005305,CUST_04128,2023-08-24 01:00:00,Beauty,COD,Tier_3,2230.34,34.24,0,0,Delivered,,0,1,0.0,0.0,0.0,0.0
ORD_0001178,CUST_02446,2023-08-24 01:00:00,Fashion,COD,Tier_2,3247.37,26.06,0,0,Delivered,,0,1,0.0,1.0,0.0,1.0
ORD_0008092,CUST_00577,2023-08-24 01:00:00,Footwear,Prepaid,Tier_2,686.99,9.98,0,0,Delivered,,0,1,0.0,0.0,0.0,0.0
ORD_0006564,CUST_00734,2023-08-24 02:00:00,Beauty,Prepaid,Tier_1,6003.57,40.47,0,0,Delivered,,0,2,0.0,0.0,0.0,0.0
ORD_0003357,CUST_05185,2023-08-24 02:00:00,Home,Prepaid,Tier_3,662.62,21.31,0,0,Delivered,,0,1,0.0,0.0,0.0,0.0
ORD_0001589,CUST_03067,2023-08-24 05:00:00,Fashion,Prepaid,Tier_1,1685.21,45.03,0,0,Delivered,,0,0,0.0,0.0,0.0,0.0
ORD_0004945,CUST_05246,2023-08-24 05:00:00,Fashion,COD,Tier_2,415.8,36.95,0,0,Delivered,,0,2,0.0,0.0,0.0,0.0
ORD_0009153,CUST_04478,2023-08-24 05:00:00,Beauty,COD,Tier_3,1740.35,21.92,0,1,Returned,Not as Expected,1,2,1.0,0.0,0.5,0.0
ORD_0004985,CUST_00860,2023-08-24 05:00:00,Fashion,COD,Tier_1,2770.35,6.54,0,0,Delivered,,0,0,0.0,0.0,0.0,0.0
ORD_0008450,CUST_03231,2023-08-24 05:00:00,Beauty,Prepaid,Tier_3,1748.9,25.47,1,0,RTO,,1,1,0.0,0.0,0.0,0.0
ORD_0008342,CUST_05053,2023-08-24 06:00:00,Home,COD,Tier_3,360.01,19.46,0,0,Delivered,,0,1,1.0,0.0,1.0,0.0
ORD_0001527,CUST_00356,2023-08-24 08:00:00,Beauty,COD,Tier_2,573.5,37.64,1,0,RTO,,1,2,0.0,0.0,0.0,0.0
ORD_0009821,CUST_04022,2023-08-24 10:00:00,Fashion,Prepaid,Tier_2,2263.22,41.2,0,0,Delivered,,0,1,0.0,0.0,0.0,0.0
ORD_0001325,CUST_00180,2023-08-24 10:00:00,Home,Prepaid,Tier_3,734.73,41.04,0,0,Delivered,,0,2,0.0,1.0,0.0,0.5
ORD_0004884,CUST_00039,2023-08-24 11:00:00,Fashion,Prepaid,Tier_3,2975.1,27.43,0,0,Delivered,,0,2,0.0,0.0,0.0,0.0
ORD_0001445,CUST_00812,2023-08-24 12:00:00,Electronics,Prepaid,Tier_1,754.88,49.79,0,0,Delivered,,0,1,0.0,1.0,0.0,1.0
ORD_0002744,CUST_01152,2023-08-24 12:00:00,Fashion,Prepaid,Tier_2,992.23,48.43,0,0,Delivered,,0,0,0.0,0.0,0.0,0.0
ORD_0009147,CUST_04017,2023-08-24 13:00:00,Fashion,COD,Tier_1,971.49,41.51,0,0,Delivered,,0,0,0.0,0.0,0.0,0.0
ORD_0003073,CUST_04511,2023-08-24 13:00:00,Fashion,COD,Tier_1,2331.27,45.92,0,1,Returned,Changed Mind,1,0,0.0,0.0,0.0,0.0
ORD_0006973,CUST_05706,2023-08-24 14:00:00,Fashion,COD,Tier_2,888.5,47.03,0,0,Delivered,,0,1,0.0,0.0,0.0,0.0
ORD_0009345,CUST_01211,2023-08-24 15:00:00,Home,Prepaid,Tier_2,875.46,17.68,0,0,Delivered,,0,2,0.0,1.0,0.0,0.5
ORD_0006062,CUST_03726,2023-08-24 16:00:00,Electronics,COD,Tier_2,522.36,31.95,0,0,Delivered,,0,2,0.0,0.0,0.0,0.0
ORD_0005722,CUST_04640,2023-08-24 16:00:00,Beauty,COD,Tier_1,3030.83,41.24,0,0,Delivered,,0,0,0.0,0.0,0.0,0.0
ORD_0003576,CUST_01420,2023-08-24 19:00:00,Home,Prepaid,Tier_3,1189.38,37.5,0,0,Delivered,,0,0,0.0,0.0,0.0,0.0
ORD_0005341,CUST_05658,2023-08-24 22:00:00,Fashion,COD,Tier_2,3345.67,17.58,0,0,Delivered,,0,2,0.0,0.0,0.0,0.0
ORD_0007975,CUST_00798,2023-08-24 22:00:00,Fashion,Prepaid,Tier_2,386.98,42.49,0,1,Returned,Not as Expected,1,1,0.0,0.0,0.0,0.0
ORD_0008644,CUST_02337,2023-08-24 23:00:00,Footwear,Prepaid,Tier_2,2937.32,22.57,0,0,Delivered,,0,1,0.0,0.0,0.0,0.0
ORD_0000635,CUST_04244,2023-08-24 23:00:00,Electronics,COD,Tier_1,2448.6,13.14,0,0,Delivered,,0,0,0.0,0.0,0.0,0.0
ORD_0001949,CUST_03087,2023-08-25 00:00:00,Fashion,COD,Tier_1,1083.61,11.87,0,0,Delivered,,0,1,0.0,0.0,0.0,0.0
ORD_0003094,CUST_04293,2023-08-25 01:00:00,Fashion,COD,Tier_3,3507.59,30.87,0,0,Delivered,,0,1,0.0,0.0,0.0,0.0
ORD_0005540,CUST_00519,2023-08-25 02:00:00,Beauty,COD,Tier_2,1616.56,23.62,0,0,Delivered,,0,3,0.0,0.0,0.0,0.0
ORD_0002067,CUST_04222,2023-08-25 03:00:00,Home,COD,Tier_3,3943.55,23.28,1,0,RTO,,1,2,0.0,0.0,0.0,0.0
ORD_0002630,CUST_02828,2023-08-25 06:00:00,Fashion,COD,Tier_1,1020.85,49.34,1,0,RTO,,1,2,1.0,0.0,0.5,0.0
ORD_0001175,CUST_00022,2023-08-25 07:00:00,Fashion,COD,Tier_2,1505.82,49.4,0,0,Delivered,,0,1,0.0,0.0,0.0,0.0
ORD_0006343,CUST_00216,2023-08-25 07:00:00,Fashion,Prepaid,Tier_3,3897.39,33.83,0,0,Delivered,,0,3,1.0,0.0,0.3333333333333333,0.0
ORD_0008864,CUST_05213,2023-08-25 08:00:00,Fashion,Prepaid,Tier_1,2327.38,8.4,0,0,Delivered,,0,0,0.0,0.0,0.0,0.0
ORD_0005127,CUST_05541,2023-08-25 08:00:00,Beauty,Prepaid,Tier_2,872.52,17.81,0,0,Delivered,,0,2,0.0,0.0,0.0,0.0
ORD_0005331,CUST_05491,2023-08-25 09:00:00,Fashion,COD,Tier_2,2880.65,30.13,0,1,Returned,Wrong Size,1,2,0.0,1.0,0.0,0.5
ORD_0009577,CUST_00408,2023-08-25 11:00:00,Footwear,Prepaid,Tier_1,965.67,27.65,0,0,Delivered,,0,1,0.0,0.0,0.0,0.0
ORD_0002785,CUST_03918,2023-08-25 11:00:00,Home,COD,Tier_2,2122.35,26.43,0,1,Returned,Wrong Size,1,0,0.0,0.0,0.0,0.0
ORD_0004509,CUST_00505,2023-08-25 12:00:00,Beauty,Prepaid,Tier_3,526.77,13.17,0,0,Delivered,,0,0,0.0,0.0,0.0,0.0
ORD_0002042,CUST_01767,2023-08-25 12:00:00,Home,COD,Tier_2,567.94,3.49,0,0,Delivered,,0,0,0.0,0.0,0.0,0.0
ORD_0009369,CUST_01573,2023-08-25 15:00:00,Home,COD,Tier_2,1092.26,7.24,0,1,Returned,Changed Mind,1,1,1.0,0.0,1.0,0.0
ORD_0009913,CUST_02572,2023-08-25 15:00:00,Beauty,Prepaid,Tier_1,352.19,37.34,0,0,Delivered,,0,4,0.0,0.0,0.0,0.0
ORD_0001650,CUST_05757,2023-08-25 15:00:00,Home,COD,Tier_2,660.06,12.63,0,0,Delivered,,0,0,0.0,0.0,0.0,0.0
ORD_0006099,CUST_05191,2023-08-25 18:00:00,Fashion,Prepaid,Tier_2,7845.56,7.06,1,0,RTO,,1,1,1.0,0.0,1.0,0.0
ORD_0004729,CUST_02857,2023-08-25 18:00:00,Fashion,Prepaid,Tier_2,2772.27,20.9,0,0,Delivered,,0,0,0.0,0.0,0.0,0.0
ORD_0003291,CUST_03156,2023-08-25 19:00:00,Footwear,Prepaid,Tier_2,1395.3,39.02,0,0,Delivered,,0,1,0.0,0.0,0.0,0.0
ORD_0004654,CUST_03305,2023-08-25 19:00:00,Home,COD,Tier_1,680.07,39.26,0,0,Delivered,,0,3,1.0,0.0,0.3333333333333333,0.0
ORD_0002108,CUST_04767,2023-08-25 20:00:00,Beauty,COD,Tier_1,396.4,30.61,0,0,Delivered,,0,1,1.0,0.0,1.0,0.0
ORD_0002459,CUST_03531,2023-08-25 20:00:00,Fashion,Prepaid,Tier_3,3381.32,38.03,1,0,RTO,,1,1,0.0,1.0,0.0,1.0
ORD_0004601,CUST_00307,2023-08-25 20:00:00,Electronics,COD,Tier_2,2683.17,48.52,0,0,Delivered,,0,3,0.0,0.0,0.0,0.0
ORD_0007362,CUST_03963,2023-08-25 20:00:00,Electronics,COD,Tier_1,429.38,36.6,0,0,Delivered,,0,1,1.0,0.0,1.0,0.0
ORD_0008455,CUST_04058,2023-08-25 21:00:00,Fashion,Prepaid,Tier_2,3896.88,6.42,0,0,Delivered,,0,2,0.0,0.0,0.0,0.0
ORD_0001903,CUST_05722,2023-08-25 23:00:00,Electronics,Prepaid,Tier_1,573.48,27.32,0,0,Delivered,,0,2,1.0,1.0,0.5,0.5
ORD_0001528,CUST_05958,2023-08-26 01:00:00,Home,COD,Tier_2,830.81,32.2,0,0,Delivered,,0,2,0.0,1.0,0.0,0.5
ORD_0006523,CUST_03188,2023-08-26 01:00:00,Footwear,Prepaid,Tier_3,406.59,25.57,0,1,Returned,Changed Mind,1,3,3.0,0.0,1.0,0.0
ORD_0001895,CUST_02731,2023-08-26 01:00:00,Electronics,COD,Tier_3,1008.57,46.08,0,1,Returned,Wrong Size,1,1,0.0,0.0,0.0,0.0
ORD_0009481,CUST_00065,2023-08-26 02:00:00,Fashion,Prepaid,Tier_2,3127.46,29.11,0,0,Delivered,,0,1,0.0,0.0,0.0,0.0
ORD_0009921,CUST_02797,2023-08-26 02:00:00,Beauty,Prepaid,Tier_3,744.17,30.56,1,0,RTO,,1,2,1.0,0.0,0.5,0.0
ORD_0001336,CUST_01886,2023-08-26 03:00:00,Fashion,Prepaid,Tier_1,514.2,8.77,0,0,Delivered,,0,2,0.0,0.0,0.0,0.0
ORD_0008567,CUST_03016,2023-08-26 04:00:00,Fashion,COD,Tier_1,1032.43,24.53,0,0,Delivered,,0,0,0.0,0.0,0.0,0.0
ORD_0004636,CUST_03415,2023-08-26 07:00:00,Footwear,COD,Tier_2,1060.1,47.57,0,0,Delivered,,0,1,0.0,1.0,0.0,1.0
ORD_0000991,CUST_00494,2023-08-26 07:00:00,Fashion,COD,Tier_2,826.45,15.65,0,0,Delivered,,0,1,0.0,0.0,0.0,0.0
ORD_0005837,CUST_00703,2023-08-26 10:00:00,Footwear,Prepaid,Tier_2,624.02,37.45,0,0,Delivered,,0,3,2.0,1.0,0.6666666666666666,0.3333333333333333
ORD_0006413,CUST_04030,2023-08-26 11:00:00,Fashion,COD,Tier_1,1188.14,28.31,0,0,Delivered,,0,1,0.0,0.0,0.0,0.0
ORD_0000897,CUST_04535,2023-08-26 11:00:00,Footwear,Prepaid,Tier_1,6692.78,35.72,0,1,Returned,Wrong Size,1,1,0.0,0.0,0.0,0.0
ORD_0000020,CUST_00218,2023-08-26 11:00:00,Electronics,Prepaid,Tier_1,891.25,47.97,0,0,Delivered,,0,0,0.0,0.0,0.0,0.0
ORD_0000579,CUST_02351,2023-08-26 12:00:00,Footwear,COD,Tier_1,500.03,35.67,0,1,Returned,Not as Expected,1,1,0.0,0.0,0.0,0.0
ORD_0004434,CUST_05772,2023-08-26 12:00:00,Fashion,Prepaid,Tier_1,312.61,36.86,0,0,Delivered,,0,1,0.0,0.0,0.0,0.0
ORD_0001218,CUST_00817,2023-08-26 14:00:00,Footwear,Prepaid,Tier_2,659.16,34.47,0,0,Delivered,,0,0,0.0,0.0,0.0,0.0
ORD_0002148,CUST_02239,2023-08-26 15:00:00,Fashion,Prepaid,Tier_2,721.95,14.62,0,0,Delivered,,0,1,1.0,0.0,1.0,0.0
ORD_0002201,CUST_04204,2023-08-26 16:00:00,Electronics,COD,Tier_2,2436.11,0.28,0,0,Delivered,,0,0,0.0,0.0,0.0,0.0
ORD_0000694,CUST_01695,2023-08-26 17:00:00,Footwear,Prepaid,Tier_3,2622.58,43.85,0,0,Delivered,,0,2,1.0,0.0,0.5,0.0
ORD_0005622,CUST_02926,2023-08-26 19:00:00,Fashion,Prepaid,Tier_2,1166.04,39.57,0,0,Delivered,,0,1,0.0,0.0,0.0,0.0
ORD_0004478,CUST_01696,2023-08-26 20:00:00,Fashion,COD,Tier_1,1002.47,34.95,0,0,Delivered,,0,0,0.0,0.0,0.0,0.0
ORD_0008728,CUST_00685,2023-08-26 20:00:00,Beauty,COD,Tier_2,3108.98,22.9,0,0,Delivered,,0,0,0.0,0.0,0.0,0.0
ORD_0002182,CUST_03491,2023-08-26 21:00:00,Footwear,COD,Tier_3,2817.27,8.17,1,0,RTO,,1,0,0.0,0.0,0.0,0.0
ORD_0008199,CUST_01909,2023-08-26 21:00:00,Fashion,COD,Tier_1,406.51,44.84,0,1,Returned,Not as Expected,1,2,0.0,0.0,0.0,0.0
ORD_0002898,CUST_02028,2023-08-26 22:00:00,Home,COD,Tier_1,810.64,46.01,0,0,Delivered,,0,2,0.0,0.0,0.0,0.0
ORD_0003584,CUST_03695,2023-08-26 22:00:00,Footwear,COD,Tier_2,5257.0,15.27,0,0,Delivered,,0,1,0.0,0.0,0.0,0.0
ORD_0009095,CUST_04089,2023-08-26 22:00:00,Footwear,Prepaid,Tier_1,1514.47,6.4,0,0,Delivered,,0,0,0.0,0.0,0.0,0.0
ORD_0000478,CUST_03378,2023-08-27 00:00:00,Fashion,COD,Tier_3,2951.35,3.87,0,0,Delivered,,0,2,0.0,0.0,0.0,0.0
ORD_0008155,CUST_03196,2023-08-27 00:00:00,Beauty,COD,Tier_2,323.65,30.96,0,0,Delivered,,0,1,0.0,0.0,0.0,0.0
ORD_0003674,CUST_05565,2023-08-27 01:00:00,Fashion,COD,Tier_1,933.07,30.77,0,0,Delivered,,0,1,1.0,0.0,1.0,0.0
ORD_0004523,CUST_03172,2023-08-27 02:00:00,Electronics,Prepaid,Tier_3,668.9,3.92,0,0,Delivered,,0,1,0.0,0.0,0.0,0.0
ORD_0007938,CUST_05948,2023-08-27 02:00:00,Footwear,Prepaid,Tier_2,1208.49,39.73,0,1,Returned,Wrong Size,1,1,0.0,0.0,0.0,0.0
ORD_0008668,CUST_02817,2023-08-27 04:00:00,Fashion,COD,Tier_3,5212.47,36.53,1,0,RTO,,1,4,1.0,1.0,0.25,0.25
ORD_0008209,CUST_01989,2023-08-27 04:00:00,Fashion,COD,Tier_2,1981.99,10.9,1,0,RTO,,1,1,0.0,0.0,0.0,0.0
ORD_0006515,CUST_00275,2023-08-27 04:00:00,Electronics,COD,Tier_3,3308.8,27.33,0,0,Delivered,,0,0,0.0,0.0,0.0,0.0
ORD_0000586,CUST_03810,2023-08-27 05:00:00,Fashion,Prepaid,Tier_2,560.62,8.8,0,1,Returned,Not as Expected,1,1,0.0,0.0,0.0,0.0
ORD_0005528,CUST_03314,2023-08-27 09:00:00,Home,COD,Tier_1,2128.36,17.82,0,0,Delivered,,0,1,0.0,0.0,0.0,0.0
ORD_0002550,CUST_03936,2023-08-27 10:00:00,Electronics,COD,Tier_2,889.2,43.32,0,1,Returned,Wrong Size,1,1,0.0,0.0,0.0,0.0
ORD_0004076,CUST_02293,2023-08-27 11:00:00,Beauty,COD,Tier_3,1327.32,7.0,1,0,RTO,,1,1,0.0,1.0,0.0,1.0
ORD_0008751,CUST_03055,2023-08-27 11:00:00,Footwear,Prepaid,Tier_3,1757.05,46.8,1,0,RTO,,1,3,0.0,0.0,0.0,0.0
ORD_0004704,CUST_05552,2023-08-27 12:00:00,Fashion,Prepaid,Tier_3,1043.33,47.94,0,1,Returned,Wrong Size,1,0,0.0,0.0,0.0,0.0
ORD_0002085,CUST_02955,2023-08-27 20:00:00,Footwear,COD,Tier_3,581.9,39.7,1,0,RTO,,1,1,0.0,0.0,0.0,0.0
ORD_0009608,CUST_04916,2023-08-28 00:00:00,Home,COD,Tier_3,365.39,33.26,0,0,Delivered,,0,2,0.0,0.0,0.0,0.0
ORD_0002339,CUST_01609,2023-08-28 00:00:00,Electronics,Prepaid,Tier_1,3921.95,29.57,0,0,Delivered,,0,1,0.0,0.0,0.0,0.0
ORD_0000007,CUST_00840,2023-08-28 01:00:00,Footwear,COD,Tier_2,1473.14,9.6,0,0,Delivered,,0,2,0.0,0.0,0.0,0.0
ORD_0009250,CUST_03848,2023-08-28 01:00:00,Home,COD,Tier_1,1158.29,20.99,0,0,Delivered,,0,0,0.0,0.0,0.0,0.0
ORD_0005022,CUST_00738,2023-08-28 02:00:00,Fashion,COD,Tier_1,2305.65,40.73,1,0,RTO,,1,1,0.0,1.0,0.0,1.0
ORD_0006219,CUST_04718,2023-08-28 02:00:00,Fashion,Prepaid,Tier_2,1252.08,46.97,0,0,Delivered,,0,0,0.0,0.0,0.0,0.0
ORD_0003255,CUST_00673,2023-08-28 03:00:00,Fashion,COD,Tier_1,1103.68,2.76,1,0,RTO,,1,0,0.0,0.0,0.0,0.0
ORD_0003841,CUST_01146,2023-08-28 05:00:00,Fashion,COD,Tier_2,1204.62,14.81,1,0,RTO,,1,1,0.0,0.0,0.0,0.0
ORD_0007809,CUST_03475,2023-08-28 06:00:00,Fashion,COD,Tier_3,5047.2,37.87,0,0,Delivered,,0,1,0.0,0.0,0.0,0.0
ORD_0004999,CUST_01653,2023-08-28 07:00:00,Electronics,COD,Tier_1,4172.96,3.46,0,1,Returned,Wrong Size,1,1,0.0,1.0,0.0,1.0
ORD_0007976,CUST_04353,2023-08-28 07:00:00,Fashion,COD,Tier_2,2193.53,31.75,0,0,Delivered,,0,1,1.0,0.0,1.0,0.0
ORD_0004544,CUST_00986,2023-08-28 08:00:00,Home,COD,Tier_3,2337.39,34.17,0,0,Delivered,,0,0,0.0,0.0,0.0,0.0
ORD_0005679,CUST_05960,2023-08-28 09:00:00,Fashion,COD,Tier_2,1581.66,24.87,1,0,RTO,,1,1,0.0,0.0,0.0,0.0
ORD_0001246,CUST_05059,2023-08-28 09:00:00,Footwear,COD,Tier_2,658.11,6.29,0,0,Delivered,,0,1,0.0,1.0,0.0,1.0
ORD_0003613,CUST_04405,2023-08-28 09:00:00,Home,Prepaid,Tier_1,1899.25,38.01,0,0,Delivered,,0,2,1.0,1.0,0.5,0.5
ORD_0003900,CUST_05150,2023-08-28 11:00:00,Footwear,COD,Tier_2,1249.67,25.19,0,0,Delivered,,0,1,0.0,1.0,0.0,1.0
ORD_0008210,CUST_05746,2023-08-28 12:00:00,Home,Prepaid,Tier_3,6506.51,16.59,0,1,Returned,Wrong Size,1,3,0.0,2.0,0.0,0.6666666666666666
ORD_0007356,CUST_00896,2023-08-28 12:00:00,Footwear,Prepaid,Tier_3,1655.2,44.28,1,0,RTO,,1,3,0.0,1.0,0.0,0.3333333333333333
ORD_0001686,CUST_02230,2023-08-28 13:00:00,Home,COD,Tier_1,520.72,49.28,1,0,RTO,,1,0,0.0,0.0,0.0,0.0
ORD_0004640,CUST_01540,2023-08-28 13:00:00,Electronics,COD,Tier_3,923.2,12.26,0,0,Delivered,,0,1,0.0,1.0,0.0,1.0
ORD_0005222,CUST_00877,2023-08-28 14:00:00,Footwear,COD,Tier_3,890.99,3.55,0,0,Delivered,,0,3,0.0,0.0,0.0,0.0
ORD_0005257,CUST_05668,2023-08-28 14:00:00,Fashion,Prepaid,Tier_3,1441.95,44.82,0,0,Delivered,,0,2,0.0,1.0,0.0,0.5
ORD_0006749,CUST_04507,2023-08-28 14:00:00,Fashion,COD,Tier_3,6159.01,30.58,1,0,RTO,,1,1,1.0,0.0,1.0,0.0
ORD_0008054,CUST_05671,2023-08-28 15:00:00,Fashion,Prepaid,Tier_3,2711.21,46.5,0,0,Delivered,,0,1,0.0,1.0,0.0,1.0
ORD_0002293,CUST_01064,2023-08-28 18:00:00,Home,COD,Tier_2,481.51,5.72,1,0,RTO,,1,0,0.0,0.0,0.0,0.0
ORD_0000481,CUST_02722,2023-08-28 19:00:00,Fashion,COD,Tier_1,1873.87,42.35,0,0,Delivered,,0,1,1.0,0.0,1.0,0.0
ORD_0005727,CUST_03961,2023-08-28 20:00:00,Home,Prepaid,Tier_1,545.02,46.6,0,1,Returned,Not as Expected,1,1,1.0,0.0,1.0,0.0
ORD_0000983,CUST_03691,2023-08-28 21:00:00,Fashion,Prepaid,Tier_1,2621.94,34.78,0,1,Returned,Wrong Size,1,3,1.0,0.0,0.3333333333333333,0.0
ORD_0006433,CUST_03193,2023-08-28 23:00:00,Electronics,Prepaid,Tier_2,336.12,6.45,0,0,Delivered,,0,0,0.0,0.0,0.0,0.0
ORD_0002448,CUST_00415,2023-08-29 00:00:00,Fashion,Prepaid,Tier_3,595.67,20.56,0,0,Delivered,,0,3,1.0,0.0,0.3333333333333333,0.0
ORD_0002539,CUST_00219,2023-08-29 02:00:00,Electronics,COD,Tier_1,1864.78,36.21,0,0,Delivered,,0,1,0.0,1.0,0.0,1.0
ORD_0007706,CUST_04886,2023-08-29 03:00:00,Footwear,Prepaid,Tier_2,1033.93,10.66,0,1,Returned,Wrong Size,1,0,0.0,0.0,0.0,0.0
ORD_0001885,CUST_00775,2023-08-29 03:00:00,Fashion,COD,Tier_1,558.13,40.65,0,0,Delivered,,0,1,1.0,0.0,1.0,0.0
ORD_0002902,CUST_02259,2023-08-29 04:00:00,Fashion,COD,Tier_3,1228.37,25.39,0,1,Returned,Wrong Size,1,0,0.0,0.0,0.0,0.0
ORD_0008471,CUST_03931,2023-08-29 05:00:00,Beauty,Prepaid,Tier_2,2662.23,24.1,0,0,Delivered,,0,1,0.0,1.0,0.0,1.0
ORD_0006294,CUST_01187,2023-08-29 07:00:00,Electronics,COD,Tier_1,1806.65,43.99,0,0,Delivered,,0,0,0.0,0.0,0.0,0.0
ORD_0004254,CUST_04338,2023-08-29 08:00:00,Beauty,COD,Tier_3,2046.19,40.97,0,0,Delivered,,0,0,0.0,0.0,0.0,0.0
ORD_0007167,CUST_04266,2023-08-29 10:00:00,Fashion,Prepaid,Tier_3,3316.81,7.32,0,0,Delivered,,0,3,0.0,0.0,0.0,0.0
ORD_0007211,CUST_02650,2023-08-29 13:00:00,Footwear,COD,Tier_1,2354.59,0.75,0,1,Returned,Changed Mind,1,3,1.0,0.0,0.3333333333333333,0.0
ORD_0006094,CUST_03949,2023-08-29 19:00:00,Electronics,COD,Tier_3,346.26,38.04,0,0,Delivered,,0,0,0.0,0.0,0.0,0.0
ORD_0004448,CUST_05712,2023-08-29 22:00:00,Fashion,COD,Tier_2,1867.83,47.71,0,0,Delivered,,0,1,1.0,0.0,1.0,0.0
ORD_0006998,CUST_03971,2023-08-29 22:00:00,Footwear,COD,Tier_3,1338.7,3.27,1,0,RTO,,1,1,1.0,0.0,1.0,0.0
ORD_0005141,CUST_00614,2023-08-30 01:00:00,Fashion,COD,Tier_2,354.83,21.06,0,0,Delivered,,0,0,0.0,0.0,0.0,0.0
ORD_0002520,CUST_04156,2023-08-30 02:00:00,Fashion,COD,Tier_2,339.25,47.86,0,1,Returned,Not as Expected,1,0,0.0,0.0,0.0,0.0
ORD_0006907,CUST_03470,2023-08-30 02:00:00,Home,Prepaid,Tier_1,570.96,39.96,0,0,Delivered,,0,1,0.0,0.0,0.0,0.0
ORD_0008961,CUST_05405,2023-08-30 03:00:00,Footwear,COD,Tier_2,2075.11,7.97,0,0,Delivered,,0,1,1.0,0.0,1.0,0.0
ORD_0006914,CUST_05370,2023-08-30 03:00:00,Footwear,COD,Tier_3,388.48,4.57,0,0,Delivered,,0,3,0.0,3.0,0.0,1.0
ORD_0002981,CUST_00473,2023-08-30 03:00:00,Fashion,COD,Tier_2,2268.59,7.56,1,0,RTO,,1,1,0.0,1.0,0.0,1.0
ORD_0002887,CUST_00029,2023-08-30 05:00:00,Home,COD,Tier_1,1311.14,47.82,0,0,Delivered,,0,1,0.0,0.0,0.0,0.0
ORD_0002071,CUST_01177,2023-08-30 06:00:00,Fashion,COD,Tier_1,725.56,35.59,0,0,Delivered,,0,1,1.0,0.0,1.0,0.0
ORD_0002680,CUST_02632,2023-08-30 06:00:00,Fashion,Prepaid,Tier_3,1204.49,22.72,0,0,Delivered,,0,0,0.0,0.0,0.0,0.0
ORD_0001012,CUST_02386,2023-08-30 06:00:00,Footwear,COD,Tier_1,1865.68,17.93,0,0,Delivered,,0,1,0.0,0.0,0.0,0.0
ORD_0002303,CUST_03366,2023-08-30 09:00:00,Fashion,COD,Tier_3,5434.94,8.08,0,0,Delivered,,0,4,0.0,1.0,0.0,0.25
ORD_0004208,CUST_01218,2023-08-30 10:00:00,Footwear,COD,Tier_2,306.11,22.17,0,0,Delivered,,0,5,0.0,2.0,0.0,0.4
ORD_0007566,CUST_02610,2023-08-30 11:00:00,Electronics,COD,Tier_1,4527.93,26.99,0,0,Delivered,,0,1,0.0,0.0,0.0,0.0
ORD_0007194,CUST_05653,2023-08-30 11:00:00,Home,Prepaid,Tier_1,3080.96,21.52,0,0,Delivered,,0,0,0.0,0.0,0.0,0.0
ORD_0006981,CUST_03184,2023-08-30 11:00:00,Footwear,COD,Tier_3,1062.96,13.67,0,0,Delivered,,0,3,1.0,0.0,0.3333333333333333,0.0
ORD_0005463,CUST_00327,2023-08-30 11:00:00,Footwear,COD,Tier_2,763.8,33.42,1,0,RTO,,1,3,0.0,0.0,0.0,0.0
ORD_0005873,CUST_01226,2023-08-30 12:00:00,Home,COD,Tier_1,1393.28,9.43,0,0,Delivered,,0,3,0.0,1.0,0.0,0.3333333333333333
ORD_0007514,CUST_05544,2023-08-30 13:00:00,Footwear,Prepaid,Tier_1,580.74,30.31,0,1,Returned,Wrong Size,1,1,0.0,0.0,0.0,0.0
ORD_0000871,CUST_01566,2023-08-30 14:00:00,Fashion,Prepaid,Tier_1,2136.14,15.12,0,0,Delivered,,0,1,0.0,0.0,0.0,0.0
ORD_0007180,CUST_05167,2023-08-30 14:00:00,Footwear,COD,Tier_3,581.43,10.48,0,0,Delivered,,0,3,1.0,1.0,0.3333333333333333,0.3333333333333333
ORD_0007597,CUST_05654,2023-08-30 15:00:00,Beauty,COD,Tier_1,5983.18,11.08,0,0,Delivered,,0,1,0.0,0.0,0.0,0.0
ORD_0006919,CUST_05049,2023-08-30 16:00:00,Beauty,COD,Tier_3,325.03,48.57,0,0,Delivered,,0,1,0.0,1.0,0.0,1.0
ORD_0004306,CUST_02792,2023-08-30 16:00:00,Home,COD,Tier_2,2121.0,48.67,1,0,RTO,,1,0,0.0,0.0,0.0,0.0
ORD_0007159,CUST_05010,2023-08-30 16:00:00,Fashion,COD,Tier_1,1481.43,38.72,0,1,Returned,Wrong Size,1,2,0.0,0.0,0.0,0.0
ORD_0004126,CUST_03703,2023-08-30 17:00:00,Electronics,Prepaid,Tier_2,1181.38,3.39,0,0,Delivered,,0,2,0.0,0.0,0.0,0.0
ORD_0005329,CUST_01191,2023-08-30 17:00:00,Footwear,Prepaid,Tier_3,2881.56,20.11,1,0,RTO,,1,2,0.0,0.0,0.0,0.0
ORD_0007489,CUST_02480,2023-08-30 17:00:00,Fashion,Prepaid,Tier_3,602.97,1.17,1,0,RTO,,1,0,0.0,0.0,0.0,0.0
ORD_0003317,CUST_02456,2023-08-30 18:00:00,Home,COD,Tier_3,1738.34,24.49,1,0,RTO,,1,2,1.0,0.0,0.5,0.0
ORD_0004071,CUST_03440,2023-08-30 21:00:00,Footwear,COD,Tier_2,1010.3,31.09,0,0,Delivered,,0,2,0.0,1.0,0.0,0.5
ORD_0003958,CUST_05905,2023-08-30 21:00:00,Fashion,COD,Tier_3,1103.11,38.61,1,0,RTO,,1,2,0.0,0.0,0.0,0.0
ORD_0007214,CUST_01466,2023-08-30 22:00:00,Electronics,Prepaid,Tier_1,1505.99,28.53,0,0,Delivered,,0,2,0.0,1.0,0.0,0.5
ORD_0002129,CUST_01652,2023-08-30 22:00:00,Home,COD,Tier_2,3371.32,16.91,0,0,Delivered,,0,0,0.0,0.0,0.0,0.0
ORD_0002903,CUST_01545,2023-08-30 23:00:00,Home,COD,Tier_1,1481.51,13.19,0,1,Returned,Wrong Size,1,1,0.0,0.0,0.0,0.0
ORD_0000153,CUST_00095,2023-08-31 00:00:00,Electronics,COD,Tier_1,1033.26,44.01,0,0,Delivered,,0,0,0.0,0.0,0.0,0.0
ORD_0001652,CUST_02784,2023-08-31 02:00:00,Fashion,COD,Tier_2,533.69,8.75,0,0,Delivered,,0,0,0.0,0.0,0.0,0.0
ORD_0002904,CUST_05940,2023-08-31 03:00:00,Electronics,COD,Tier_3,2664.73,14.95,0,0,Delivered,,0,0,0.0,0.0,0.0,0.0
ORD_0001375,CUST_03948,2023-08-31 05:00:00,Footwear,COD,Tier_2,393.77,40.87,1,0,RTO,,1,0,0.0,0.0,0.0,0.0
ORD_0001102,CUST_03726,2023-08-31 05:00:00,Footwear,COD,Tier_3,1235.82,3.01,1,0,RTO,,1,3,0.0,0.0,0.0,0.0
ORD_0002151,CUST_03580,2023-08-31 06:00:00,Fashion,COD,Tier_1,592.72,19.24,0,0,Delivered,,0,0,0.0,0.0,0.0,0.0
ORD_0003761,CUST_00676,2023-08-31 06:00:00,Electronics,Prepaid,Tier_3,686.92,8.11,0,0,Delivered,,0,2,0.0,0.0,0.0,0.0
ORD_0004231,CUST_04454,2023-08-31 06:00:00,Fashion,COD,Tier_3,1076.29,18.14,0,0,Delivered,,0,1,1.0,0.0,1.0,0.0
ORD_0004897,CUST_05134,2023-08-31 09:00:00,Electronics,COD,Tier_1,1247.17,33.5,0,0,Delivered,,0,2,2.0,0.0,1.0,0.0
ORD_0004512,CUST_05468,2023-08-31 09:00:00,Footwear,COD,Tier_2,724.03,7.66,0,0,Delivered,,0,0,0.0,0.0,0.0,0.0
ORD_0002335,CUST_04251,2023-08-31 10:00:00,Fashion,COD,Tier_1,1765.76,7.3,0,0,Delivered,,0,0,0.0,0.0,0.0,0.0
ORD_0000338,CUST_03906,2023-08-31 12:00:00,Electronics,Prepaid,Tier_2,5862.52,2.87,0,0,Delivered,,0,0,0.0,0.0,0.0,0.0
ORD_0001117,CUST_04248,2023-08-31 13:00:00,Fashion,Prepaid,Tier_2,979.35,8.58,0,1,Returned,Wrong Size,1,0,0.0,0.0,0.0,0.0
ORD_0009304,CUST_05338,2023-08-31 14:00:00,Footwear,COD,Tier_3,3747.58,21.6,1,0,RTO,,1,4,1.0,0.0,0.25,0.0
ORD_0006410,CUST_04384,2023-08-31 14:00:00,Home,COD,Tier_1,627.68,22.76,0,0,Delivered,,0,1,0.0,0.0,0.0,0.0
ORD_0001517,CUST_03902,2023-08-31 14:00:00,Fashion,COD,Tier_1,464.37,26.19,0,0,Delivered,,0,2,1.0,0.0,0.5,0.0
ORD_0009432,CUST_00876,2023-08-31 15:00:00,Footwear,Prepaid,Tier_3,515.93,41.94,1,0,RTO,,1,0,0.0,0.0,0.0,0.0
ORD_0001984,CUST_01328,2023-08-31 16:00:00,Fashion,COD,Tier_2,386.41,25.72,0,1,Returned,Defective,1,1,0.0,1.0,0.0,1.0
ORD_0005613,CUST_05503,2023-08-31 16:00:00,Fashion,COD,Tier_1,615.43,36.11,0,0,Delivered,,0,3,0.0,2.0,0.0,0.6666666666666666
ORD_0008885,CUST_05616,2023-08-31 16:00:00,Fashion,COD,Tier_2,708.04,22.08,0,0,Delivered,,0,3,0.0,1.0,0.0,0.3333333333333333
ORD_0002605,CUST_02020,2023-08-31 18:00:00,Home,COD,Tier_1,565.0,22.63,0,0,Delivered,,0,0,0.0,0.0,0.0,0.0
ORD_0004740,CUST_00839,2023-08-31 18:00:00,Footwear,Prepaid,Tier_2,2120.75,41.87,1,0,RTO,,1,2,0.0,1.0,0.0,0.5
ORD_0000345,CUST_01523,2023-08-31 18:00:00,Fashion,Prepaid,Tier_2,8157.28,22.86,1,0,RTO,,1,0,0.0,0.0,0.0,0.0
ORD_0002966,CUST_05705,2023-08-31 19:00:00,Fashion,COD,Tier_1,553.06,0.71,0,0,Delivered,,0,2,0.0,0.0,0.0,0.0
ORD_0009862,CUST_05158,2023-08-31 19:00:00,Electronics,Prepaid,Tier_3,4519.43,5.5,0,0,Delivered,,0,1,0.0,0.0,0.0,0.0
ORD_0001818,CUST_05173,2023-08-31 19:00:00,Fashion,COD,Tier_3,3760.39,31.75,0,0,Delivered,,0,1,0.0,1.0,0.0,1.0
ORD_0007410,CUST_05653,2023-08-31 20:00:00,Fashion,COD,Tier_2,2359.2,36.68,0,0,Delivered,,0,1,0.0,0.0,0.0,0.0
ORD_0005804,CUST_03925,2023-08-31 20:00:00,Footwear,COD,Tier_1,1181.61,29.51,0,0,Delivered,,0,3,0.0,0.0,0.0,0.0
ORD_0004699,CUST_04688,2023-08-31 22:00:00,Home,COD,Tier_3,1887.22,37.33,0,0,Delivered,,0,1,0.0,0.0,0.0,0.0
ORD_0002978,CUST_05797,2023-08-31 22:00:00,Beauty,COD,Tier_1,2839.52,23.85,1,0,RTO,,1,2,1.0,0.0,0.5,0.0
ORD_0007775,CUST_03891,2023-08-31 23:00:00,Fashion,Prepaid,Tier_3,610.46,45.12,0,0,Delivered,,0,2,0.0,0.0,0.0,0.0
ORD_0003813,CUST_00561,2023-08-31 23:00:00,Fashion,Prepaid,Tier_1,1659.71,0.0,0,0,Delivered,,0,2,0.0,0.0,0.0,0.0
ORD_0006758,CUST_01972,2023-09-01 00:00:00,Footwear,COD,Tier_2,4404.58,5.61,0,1,Returned,Changed Mind,1,0,0.0,0.0,0.0,0.0
ORD_0007725,CUST_03195,2023-09-01 00:00:00,Footwear,COD,Tier_3,700.74,8.62,0,0,Delivered,,0,1,0.0,0.0,0.0,0.0
ORD_0008589,CUST_05139,2023-09-01 01:00:00,Footwear,Prepaid,Tier_2,857.52,40.31,0,1,Returned,Wrong Size,1,2,1.0,0.0,0.5,0.0
ORD_0001283,CUST_05077,2023-09-01 04:00:00,Fashion,COD,Tier_1,3740.78,7.97,1,0,RTO,,1,2,0.0,0.0,0.0,0.0
ORD_0000837,CUST_03961,2023-09-01 05:00:00,Home,COD,Tier_2,1358.45,3.07,1,0,RTO,,1,2,2.0,0.0,1.0,0.0
ORD_0001016,CUST_05792,2023-09-01 05:00:00,Fashion,Prepaid,Tier_2,1478.79,17.88,0,1,Returned,Not as Expected,1,0,0.0,0.0,0.0,0.0
ORD_0008049,CUST_00621,2023-09-01 05:00:00,Fashion,COD,Tier_3,805.41,15.87,1,0,RTO,,1,0,0.0,0.0,0.0,0.0
ORD_0000296,CUST_03631,2023-09-01 05:00:00,Beauty,COD,Tier_2,2453.47,26.23,0,0,Delivered,,0,0,0.0,0.0,0.0,0.0
ORD_0009875,CUST_02461,2023-09-01 06:00:00,Footwear,Prepaid,Tier_1,541.94,18.78,0,0,Delivered,,0,3,1.0,0.0,0.3333333333333333,0.0
ORD_0008288,CUST_04286,2023-09-01 07:00:00,Electronics,COD,Tier_1,1887.91,35.95,0,0,Delivered,,0,2,1.0,1.0,0.5,0.5
ORD_0002806,CUST_00640,2023-09-01 07:00:00,Beauty,COD,Tier_3,1486.91,26.66,0,0,Delivered,,0,1,0.0,0.0,0.0,0.0
ORD_0001199,CUST_01914,2023-09-01 08:00:00,Home,COD,Tier_2,530.38,47.46,0,0,Delivered,,0,1,0.0,0.0,0.0,0.0
ORD_0002790,CUST_03407,2023-09-01 09:00:00,Fashion,COD,Tier_3,3735.23,22.67,0,0,Delivered,,0,0,0.0,0.0,0.0,0.0
ORD_0005471,CUST_05931,2023-09-01 09:00:00,Footwear,COD,Tier_3,2742.22,13.85,0,0,Delivered,,0,0,0.0,0.0,0.0,0.0
ORD_0002319,CUST_04816,2023-09-01 10:00:00,Fashion,COD,Tier_3,2371.67,2.39,0,0,Delivered,,0,0,0.0,0.0,0.0,0.0
ORD_0004177,CUST_02121,2023-09-01 11:00:00,Fashion,Prepaid,Tier_3,371.68,24.77,0,0,Delivered,,0,0,0.0,0.0,0.0,0.0
ORD_0006243,CUST_03987,2023-09-01 11:00:00,Footwear,COD,Tier_3,1667.71,33.77,1,0,RTO,,1,3,0.0,0.0,0.0,0.0
ORD_0001778,CUST_05188,2023-09-01 12:00:00,Footwear,COD,Tier_2,2188.2,24.79,0,0,Delivered,,0,1,0.0,0.0,0.0,0.0
ORD_0007055,CUST_04960,2023-09-01 13:00:00,Fashion,COD,Tier_3,998.28,16.16,0,1,Returned,Wrong Size,1,2,0.0,0.0,0.0,0.0
ORD_0001240,CUST_02595,2023-09-01 14:00:00,Fashion,Prepaid,Tier_2,2446.06,35.31,0,0,Delivered,,0,2,0.0,0.0,0.0,0.0
ORD_0001086,CUST_02851,2023-09-01 14:00:00,Fashion,COD,Tier_1,761.34,35.32,0,1,Returned,Wrong Size,1,2,0.0,0.0,0.0,0.0
ORD_0009495,CUST_00278,2023-09-01 16:00:00,Footwear,Prepaid,Tier_3,460.8,15.91,0,0,Delivered,,0,1,0.0,0.0,0.0,0.0
ORD_0001522,CUST_00894,2023-09-01 17:00:00,Electronics,COD,Tier_3,418.72,45.03,0,0,Delivered,,0,0,0.0,0.0,0.0,0.0
ORD_0003986,CUST_02090,2023-09-01 19:00:00,Footwear,COD,Tier_1,1503.05,6.59,0,0,Delivered,,0,1,0.0,0.0,0.0,0.0
ORD_0001344,CUST_05553,2023-09-01 19:00:00,Electronics,COD,Tier_2,2841.44,34.29,0,0,Delivered,,0,0,0.0,0.0,0.0,0.0
ORD_0001401,CUST_03122,2023-09-01 21:00:00,Footwear,COD,Tier_2,1407.62,26.5,0,0,Delivered,,0,1,0.0,0.0,0.0,0.0
ORD_0002692,CUST_03424,2023-09-01 21:00:00,Fashion,COD,Tier_1,1305.81,46.0,0,0,Delivered,,0,0,0.0,0.0,0.0,0.0
ORD_0007409,CUST_01649,2023-09-01 22:00:00,Home,COD,Tier_1,5435.83,26.97,1,0,RTO,,1,0,0.0,0.0,0.0,0.0
ORD_0006892,CUST_04598,2023-09-01 22:00:00,Fashion,COD,Tier_3,1431.93,14.61,0,0,Delivered,,0,1,0.0,0.0,0.0,0.0
ORD_0000553,CUST_01021,2023-09-02 01:00:00,Footwear,COD,Tier_3,1623.38,47.23,0,0,Delivered,,0,0,0.0,0.0,0.0,0.0
ORD_0005957,CUST_03033,2023-09-02 01:00:00,Fashion,COD,Tier_2,422.07,47.52,0,0,Delivered,,0,0,0.0,0.0,0.0,0.0
ORD_0000181,CUST_01253,2023-09-02 02:00:00,Fashion,COD,Tier_1,1357.12,22.79,0,1,Returned,Not as Expected,1,2,0.0,0.0,0.0,0.0
ORD_0007351,CUST_01720,2023-09-02 03:00:00,Fashion,COD,Tier_2,1423.94,10.8,1,0,RTO,,1,2,0.0,0.0,0.0,0.0
ORD_0005473,CUST_00203,2023-09-02 03:00:00,Home,COD,Tier_1,857.27,39.65,0,1,Returned,Wrong Size,1,0,0.0,0.0,0.0,0.0
ORD_0002638,CUST_03624,2023-09-02 04:00:00,Fashion,COD,Tier_2,1226.57,38.26,0,0,Delivered,,0,0,0.0,0.0,0.0,0.0
ORD_0006392,CUST_03946,2023-09-02 04:00:00,Fashion,COD,Tier_2,2384.23,21.32,0,0,Delivered,,0,1,1.0,0.0,1.0,0.0
ORD_0004116,CUST_00866,2023-09-02 05:00:00,Home,Prepaid,Tier_3,2912.86,29.07,0,1,Returned,Changed Mind,1,0,0.0,0.0,0.0,0.0
ORD_0007632,CUST_05450,2023-09-02 07:00:00,Fashion,Prepaid,Tier_2,512.86,25.28,0,0,Delivered,,0,0,0.0,0.0,0.0,0.0
ORD_0001179,CUST_04809,2023-09-02 07:00:00,Home,COD,Tier_1,492.06,24.44,0,0,Delivered,,0,2,0.0,1.0,0.0,0.5
ORD_0009020,CUST_00880,2023-09-02 08:00:00,Footwear,COD,Tier_3,3278.03,17.61,0,0,Delivered,,0,1,0.0,1.0,0.0,1.0
ORD_0004346,CUST_01437,2023-09-02 08:00:00,Electronics,Prepaid,Tier_1,4070.04,14.77,0,0,Delivered,,0,1,0.0,0.0,0.0,0.0
ORD_0004944,CUST_03074,2023-09-02 08:00:00,Beauty,COD,Tier_2,710.92,2.88,0,0,Delivered,,0,2,0.0,0.0,0.0,0.0
ORD_0007109,CUST_04886,2023-09-02 08:00:00,Fashion,Prepaid,Tier_1,615.93,31.29,0,0,Delivered,,0,1,1.0,0.0,1.0,0.0
ORD_0000691,CUST_03817,2023-09-02 09:00:00,Footwear,Prepaid,Tier_2,2331.51,34.15,0,0,Delivered,,0,2,0.0,0.0,0.0,0.0
ORD_0005855,CUST_05933,2023-09-02 10:00:00,Beauty,COD,Tier_2,1824.75,11.22,0,0,Delivered,,0,1,0.0,0.0,0.0,0.0
ORD_0002808,CUST_00920,2023-09-02 12:00:00,Electronics,Prepaid,Tier_2,2671.28,35.25,0,0,Delivered,,0,0,0.0,0.0,0.0,0.0
ORD_0008790,CUST_01433,2023-09-02 14:00:00,Fashion,COD,Tier_1,1838.12,39.32,0,0,Delivered,,0,0,0.0,0.0,0.0,0.0
ORD_0007401,CUST_00373,2023-09-02 15:00:00,Footwear,COD,Tier_3,495.39,47.3,0,0,Delivered,,0,5,1.0,2.0,0.2,0.4
ORD_0008291,CUST_01960,2023-09-02 15:00:00,Fashion,Prepaid,Tier_3,2075.12,20.57,0,0,Delivered,,0,2,0.0,2.0,0.0,1.0
ORD_0007123,CUST_05322,2023-09-02 15:00:00,Beauty,COD,Tier_1,2359.48,41.96,0,0,Delivered,,0,1,0.0,0.0,0.0,0.0
ORD_0008615,CUST_02674,2023-09-02 16:00:00,Fashion,COD,Tier_3,2503.71,12.61,0,0,Delivered,,0,1,0.0,0.0,0.0,0.0
ORD_0009119,CUST_05148,2023-09-02 17:00:00,Fashion,COD,Tier_2,2661.38,48.45,0,0,Delivered,,0,1,0.0,0.0,0.0,0.0
ORD_0009112,CUST_03725,2023-09-02 17:00:00,Beauty,COD,Tier_1,1168.68,5.31,1,0,RTO,,1,2,0.0,0.0,0.0,0.0
ORD_0006579,CUST_04394,2023-09-02 17:00:00,Fashion,COD,Tier_1,382.51,30.52,0,0,Delivered,,0,0,0.0,0.0,0.0,0.0
ORD_0006811,CUST_05928,2023-09-02 18:00:00,Electronics,COD,Tier_1,4041.81,17.33,0,0,Delivered,,0,3,1.0,1.0,0.3333333333333333,0.3333333333333333
ORD_0007269,CUST_05101,2023-09-02 18:00:00,Electronics,COD,Tier_2,1236.55,17.34,0,0,Delivered,,0,1,0.0,0.0,0.0,0.0
ORD_0008846,CUST_04199,2023-09-02 19:00:00,Fashion,Prepaid,Tier_2,340.72,11.53,1,0,RTO,,1,0,0.0,0.0,0.0,0.0
ORD_0000673,CUST_02226,2023-09-02 20:00:00,Beauty,COD,Tier_2,1539.07,38.08,0,0,Delivered,,0,1,0.0,0.0,0.0,0.0
ORD_0008030,CUST_05228,2023-09-02 20:00:00,Fashion,Prepaid,Tier_3,1379.07,15.95,0,0,Delivered,,0,2,0.0,0.0,0.0,0.0
ORD_0008116,CUST_03917,2023-09-02 21:00:00,Fashion,COD,Tier_2,937.84,10.16,0,0,Delivered,,0,0,0.0,0.0,0.0,0.0
ORD_0007702,CUST_00571,2023-09-02 22:00:00,Fashion,COD,Tier_3,2873.49,0.18,0,0,Delivered,,0,1,0.0,0.0,0.0,0.0
ORD_0005424,CUST_00598,2023-09-03 01:00:00,Footwear,COD,Tier_1,1286.84,35.42,1,0,RTO,,1,1,0.0,0.0,0.0,0.0
ORD_0004239,CUST_02819,2023-09-03 02:00:00,Footwear,COD,Tier_1,1739.64,5.17,1,0,RTO,,1,0,0.0,0.0,0.0,0.0
ORD_0000583,CUST_04970,2023-09-03 02:00:00,Electronics,Prepaid,Tier_3,2072.39,13.09,0,0,Delivered,,0,2,1.0,1.0,0.5,0.5
ORD_0003227,CUST_00623,2023-09-03 03:00:00,Footwear,COD,Tier_2,4411.61,44.78,0,0,Delivered,,0,1,0.0,0.0,0.0,0.0
ORD_0006611,CUST_02652,2023-09-03 03:00:00,Fashion,COD,Tier_3,443.61,44.93,0,0,Delivered,,0,1,0.0,0.0,0.0,0.0
ORD_0000171,CUST_04101,2023-09-03 03:00:00,Electronics,COD,Tier_1,733.73,14.25,0,0,Delivered,,0,0,0.0,0.0,0.0,0.0
ORD_0000502,CUST_03265,2023-09-03 05:00:00,Electronics,COD,Tier_2,3833.06,31.58,0,0,Delivered,,0,1,0.0,0.0,0.0,0.0
ORD_0001831,CUST_03021,2023-09-03 05:00:00,Fashion,COD,Tier_2,887.72,44.21,1,0,RTO,,1,0,0.0,0.0,0.0,0.0
ORD_0001219,CUST_04309,2023-09-03 05:00:00,Home,Prepaid,Tier_3,2663.02,18.86,0,1,Returned,Not as Expected,1,0,0.0,0.0,0.0,0.0
ORD_0000017,CUST_01906,2023-09-03 06:00:00,Fashion,COD,Tier_2,331.45,5.17,0,1,Returned,Wrong Size,1,0,0.0,0.0,0.0,0.0
ORD_0002751,CUST_01930,2023-09-03 06:00:00,Footwear,COD,Tier_2,2957.49,22.27,0,0,Delivered,,0,1,0.0,1.0,0.0,1.0
ORD_0002623,CUST_02358,2023-09-03 06:00:00,Footwear,COD,Tier_2,3124.35,12.4,1,0,RTO,,1,0,0.0,0.0,0.0,0.0
ORD_0000675,CUST_02620,2023-09-03 06:00:00,Beauty,Prepaid,Tier_1,3357.72,37.38,0,0,Delivered,,0,1,0.0,0.0,0.0,0.0
ORD_0006407,CUST_02818,2023-09-03 06:00:00,Fashion,COD,Tier_2,617.08,48.52,0,0,Delivered,,0,1,0.0,0.0,0.0,0.0
ORD_0007715,CUST_01139,2023-09-03 07:00:00,Footwear,Prepaid,Tier_2,432.26,49.66,0,0,Delivered,,0,1,0.0,0.0,0.0,0.0
ORD_0009195,CUST_02158,2023-09-03 07:00:00,Electronics,Prepaid,Tier_2,1759.08,45.12,0,0,Delivered,,0,5,1.0,2.0,0.2,0.4
ORD_0005663,CUST_02939,2023-09-03 07:00:00,Electronics,COD,Tier_1,885.99,21.66,0,0,Delivered,,0,1,0.0,0.0,0.0,0.0
ORD_0008271,CUST_00053,2023-09-03 08:00:00,Beauty,COD,Tier_1,343.52,43.34,0,0,Delivered,,0,1,1.0,0.0,1.0,0.0
ORD_0006951,CUST_04477,2023-09-03 09:00:00,Electronics,COD,Tier_1,6480.5,1.99,0,0,Delivered,,0,1,0.0,0.0,0.0,0.0
ORD_0000124,CUST_04599,2023-09-03 09:00:00,Footwear,Prepaid,Tier_2,1023.46,30.66,0,0,Delivered,,0,0,0.0,0.0,0.0,0.0
ORD_0005671,CUST_00672,2023-09-03 12:00:00,Home,Prepaid,Tier_3,918.5,4.4,0,0,Delivered,,0,1,1.0,0.0,1.0,0.0
ORD_0009718,CUST_02132,2023-09-03 12:00:00,Electronics,COD,Tier_1,1025.14,44.74,0,0,Delivered,,0,2,0.0,1.0,0.0,0.5
ORD_0005556,CUST_03237,2023-09-03 12:00:00,Electronics,Prepaid,Tier_3,645.24,32.45,0,0,Delivered,,0,0,0.0,0.0,0.0,0.0
ORD_0008985,CUST_02273,2023-09-03 12:00:00,Fashion,COD,Tier_2,989.22,11.54,0,0,Delivered,,0,0,0.0,0.0,0.0,0.0
ORD_0003887,CUST_03859,2023-09-03 13:00:00,Fashion,COD,Tier_1,1963.23,19.37,0,0,Delivered,,0,1,0.0,0.0,0.0,0.0
ORD_0008295,CUST_00309,2023-09-03 13:00:00,Fashion,Prepaid,Tier_2,533.5,15.47,0,0,Delivered,,0,1,0.0,1.0,0.0,1.0
ORD_0007569,CUST_05771,2023-09-03 14:00:00,Fashion,COD,Tier_2,1155.49,8.08,0,0,Delivered,,0,1,0.0,1.0,0.0,1.0
ORD_0002507,CUST_01221,2023-09-03 15:00:00,Electronics,COD,Tier_2,4574.79,47.41,0,0,Delivered,,0,1,0.0,1.0,0.0,1.0
ORD_0003303,CUST_05615,2023-09-03 17:00:00,Fashion,COD,Tier_3,1633.89,13.01,0,1,Returned,Wrong Size,1,3,0.0,0.0,0.0,0.0
ORD_0009550,CUST_01422,2023-09-03 17:00:00,Footwear,Prepaid,Tier_2,1733.52,22.59,0,0,Delivered,,0,1,0.0,0.0,0.0,0.0
ORD_0008088,CUST_02122,2023-09-03 18:00:00,Fashion,Prepaid,Tier_3,845.99,46.43,0,0,Delivered,,0,0,0.0,0.0,0.0,0.0
ORD_0007838,CUST_03945,2023-09-03 18:00:00,Fashion,Prepaid,Tier_2,472.06,38.34,0,0,Delivered,,0,0,0.0,0.0,0.0,0.0
ORD_0001385,CUST_05525,2023-09-03 18:00:00,Beauty,COD,Tier_2,1102.24,16.71,0,1,Returned,Wrong Size,1,2,2.0,0.0,1.0,0.0
ORD_0009619,CUST_02378,2023-09-03 19:00:00,Fashion,COD,Tier_3,1546.61,5.37,0,0,Delivered,,0,1,0.0,0.0,0.0,0.0
ORD_0009567,CUST_05302,2023-09-03 20:00:00,Footwear,COD,Tier_1,1295.1,19.95,0,1,Returned,Defective,1,3,0.0,0.0,0.0,0.0
ORD_0008421,CUST_03373,2023-09-03 20:00:00,Electronics,Prepaid,Tier_2,518.43,37.46,0,0,Delivered,,0,2,1.0,0.0,0.5,0.0
ORD_0001084,CUST_00748,2023-09-04 01:00:00,Electronics,COD,Tier_2,1511.94,15.92,0,0,Delivered,,0,1,1.0,0.0,1.0,0.0
ORD_0007418,CUST_02654,2023-09-04 01:00:00,Home,COD,Tier_3,662.77,8.07,1,0,RTO,,1,0,0.0,0.0,0.0,0.0
ORD_0001328,CUST_02249,2023-09-04 02:00:00,Beauty,COD,Tier_2,1255.2,33.12,1,0,RTO,,1,1,1.0,0.0,1.0,0.0
ORD_0004923,CUST_02808,2023-09-04 02:00:00,Footwear,COD,Tier_3,1651.6,3.47,0,0,Delivered,,0,3,0.0,0.0,0.0,0.0
ORD_0007258,CUST_02524,2023-09-04 03:00:00,Footwear,COD,Tier_2,2493.07,3.56,0,1,Returned,Changed Mind,1,2,0.0,1.0,0.0,0.5
ORD_0002596,CUST_05537,2023-09-04 03:00:00,Home,COD,Tier_1,9506.08,7.27,0,0,Delivered,,0,0,0.0,0.0,0.0,0.0
ORD_0009938,CUST_05373,2023-09-04 03:00:00,Footwear,COD,Tier_2,617.11,43.97,0,0,Delivered,,0,0,0.0,0.0,0.0,0.0
ORD_0001496,CUST_04426,2023-09-04 05:00:00,Fashion,Prepaid,Tier_3,4949.21,36.22,0,0,Delivered,,0,1,0.0,1.0,0.0,1.0
ORD_0007768,CUST_03327,2023-09-04 06:00:00,Fashion,COD,Tier_3,1416.88,45.39,0,0,Delivered,,0,3,0.0,0.0,0.0,0.0
ORD_0000766,CUST_01634,2023-09-04 07:00:00,Home,COD,Tier_2,4639.23,16.01,0,0,Delivered,,0,2,0.0,1.0,0.0,0.5
ORD_0006047,CUST_00126,2023-09-04 07:00:00,Beauty,Prepaid,Tier_1,1379.75,9.77,0,0,Delivered,,0,2,0.0,1.0,0.0,0.5
ORD_0000957,CUST_02069,2023-09-04 07:00:00,Electronics,Prepaid,Tier_2,3550.28,13.31,0,0,Delivered,,0,0,0.0,0.0,0.0,0.0
ORD_0002707,CUST_03723,2023-09-04 08:00:00,Electronics,Prepaid,Tier_2,2357.17,1.79,0,0,Delivered,,0,1,0.0,0.0,0.0,0.0
ORD_0002120,CUST_03921,2023-09-04 08:00:00,Fashion,COD,Tier_2,3219.48,44.61,0,1,Returned,Changed Mind,1,0,0.0,0.0,0.0,0.0
ORD_0003403,CUST_04151,2023-09-04 08:00:00,Footwear,Prepaid,Tier_1,3217.52,24.17,0,0,Delivered,,0,3,0.0,1.0,0.0,0.3333333333333333
ORD_0006293,CUST_05175,2023-09-04 09:00:00,Home,COD,Tier_2,1329.9,12.32,0,0,Delivered,,0,1,0.0,1.0,0.0,1.0
ORD_0001862,CUST_00321,2023-09-04 09:00:00,Footwear,COD,Tier_3,2991.1,21.32,0,0,Delivered,,0,0,0.0,0.0,0.0,0.0
ORD_0006887,CUST_03997,2023-09-04 12:00:00,Home,COD,Tier_1,3178.37,27.41,0,0,Delivered,,0,1,0.0,1.0,0.0,1.0
ORD_0001236,CUST_02692,2023-09-04 12:00:00,Home,COD,Tier_2,1862.54,23.31,0,0,Delivered,,0,0,0.0,0.0,0.0,0.0
ORD_0002278,CUST_02962,2023-09-04 13:00:00,Home,COD,Tier_1,1126.71,48.46,0,0,Delivered,,0,0,0.0,0.0,0.0,0.0
ORD_0004973,CUST_02467,2023-09-04 13:00:00,Fashion,Prepaid,Tier_1,924.22,41.57,0,0,Delivered,,0,1,0.0,0.0,0.0,0.0
ORD_0009627,CUST_05606,2023-09-04 13:00:00,Fashion,COD,Tier_2,1385.52,18.82,0,0,Delivered,,0,2,0.0,0.0,0.0,0.0
ORD_0003092,CUST_05258,2023-09-04 15:00:00,Fashion,COD,Tier_3,963.46,5.39,0,0,Delivered,,0,1,0.0,1.0,0.0,1.0
ORD_0003545,CUST_05519,2023-09-04 17:00:00,Fashion,Prepaid,Tier_3,954.2,12.31,0,0,Delivered,,0,4,0.0,1.0,0.0,0.25
ORD_0006164,CUST_01820,2023-09-04 17:00:00,Fashion,COD,Tier_3,1701.42,34.11,0,0,Delivered,,0,1,0.0,0.0,0.0,0.0
ORD_0002340,CUST_05203,2023-09-04 17:00:00,Footwear,Prepaid,Tier_1,1719.58,29.89,0,1,Returned,Wrong Size,1,0,0.0,0.0,0.0,0.0
ORD_0007548,CUST_02615,2023-09-04 19:00:00,Fashion,Prepaid,Tier_2,1386.13,22.46,0,0,Delivered,,0,2,0.0,1.0,0.0,0.5
ORD_0001507,CUST_02653,2023-09-04 19:00:00,Footwear,Prepaid,Tier_2,361.08,11.39,0,1,Returned,Not as Expected,1,0,0.0,0.0,0.0,0.0
ORD_0005854,CUST_01374,2023-09-04 20:00:00,Beauty,Prepaid,Tier_1,838.29,33.02,0,0,Delivered,,0,0,0.0,0.0,0.0,0.0
ORD_0008154,CUST_05701,2023-09-04 21:00:00,Beauty,COD,Tier_3,4765.97,7.36,1,0,RTO,,1,1,0.0,1.0,0.0,1.0
ORD_0000883,CUST_04021,2023-09-04 21:00:00,Footwear,COD,Tier_2,326.35,19.14,1,0,RTO,,1,0,0.0,0.0,0.0,0.0
ORD_0007064,CUST_04435,2023-09-04 21:00:00,Fashion,Prepaid,Tier_1,380.56,3.65,0,0,Delivered,,0,0,0.0,0.0,0.0,0.0
ORD_0009887,CUST_04184,2023-09-04 23:00:00,Electronics,COD,Tier_3,845.38,48.99,0,0,Delivered,,0,1,0.0,1.0,0.0,1.0
ORD_0006517,CUST_03776,2023-09-05 00:00:00,Home,COD,Tier_1,1752.32,30.38,0,0,Delivered,,0,2,1.0,0.0,0.5,0.0
ORD_0009604,CUST_03130,2023-09-05 04:00:00,Fashion,Prepaid,Tier_2,457.74,32.64,0,1,Returned,Not as Expected,1,0,0.0,0.0,0.0,0.0
ORD_0009761,CUST_00213,2023-09-05 04:00:00,Fashion,Prepaid,Tier_1,1379.09,15.04,0,0,Delivered,,0,0,0.0,0.0,0.0,0.0
ORD_0001168,CUST_01119,2023-09-05 05:00:00,Footwear,Prepaid,Tier_3,2201.97,1.21,1,0,RTO,,1,1,0.0,0.0,0.0,0.0
ORD_0000730,CUST_03228,2023-09-05 05:00:00,Home,COD,Tier_2,2635.41,47.45,0,0,Delivered,,0,0,0.0,0.0,0.0,0.0
ORD_0005480,CUST_00360,2023-09-05 09:00:00,Home,COD,Tier_1,4922.0,32.81,0,0,Delivered,,0,3,1.0,0.0,0.3333333333333333,0.0
ORD_0002257,CUST_03704,2023-09-05 10:00:00,Fashion,Prepaid,Tier_2,2393.02,9.59,0,0,Delivered,,0,1,0.0,0.0,0.0,0.0
ORD_0005006,CUST_04491,2023-09-05 10:00:00,Footwear,Prepaid,Tier_3,922.13,33.19,1,0,RTO,,1,2,1.0,0.0,0.5,0.0
ORD_0007370,CUST_02593,2023-09-05 10:00:00,Footwear,Prepaid,Tier_1,11502.66,27.22,0,1,Returned,Wrong Size,1,1,1.0,0.0,1.0,0.0
ORD_0005132,CUST_05021,2023-09-05 13:00:00,Home,Prepaid,Tier_2,671.59,28.09,0,0,Delivered,,0,0,0.0,0.0,0.0,0.0
ORD_0008473,CUST_02498,2023-09-05 13:00:00,Fashion,COD,Tier_3,5769.89,21.96,0,0,Delivered,,0,1,0.0,0.0,0.0,0.0
ORD_0008382,CUST_01771,2023-09-05 13:00:00,Footwear,COD,Tier_2,2883.12,14.95,0,0,Delivered,,0,0,0.0,0.0,0.0,0.0
ORD_0006150,CUST_04436,2023-09-05 13:00:00,Beauty,Prepaid,Tier_3,335.36,14.86,0,0,Delivered,,0,1,0.0,0.0,0.0,0.0
ORD_0003827,CUST_05047,2023-09-05 14:00:00,Home,Prepaid,Tier_2,2789.85,3.89,1,0,RTO,,1,2,0.0,2.0,0.0,1.0
ORD_0000687,CUST_03399,2023-09-05 14:00:00,Electronics,Prepaid,Tier_2,342.82,4.71,0,0,Delivered,,0,2,1.0,0.0,0.5,0.0
ORD_0005378,CUST_05813,2023-09-05 15:00:00,Fashion,COD,Tier_2,990.16,46.16,0,0,Delivered,,0,3,0.0,0.0,0.0,0.0
ORD_0005933,CUST_02588,2023-09-05 15:00:00,Fashion,COD,Tier_3,577.55,29.9,0,1,Returned,Wrong Size,1,0,0.0,0.0,0.0,0.0
ORD_0009458,CUST_02525,2023-09-05 15:00:00,Home,COD,Tier_1,2117.01,32.25,0,0,Delivered,,0,1,1.0,0.0,1.0,0.0
ORD_0006863,CUST_01820,2023-09-05 16:00:00,Fashion,Prepaid,Tier_1,482.29,5.11,0,0,Delivered,,0,2,0.0,0.0,0.0,0.0
ORD_0007135,CUST_00123,2023-09-05 17:00:00,Footwear,COD,Tier_1,4969.98,42.62,0,1,Returned,Wrong Size,1,0,0.0,0.0,0.0,0.0
ORD_0002634,CUST_02357,2023-09-05 19:00:00,Electronics,COD,Tier_2,735.14,38.01,0,0,Delivered,,0,4,1.0,0.0,0.25,0.0
ORD_0009939,CUST_03909,2023-09-05 19:00:00,Fashion,Prepaid,Tier_2,3079.86,15.23,0,1,Returned,Changed Mind,1,2,0.0,0.0,0.0,0.0
ORD_0002040,CUST_00156,2023-09-05 20:00:00,Electronics,Prepaid,Tier_2,654.69,17.19,0,0,Delivered,,0,1,0.0,0.0,0.0,0.0
ORD_0003260,CUST_05193,2023-09-05 20:00:00,Fashion,COD,Tier_3,366.96,7.98,0,0,Delivered,,0,0,0.0,0.0,0.0,0.0
ORD_0004218,CUST_04512,2023-09-05 22:00:00,Fashion,COD,Tier_2,2203.71,14.39,0,1,Returned,Not as Expected,1,0,0.0,0.0,0.0,0.0
ORD_0004777,CUST_00209,2023-09-05 23:00:00,Footwear,COD,Tier_3,447.22,9.24,1,0,RTO,,1,0,0.0,0.0,0.0,0.0
ORD_0007374,CUST_05106,2023-09-06 00:00:00,Electronics,COD,Tier_1,2710.31,37.48,0,0,Delivered,,0,4,0.0,3.0,0.0,0.75
ORD_0009576,CUST_01383,2023-09-06 00:00:00,Footwear,COD,Tier_1,2881.33,14.92,0,0,Delivered,,0,1,0.0,0.0,0.0,0.0
ORD_0001404,CUST_00888,2023-09-06 00:00:00,Footwear,COD,Tier_3,1312.91,0.45,1,0,RTO,,1,0,0.0,0.0,0.0,0.0
ORD_0001653,CUST_02876,2023-09-06 02:00:00,Fashion,COD,Tier_3,1613.93,2.4,0,0,Delivered,,0,0,0.0,0.0,0.0,0.0
ORD_0004007,CUST_05372,2023-09-06 02:00:00,Fashion,COD,Tier_3,991.69,31.39,0,0,Delivered,,0,2,0.0,1.0,0.0,0.5
ORD_0004747,CUST_04865,2023-09-06 03:00:00,Fashion,COD,Tier_2,3631.09,26.41,0,1,Returned,Changed Mind,1,4,1.0,0.0,0.25,0.0
ORD_0005706,CUST_04182,2023-09-06 04:00:00,Footwear,COD,Tier_2,1968.11,49.62,0,0,Delivered,,0,3,0.0,1.0,0.0,0.3333333333333333
ORD_0009110,CUST_02285,2023-09-06 07:00:00,Footwear,Prepaid,Tier_3,517.86,36.97,0,0,Delivered,,0,1,0.0,0.0,0.0,0.0
ORD_0003871,CUST_04093,2023-09-06 07:00:00,Footwear,COD,Tier_1,529.65,4.34,0,0,Delivered,,0,1,0.0,0.0,0.0,0.0
ORD_0001028,CUST_03483,2023-09-06 08:00:00,Fashion,COD,Tier_1,646.88,20.57,0,0,Delivered,,0,1,0.0,0.0,0.0,0.0
ORD_0002429,CUST_02562,2023-09-06 09:00:00,Footwear,Prepaid,Tier_2,984.8,34.83,1,0,RTO,,1,2,0.0,0.0,0.0,0.0
ORD_0001765,CUST_03570,2023-09-06 10:00:00,Fashion,COD,Tier_2,392.92,6.69,0,1,Returned,Wrong Size,1,1,0.0,0.0,0.0,0.0
ORD_0006222,CUST_00819,2023-09-06 10:00:00,Fashion,COD,Tier_3,1301.63,20.28,0,0,Delivered,,0,1,0.0,0.0,0.0,0.0
ORD_0009260,CUST_04001,2023-09-06 11:00:00,Footwear,COD,Tier_1,1055.58,27.55,0,0,Delivered,,0,1,0.0,0.0,0.0,0.0
ORD_0006439,CUST_05123,2023-09-06 11:00:00,Electronics,Prepaid,Tier_1,1155.5,28.13,0,0,Delivered,,0,0,0.0,0.0,0.0,0.0
ORD_0006712,CUST_01893,2023-09-06 11:00:00,Footwear,Prepaid,Tier_1,429.83,49.64,0,0,Delivered,,0,0,0.0,0.0,0.0,0.0
ORD_0007283,CUST_03898,2023-09-06 12:00:00,Electronics,COD,Tier_2,912.15,10.82,1,0,RTO,,1,1,0.0,0.0,0.0,0.0
ORD_0003798,CUST_01876,2023-09-06 12:00:00,Electronics,COD,Tier_2,813.65,46.88,1,0,RTO,,1,2,0.0,0.0,0.0,0.0
ORD_0003565,CUST_04886,2023-09-06 13:00:00,Home,Prepaid,Tier_3,3304.29,16.27,0,0,Delivered,,0,2,1.0,0.0,0.5,0.0
ORD_0007858,CUST_05604,2023-09-06 13:00:00,Home,Prepaid,Tier_3,1741.46,33.19,0,0,Delivered,,0,1,0.0,0.0,0.0,0.0
ORD_0004392,CUST_00886,2023-09-06 13:00:00,Fashion,COD,Tier_2,1879.68,38.55,0,0,Delivered,,0,3,0.0,0.0,0.0,0.0
ORD_0007270,CUST_02074,2023-09-06 14:00:00,Fashion,COD,Tier_2,633.17,46.77,1,0,RTO,,1,0,0.0,0.0,0.0,0.0
ORD_0006604,CUST_05711,2023-09-06 15:00:00,Beauty,Prepaid,Tier_2,889.67,46.06,0,0,Delivered,,0,2,0.0,0.0,0.0,0.0
ORD_0006042,CUST_03238,2023-09-06 15:00:00,Footwear,COD,Tier_1,580.15,34.01,0,0,Delivered,,0,0,0.0,0.0,0.0,0.0
ORD_0005007,CUST_04067,2023-09-06 16:00:00,Footwear,COD,Tier_2,1326.08,18.6,0,0,Delivered,,0,1,0.0,1.0,0.0,1.0
ORD_0000832,CUST_04275,2023-09-06 17:00:00,Beauty,COD,Tier_1,348.02,20.52,0,0,Delivered,,0,1,0.0,0.0,0.0,0.0
ORD_0009642,CUST_03468,2023-09-06 20:00:00,Electronics,COD,Tier_2,1372.26,15.26,0,0,Delivered,,0,0,0.0,0.0,0.0,0.0
ORD_0001541,CUST_04017,2023-09-06 21:00:00,Electronics,COD,Tier_3,1286.83,44.07,0,0,Delivered,,0,1,0.0,0.0,0.0,0.0
ORD_0000024,CUST_05324,2023-09-06 22:00:00,Electronics,Prepaid,Tier_3,3181.61,3.86,0,0,Delivered,,0,5,1.0,1.0,0.2,0.2
ORD_0009951,CUST_05658,2023-09-06 23:00:00,Fashion,Prepaid,Tier_1,999.55,46.44,0,0,Delivered,,0,3,0.0,0.0,0.0,0.0
ORD_0006367,CUST_02924,2023-09-07 00:00:00,Footwear,Prepaid,Tier_3,623.9,7.93,0,0,Delivered,,0,1,0.0,1.0,0.0,1.0
ORD_0003791,CUST_02815,2023-09-07 00:00:00,Beauty,COD,Tier_2,403.01,36.05,0,0,Delivered,,0,2,1.0,0.0,0.5,0.0
ORD_0008160,CUST_03986,2023-09-07 01:00:00,Footwear,COD,Tier_2,976.41,47.64,0,0,Delivered,,0,0,0.0,0.0,0.0,0.0
ORD_0001955,CUST_01357,2023-09-07 02:00:00,Beauty,COD,Tier_3,2601.34,36.15,0,0,Delivered,,0,1,0.0,0.0,0.0,0.0
ORD_0009504,CUST_00823,2023-09-07 03:00:00,Fashion,Prepaid,Tier_1,3946.08,41.66,0,1,Returned,Wrong Size,1,0,0.0,0.0,0.0,0.0
ORD_0008669,CUST_01212,2023-09-07 04:00:00,Fashion,Prepaid,Tier_1,485.47,41.7,0,0,Delivered,,0,0,0.0,0.0,0.0,0.0
ORD_0003381,CUST_05676,2023-09-07 05:00:00,Electronics,Prepaid,Tier_1,5969.66,14.25,0,0,Delivered,,0,1,0.0,0.0,0.0,0.0
ORD_0005773,CUST_02827,2023-09-07 06:00:00,Electronics,COD,Tier_2,781.79,6.87,0,0,Delivered,,0,1,0.0,0.0,0.0,0.0
ORD_0005065,CUST_02227,2023-09-07 07:00:00,Beauty,COD,Tier_2,2255.79,22.8,0,0,Delivered,,0,0,0.0,0.0,0.0,0.0
ORD_0003155,CUST_01993,2023-09-07 10:00:00,Electronics,COD,Tier_2,2408.44,9.06,0,0,Delivered,,0,0,0.0,0.0,0.0,0.0
ORD_0003279,CUST_04545,2023-09-07 10:00:00,Fashion,COD,Tier_1,1522.98,1.61,0,0,Delivered,,0,0,0.0,0.0,0.0,0.0
ORD_0000496,CUST_02501,2023-09-07 10:00:00,Fashion,COD,Tier_3,2027.35,20.29,0,0,Delivered,,0,0,0.0,0.0,0.0,0.0
ORD_0002592,CUST_04368,2023-09-07 11:00:00,Footwear,COD,Tier_1,4058.15,18.54,0,1,Returned,Wrong Size,1,0,0.0,0.0,0.0,0.0
ORD_0004870,CUST_01382,2023-09-07 11:00:00,Fashion,Prepaid,Tier_3,1485.06,36.88,1,0,RTO,,1,2,0.0,0.0,0.0,0.0
ORD_0003851,CUST_04978,2023-09-07 13:00:00,Footwear,COD,Tier_2,1553.24,8.02,0,0,Delivered,,0,1,0.0,1.0,0.0,1.0
ORD_0007265,CUST_00964,2023-09-07 13:00:00,Footwear,COD,Tier_3,1654.61,11.13,0,0,Delivered,,0,1,0.0,0.0,0.0,0.0
ORD_0006971,CUST_02327,2023-09-07 15:00:00,Home,COD,Tier_3,1022.4,32.74,1,0,RTO,,1,1,0.0,0.0,0.0,0.0
ORD_0006357,CUST_02328,2023-09-07 16:00:00,Fashion,COD,Tier_2,5771.43,3.08,1,0,RTO,,1,2,0.0,1.0,0.0,0.5
ORD_0009942,CUST_03319,2023-09-07 17:00:00,Fashion,COD,Tier_3,2410.83,37.53,0,0,Delivered,,0,1,0.0,0.0,0.0,0.0
ORD_0003707,CUST_03024,2023-09-07 17:00:00,Fashion,Prepaid,Tier_2,4510.97,28.76,0,0,Delivered,,0,2,0.0,0.0,0.0,0.0
ORD_0001488,CUST_01909,2023-09-07 17:00:00,Fashion,COD,Tier_1,1364.03,20.35,0,0,Delivered,,0,3,1.0,0.0,0.3333333333333333,0.0
ORD_0003911,CUST_05047,2023-09-07 19:00:00,Beauty,Prepaid,Tier_2,683.46,44.48,0,0,Delivered,,0,3,0.0,3.0,0.0,1.0
ORD_0008281,CUST_03900,2023-09-07 19:00:00,Footwear,COD,Tier_2,5852.65,41.17,1,0,RTO,,1,2,0.0,1.0,0.0,0.5
ORD_0007286,CUST_03620,2023-09-07 20:00:00,Beauty,Prepaid,Tier_2,1507.05,26.69,0,0,Delivered,,0,2,1.0,1.0,0.5,0.5
ORD_0009824,CUST_05612,2023-09-07 21:00:00,Footwear,COD,Tier_3,3879.71,33.18,0,0,Delivered,,0,2,1.0,0.0,0.5,0.0
ORD_0009309,CUST_05436,2023-09-07 21:00:00,Footwear,COD,Tier_3,428.38,44.4,1,0,RTO,,1,2,0.0,0.0,0.0,0.0
ORD_0008451,CUST_03927,2023-09-07 22:00:00,Home,COD,Tier_3,774.68,27.36,0,0,Delivered,,0,0,0.0,0.0,0.0,0.0
ORD_0008986,CUST_04750,2023-09-07 22:00:00,Beauty,Prepaid,Tier_2,609.37,42.98,0,1,Returned,Changed Mind,1,1,0.0,0.0,0.0,0.0
ORD_0001504,CUST_02935,2023-09-07 22:00:00,Fashion,COD,Tier_2,760.71,48.35,0,0,Delivered,,0,2,0.0,0.0,0.0,0.0
ORD_0000034,CUST_05720,2023-09-08 01:00:00,Electronics,Prepaid,Tier_2,482.06,14.55,0,0,Delivered,,0,1,0.0,0.0,0.0,0.0
ORD_0003416,CUST_05388,2023-09-08 02:00:00,Footwear,COD,Tier_2,2279.2,20.74,0,1,Returned,Changed Mind,1,1,0.0,1.0,0.0,1.0
ORD_0009641,CUST_05804,2023-09-08 04:00:00,Electronics,Prepaid,Tier_3,1900.07,29.62,0,0,Delivered,,0,1,0.0,0.0,0.0,0.0
ORD_0004501,CUST_00366,2023-09-08 04:00:00,Fashion,COD,Tier_3,1692.32,32.56,0,0,Delivered,,0,0,0.0,0.0,0.0,0.0
ORD_0003338,CUST_02700,2023-09-08 06:00:00,Fashion,Prepaid,Tier_3,1029.09,6.09,1,0,RTO,,1,0,0.0,0.0,0.0,0.0
ORD_0009456,CUST_05863,2023-09-08 06:00:00,Footwear,COD,Tier_1,322.14,5.35,0,0,Delivered,,0,1,0.0,1.0,0.0,1.0
ORD_0001945,CUST_02759,2023-09-08 09:00:00,Footwear,Prepaid,Tier_3,766.91,6.07,0,0,Delivered,,0,0,0.0,0.0,0.0,0.0
ORD_0007165,CUST_05769,2023-09-08 09:00:00,Electronics,COD,Tier_2,1317.61,46.63,0,0,Delivered,,0,0,0.0,0.0,0.0,0.0
ORD_0004966,CUST_05750,2023-09-08 10:00:00,Beauty,Prepaid,Tier_2,1565.81,30.94,0,0,Delivered,,0,1,0.0,0.0,0.0,0.0
ORD_0004473,CUST_04917,2023-09-08 11:00:00,Fashion,COD,Tier_2,1823.94,43.59,0,0,Delivered,,0,1,0.0,0.0,0.0,0.0
ORD_0005593,CUST_05292,2023-09-08 11:00:00,Footwear,Prepaid,Tier_1,338.98,14.31,0,0,Delivered,,0,3,0.0,1.0,0.0,0.3333333333333333
ORD_0001843,CUST_00337,2023-09-08 12:00:00,Footwear,COD,Tier_2,543.29,48.89,1,0,RTO,,1,2,0.0,1.0,0.0,0.5
ORD_0008590,CUST_00186,2023-09-08 12:00:00,Beauty,COD,Tier_3,343.44,33.49,1,0,RTO,,1,1,0.0,0.0,0.0,0.0
ORD_0000740,CUST_01489,2023-09-08 14:00:00,Home,COD,Tier_1,1217.26,36.89,1,0,RTO,,1,0,0.0,0.0,0.0,0.0
ORD_0007538,CUST_04732,2023-09-08 16:00:00,Beauty,COD,Tier_1,2595.85,39.57,0,0,Delivered,,0,0,0.0,0.0,0.0,0.0
ORD_0004981,CUST_04962,2023-09-08 17:00:00,Beauty,COD,Tier_1,1580.21,49.02,0,0,Delivered,,0,2,0.0,0.0,0.0,0.0
ORD_0006991,CUST_03167,2023-09-08 18:00:00,Fashion,COD,Tier_2,1217.36,33.46,1,0,RTO,,1,2,0.0,0.0,0.0,0.0
ORD_0001467,CUST_01555,2023-09-08 19:00:00,Fashion,COD,Tier_3,803.22,7.78,0,1,Returned,Changed Mind,1,1,0.0,0.0,0.0,0.0
ORD_0008817,CUST_03872,2023-09-08 20:00:00,Fashion,Prepaid,Tier_3,2677.96,43.88,0,0,Delivered,,0,0,0.0,0.0,0.0,0.0
ORD_0007168,CUST_00896,2023-09-08 21:00:00,Fashion,COD,Tier_3,3178.5,39.87,0,0,Delivered,,0,4,0.0,2.0,0.0,0.5
ORD_0006993,CUST_03119,2023-09-09 00:00:00,Fashion,Prepaid,Tier_1,639.84,32.8,0,0,Delivered,,0,1,0.0,0.0,0.0,0.0
ORD_0001534,CUST_00256,2023-09-09 01:00:00,Fashion,COD,Tier_3,1080.4,16.51,1,0,RTO,,1,4,0.0,1.0,0.0,0.25
ORD_0002603,CUST_03967,2023-09-09 02:00:00,Electronics,COD,Tier_2,1272.72,12.97,0,0,Delivered,,0,2,0.0,0.0,0.0,0.0
ORD_0001721,CUST_02688,2023-09-09 02:00:00,Electronics,COD,Tier_2,6333.15,3.72,0,0,Delivered,,0,1,0.0,0.0,0.0,0.0
ORD_0007087,CUST_05957,2023-09-09 04:00:00,Fashion,Prepaid,Tier_2,457.61,35.06,0,0,Delivered,,0,3,0.0,0.0,0.0,0.0
ORD_0002375,CUST_00249,2023-09-09 05:00:00,Footwear,Prepaid,Tier_3,343.4,44.06,0,0,Delivered,,0,0,0.0,0.0,0.0,0.0
ORD_0007271,CUST_00101,2023-09-09 05:00:00,Home,COD,Tier_1,1555.52,12.31,0,0,Delivered,,0,1,0.0,0.0,0.0,0.0
ORD_0002618,CUST_03931,2023-09-09 05:00:00,Fashion,Prepaid,Tier_1,1332.66,25.34,0,0,Delivered,,0,2,0.0,1.0,0.0,0.5
ORD_0001266,CUST_00460,2023-09-09 06:00:00,Footwear,COD,Tier_2,1854.77,48.27,0,1,Returned,Wrong Size,1,2,0.0,0.0,0.0,0.0
ORD_0003631,CUST_04476,2023-09-09 06:00:00,Home,Prepaid,Tier_2,1789.26,17.9,0,1,Returned,Not as Expected,1,1,0.0,0.0,0.0,0.0
ORD_0009971,CUST_05323,2023-09-09 07:00:00,Fashion,COD,Tier_1,2186.98,11.17,0,0,Delivered,,0,0,0.0,0.0,0.0,0.0
ORD_0008582,CUST_00918,2023-09-09 07:00:00,Fashion,COD,Tier_2,1334.55,8.64,0,1,Returned,Wrong Size,1,0,0.0,0.0,0.0,0.0
ORD_0008539,CUST_04753,2023-09-09 08:00:00,Fashion,COD,Tier_2,2563.63,20.04,0,1,Returned,Wrong Size,1,0,0.0,0.0,0.0,0.0
ORD_0002865,CUST_05292,2023-09-09 08:00:00,Fashion,Prepaid,Tier_2,405.42,20.56,0,0,Delivered,,0,4,0.0,1.0,0.0,0.25
ORD_0006170,CUST_03919,2023-09-09 09:00:00,Footwear,COD,Tier_2,356.47,0.66,0,0,Delivered,,0,2,0.0,1.0,0.0,0.5
ORD_0005546,CUST_04120,2023-09-09 09:00:00,Fashion,COD,Tier_1,344.69,3.73,0,0,Delivered,,0,1,0.0,1.0,0.0,1.0
ORD_0007895,CUST_05115,2023-09-09 09:00:00,Electronics,COD,Tier_2,5797.6,35.57,1,0,RTO,,1,1,0.0,0.0,0.0,0.0
ORD_0008124,CUST_03150,2023-09-09 09:00:00,Beauty,COD,Tier_1,3784.84,21.33,0,0,Delivered,,0,0,0.0,0.0,0.0,0.0
ORD_0000966,CUST_05624,2023-09-09 11:00:00,Fashion,Prepaid,Tier_1,454.57,23.94,0,0,Delivered,,0,0,0.0,0.0,0.0,0.0
ORD_0005971,CUST_03659,2023-09-09 12:00:00,Electronics,COD,Tier_2,4221.24,5.39,0,1,Returned,Wrong Size,1,2,0.0,0.0,0.0,0.0
ORD_0003188,CUST_03896,2023-09-09 14:00:00,Fashion,Prepaid,Tier_1,1713.8,32.19,0,1,Returned,Defective,1,0,0.0,0.0,0.0,0.0
ORD_0003105,CUST_05794,2023-09-09 15:00:00,Beauty,COD,Tier_3,787.41,40.87,1,0,RTO,,1,1,0.0,1.0,0.0,1.0
ORD_0000614,CUST_00597,2023-09-09 16:00:00,Footwear,Prepaid,Tier_3,379.27,15.05,1,0,RTO,,1,0,0.0,0.0,0.0,0.0
ORD_0000951,CUST_03846,2023-09-09 17:00:00,Footwear,Prepaid,Tier_3,449.36,28.15,0,0,Delivered,,0,0,0.0,0.0,0.0,0.0
ORD_0008025,CUST_00466,2023-09-09 17:00:00,Fashion,Prepaid,Tier_2,5297.95,14.45,1,0,RTO,,1,2,0.0,0.0,0.0,0.0
ORD_0006077,CUST_04205,2023-09-09 20:00:00,Footwear,Prepaid,Tier_3,2072.01,5.79,0,1,Returned,Not as Expected,1,2,1.0,0.0,0.5,0.0
ORD_0009486,CUST_01929,2023-09-09 22:00:00,Beauty,Prepaid,Tier_1,4283.25,22.27,0,0,Delivered,,0,0,0.0,0.0,0.0,0.0
ORD_0001512,CUST_01039,2023-09-09 22:00:00,Fashion,COD,Tier_2,1143.4,3.56,0,0,Delivered,,0,1,0.0,0.0,0.0,0.0
ORD_0004099,CUST_01940,2023-09-10 00:00:00,Footwear,COD,Tier_1,551.65,30.59,0,0,Delivered,,0,2,0.0,0.0,0.0,0.0
ORD_0005376,CUST_05192,2023-09-10 01:00:00,Home,COD,Tier_2,736.63,22.73,1,0,RTO,,1,2,0.0,0.0,0.0,0.0
ORD_0001956,CUST_05908,2023-09-10 02:00:00,Footwear,Prepaid,Tier_2,420.46,31.19,0,1,Returned,Wrong Size,1,3,1.0,1.0,0.3333333333333333,0.3333333333333333
ORD_0005658,CUST_05568,2023-09-10 06:00:00,Electronics,Prepaid,Tier_1,4369.98,3.65,0,0,Delivered,,0,0,0.0,0.0,0.0,0.0
ORD_0007556,CUST_00938,2023-09-10 06:00:00,Electronics,COD,Tier_2,1620.75,28.77,0,0,Delivered,,0,2,0.0,1.0,0.0,0.5
ORD_0001702,CUST_05556,2023-09-10 11:00:00,Fashion,COD,Tier_1,1532.96,36.9,1,0,RTO,,1,1,0.0,0.0,0.0,0.0
ORD_0003430,CUST_00868,2023-09-10 12:00:00,Footwear,Prepaid,Tier_2,3341.3,46.66,0,0,Delivered,,0,1,0.0,0.0,0.0,0.0
ORD_0000920,CUST_03967,2023-09-10 12:00:00,Home,Prepaid,Tier_1,3271.54,13.69,0,1,Returned,Changed Mind,1,3,0.0,0.0,0.0,0.0
ORD_0000511,CUST_05567,2023-09-10 12:00:00,Footwear,COD,Tier_1,2342.48,5.47,0,0,Delivered,,0,2,1.0,0.0,0.5,0.0
ORD_0004977,CUST_05428,2023-09-10 12:00:00,Fashion,COD,Tier_1,4045.47,38.72,0,0,Delivered,,0,2,0.0,0.0,0.0,0.0
ORD_0005598,CUST_01809,2023-09-10 14:00:00,Electronics,Prepaid,Tier_1,322.68,4.32,0,0,Delivered,,0,1,0.0,0.0,0.0,0.0
ORD_0007178,CUST_03174,2023-09-10 14:00:00,Fashion,COD,Tier_3,651.19,14.09,0,0,Delivered,,0,3,0.0,1.0,0.0,0.3333333333333333
ORD_0002893,CUST_04461,2023-09-10 16:00:00,Beauty,COD,Tier_2,314.4,5.78,1,0,RTO,,1,3,0.0,1.0,0.0,0.3333333333333333
ORD_0000689,CUST_02711,2023-09-10 16:00:00,Electronics,COD,Tier_2,1371.31,18.06,0,0,Delivered,,0,1,0.0,0.0,0.0,0.0
ORD_0004933,CUST_01075,2023-09-10 17:00:00,Fashion,COD,Tier_3,3098.65,38.34,0,0,Delivered,,0,1,0.0,1.0,0.0,1.0
ORD_0003929,CUST_02541,2023-09-10 18:00:00,Fashion,Prepaid,Tier_2,2319.22,32.5,0,0,Delivered,,0,1,0.0,0.0,0.0,0.0
ORD_0008955,CUST_03968,2023-09-10 19:00:00,Fashion,COD,Tier_3,2258.76,47.81,1,0,RTO,,1,1,1.0,0.0,1.0,0.0
ORD_0000498,CUST_01827,2023-09-10 19:00:00,Footwear,COD,Tier_2,1433.06,26.04,0,0,Delivered,,0,1,0.0,0.0,0.0,0.0
ORD_0004013,CUST_05901,2023-09-10 23:00:00,Fashion,Prepaid,Tier_1,735.42,25.37,1,0,RTO,,1,3,1.0,0.0,0.3333333333333333,0.0
ORD_0006416,CUST_00075,2023-09-10 23:00:00,Fashion,Prepaid,Tier_1,477.11,14.25,0,0,Delivered,,0,1,0.0,0.0,0.0,0.0
ORD_0005295,CUST_05114,2023-09-11 00:00:00,Footwear,COD,Tier_2,1310.07,7.61,0,0,Delivered,,0,0,0.0,0.0,0.0,0.0
ORD_0008063,CUST_03184,2023-09-11 00:00:00,Fashion,COD,Tier_3,393.12,16.8,0,0,Delivered,,0,4,1.0,0.0,0.25,0.0
ORD_0000526,CUST_02570,2023-09-11 00:00:00,Home,COD,Tier_3,627.81,44.21,0,0,Delivered,,0,2,0.0,0.0,0.0,0.0
ORD_0002288,CUST_04539,2023-09-11 00:00:00,Fashion,COD,Tier_3,1814.16,22.09,1,0,RTO,,1,0,0.0,0.0,0.0,0.0
ORD_0006378,CUST_01451,2023-09-11 01:00:00,Fashion,COD,Tier_3,833.86,48.57,0,0,Delivered,,0,0,0.0,0.0,0.0,0.0
ORD_0004873,CUST_04011,2023-09-11 01:00:00,Fashion,Prepaid,Tier_2,1543.81,47.05,0,0,Delivered,,0,1,0.0,0.0,0.0,0.0
ORD_0008723,CUST_04313,2023-09-11 03:00:00,Electronics,COD,Tier_2,439.32,21.7,0,1,Returned,Defective,1,2,0.0,0.0,0.0,0.0
ORD_0003982,CUST_04644,2023-09-11 05:00:00,Electronics,COD,Tier_3,1612.64,38.79,0,0,Delivered,,0,1,0.0,0.0,0.0,0.0
ORD_0000350,CUST_01927,2023-09-11 05:00:00,Fashion,COD,Tier_1,4065.44,19.35,0,0,Delivered,,0,0,0.0,0.0,0.0,0.0
ORD_0008078,CUST_00889,2023-09-11 08:00:00,Electronics,Prepaid,Tier_2,1647.99,38.79,0,0,Delivered,,0,1,0.0,0.0,0.0,0.0
ORD_0008695,CUST_01205,2023-09-11 09:00:00,Fashion,COD,Tier_2,1897.34,10.57,0,0,Delivered,,0,0,0.0,0.0,0.0,0.0
ORD_0003720,CUST_00519,2023-09-11 09:00:00,Footwear,Prepaid,Tier_3,2861.45,44.83,0,0,Delivered,,0,4,0.0,0.0,0.0,0.0
ORD_0002196,CUST_00615,2023-09-11 10:00:00,Fashion,COD,Tier_2,374.33,29.17,0,0,Delivered,,0,3,0.0,1.0,0.0,0.3333333333333333
ORD_0008104,CUST_05445,2023-09-11 11:00:00,Footwear,COD,Tier_2,890.71,20.93,0,1,Returned,Wrong Size,1,0,0.0,0.0,0.0,0.0
ORD_0006944,CUST_03860,2023-09-11 11:00:00,Footwear,COD,Tier_1,593.42,10.26,0,1,Returned,Wrong Size,1,1,0.0,0.0,0.0,0.0
ORD_0002208,CUST_03590,2023-09-11 12:00:00,Home,Prepaid,Tier_2,537.59,25.91,0,0,Delivered,,0,2,1.0,1.0,0.5,0.5
ORD_0008453,CUST_00803,2023-09-11 13:00:00,Fashion,COD,Tier_2,2417.88,21.02,0,0,Delivered,,0,1,0.0,0.0,0.0,0.0
ORD_0000416,CUST_01274,2023-09-11 13:00:00,Fashion,COD,Tier_2,519.34,14.5,0,0,Delivered,,0,2,0.0,0.0,0.0,0.0
ORD_0008349,CUST_01295,2023-09-11 14:00:00,Electronics,COD,Tier_3,639.03,38.64,1,0,RTO,,1,2,1.0,0.0,0.5,0.0
ORD_0006040,CUST_02893,2023-09-11 15:00:00,Fashion,Prepaid,Tier_1,2775.06,6.31,0,1,Returned,Wrong Size,1,2,0.0,1.0,0.0,0.5
ORD_0008729,CUST_04411,2023-09-11 15:00:00,Fashion,Prepaid,Tier_2,313.06,5.09,0,0,Delivered,,0,2,0.0,0.0,0.0,0.0
ORD_0000287,CUST_04394,2023-09-11 16:00:00,Footwear,COD,Tier_2,1370.61,45.19,1,0,RTO,,1,1,0.0,0.0,0.0,0.0
ORD_0004582,CUST_01215,2023-09-11 16:00:00,Fashion,Prepaid,Tier_1,507.44,18.8,1,0,RTO,,1,1,0.0,0.0,0.0,0.0
ORD_0002719,CUST_01332,2023-09-11 17:00:00,Home,COD,Tier_1,4747.52,12.85,0,0,Delivered,,0,2,0.0,1.0,0.0,0.5
ORD_0003025,CUST_05699,2023-09-11 18:00:00,Footwear,Prepaid,Tier_3,4357.01,31.18,1,0,RTO,,1,2,0.0,0.0,0.0,0.0
ORD_0001148,CUST_00963,2023-09-11 19:00:00,Electronics,COD,Tier_2,2184.21,41.89,1,0,RTO,,1,1,0.0,0.0,0.0,0.0
ORD_0000126,CUST_02153,2023-09-11 21:00:00,Fashion,Prepaid,Tier_1,302.15,22.56,0,0,Delivered,,0,1,0.0,0.0,0.0,0.0
ORD_0008404,CUST_00911,2023-09-11 21:00:00,Home,COD,Tier_3,2034.36,1.77,0,0,Delivered,,0,1,0.0,0.0,0.0,0.0
ORD_0004952,CUST_05423,2023-09-11 23:00:00,Fashion,Prepaid,Tier_3,1067.03,33.0,0,0,Delivered,,0,4,1.0,1.0,0.25,0.25
ORD_0007730,CUST_01685,2023-09-11 23:00:00,Electronics,COD,Tier_3,1778.41,1.74,0,0,Delivered,,0,0,0.0,0.0,0.0,0.0
ORD_0003192,CUST_05607,2023-09-12 00:00:00,Home,COD,Tier_2,1243.13,33.08,0,0,Delivered,,0,2,0.0,0.0,0.0,0.0
ORD_0006286,CUST_03994,2023-09-12 00:00:00,Footwear,COD,Tier_1,617.6,17.83,0,0,Delivered,,0,2,1.0,0.0,0.5,0.0
ORD_0004804,CUST_04574,2023-09-12 03:00:00,Footwear,Prepaid,Tier_1,1327.98,20.56,0,0,Delivered,,0,1,0.0,0.0,0.0,0.0
ORD_0007901,CUST_04142,2023-09-12 04:00:00,Fashion,COD,Tier_1,2203.05,42.54,0,0,Delivered,,0,1,0.0,1.0,0.0,1.0
ORD_0007627,CUST_02114,2023-09-12 06:00:00,Fashion,Prepaid,Tier_1,359.84,39.37,0,0,Delivered,,0,0,0.0,0.0,0.0,0.0
ORD_0009172,CUST_04027,2023-09-12 06:00:00,Electronics,Prepaid,Tier_2,892.94,38.01,0,0,Delivered,,0,0,0.0,0.0,0.0,0.0
ORD_0006826,CUST_03126,2023-09-12 09:00:00,Fashion,Prepaid,Tier_1,1509.66,5.51,0,0,Delivered,,0,3,0.0,1.0,0.0,0.3333333333333333
ORD_0006904,CUST_00922,2023-09-12 10:00:00,Footwear,Prepaid,Tier_3,1705.78,28.03,0,0,Delivered,,0,2,0.0,0.0,0.0,0.0
ORD_0001899,CUST_01159,2023-09-12 10:00:00,Fashion,COD,Tier_2,611.54,0.61,0,0,Delivered,,0,1,0.0,0.0,0.0,0.0
ORD_0005761,CUST_03101,2023-09-12 11:00:00,Fashion,Prepaid,Tier_3,2183.15,48.17,0,1,Returned,Wrong Size,1,0,0.0,0.0,0.0,0.0
ORD_0001124,CUST_01668,2023-09-12 12:00:00,Home,COD,Tier_1,1301.35,46.06,1,0,RTO,,1,1,0.0,0.0,0.0,0.0
ORD_0005512,CUST_02718,2023-09-12 14:00:00,Electronics,COD,Tier_2,495.39,2.21,1,0,RTO,,1,2,0.0,1.0,0.0,0.5
ORD_0003914,CUST_00685,2023-09-12 16:00:00,Home,COD,Tier_3,390.75,2.82,1,0,RTO,,1,1,0.0,0.0,0.0,0.0
ORD_0002141,CUST_05300,2023-09-12 16:00:00,Fashion,COD,Tier_3,2132.51,0.39,0,0,Delivered,,0,1,0.0,0.0,0.0,0.0
ORD_0002229,CUST_04338,2023-09-12 18:00:00,Electronics,COD,Tier_2,697.98,13.26,1,0,RTO,,1,1,0.0,0.0,0.0,0.0
ORD_0000620,CUST_05885,2023-09-12 20:00:00,Beauty,COD,Tier_3,3225.43,33.01,1,0,RTO,,1,2,0.0,2.0,0.0,1.0
ORD_0002237,CUST_00213,2023-09-12 21:00:00,Footwear,Prepaid,Tier_3,956.52,22.47,0,0,Delivered,,0,1,0.0,0.0,0.0,0.0
ORD_0007828,CUST_04722,2023-09-12 21:00:00,Footwear,COD,Tier_2,753.71,44.23,0,1,Returned,Changed Mind,1,0,0.0,0.0,0.0,0.0
ORD_0004674,CUST_03252,2023-09-12 22:00:00,Fashion,COD,Tier_2,1735.94,0.71,1,0,RTO,,1,2,0.0,0.0,0.0,0.0
ORD_0001207,CUST_05437,2023-09-12 22:00:00,Fashion,COD,Tier_3,632.38,37.85,0,0,Delivered,,0,0,0.0,0.0,0.0,0.0
ORD_0007302,CUST_05352,2023-09-12 22:00:00,Fashion,COD,Tier_2,1079.25,15.95,0,0,Delivered,,0,0,0.0,0.0,0.0,0.0
ORD_0002597,CUST_05906,2023-09-13 00:00:00,Beauty,COD,Tier_1,1933.01,18.83,0,0,Delivered,,0,2,0.0,1.0,0.0,0.5
ORD_0004881,CUST_03515,2023-09-13 00:00:00,Fashion,COD,Tier_2,1088.07,42.83,0,0,Delivered,,0,1,0.0,0.0,0.0,0.0
ORD_0005349,CUST_05048,2023-09-13 00:00:00,Electronics,Prepaid,Tier_2,2836.01,45.09,0,0,Delivered,,0,0,0.0,0.0,0.0,0.0
ORD_0006184,CUST_05647,2023-09-13 01:00:00,Fashion,COD,Tier_1,2413.77,9.5,0,0,Delivered,,0,1,1.0,0.0,1.0,0.0
ORD_0002532,CUST_00898,2023-09-13 01:00:00,Electronics,Prepaid,Tier_1,565.46,17.96,0,0,Delivered,,0,0,0.0,0.0,0.0,0.0
